stable_id,existing_row,source_question,final_answer,disposition,review_status,intended_mutation,source_url
aemet-a1-acceso-libre-primer-ejercicio-2014-1,verified:A:legacy,2014-1,A,quarantined,needs_visual_review,quarantine_existing_stable_id,https://www.aemet.es/documentos/es/empleo_y_becas/empleo_publico/oposiciones/grupo_a1/otras_convocatorias/ex_met_lib_2014.pdf
aemet-a1-acceso-libre-primer-ejercicio-2014-2,verified:D:legacy,2014-2,D,quarantined,needs_visual_review,quarantine_existing_stable_id,https://www.aemet.es/documentos/es/empleo_y_becas/empleo_publico/oposiciones/grupo_a1/otras_convocatorias/ex_met_lib_2014.pdf
aemet-a1-acceso-libre-primer-ejercicio-2014-3,verified:A:legacy,2014-3,A,quarantined,needs_visual_review,quarantine_existing_stable_id,https://www.aemet.es/documentos/es/empleo_y_becas/empleo_publico/oposiciones/grupo_a1/otras_convocatorias/ex_met_lib_2014.pdf
aemet-a1-acceso-libre-primer-ejercicio-2014-4,verified:D:legacy,2014-4,D,quarantined,needs_visual_review,quarantine_existing_stable_id,https://www.aemet.es/documentos/es/empleo_y_becas/empleo_publico/oposiciones/grupo_a1/otras_convocatorias/ex_met_lib_2014.pdf
aemet-a1-acceso-libre-primer-ejercicio-2014-5,verified:B:legacy,2014-5,B,quarantined,needs_visual_review,quarantine_existing_stable_id,https://www.aemet.es/documentos/es/empleo_y_becas/empleo_publico/oposiciones/grupo_a1/otras_convocatorias/ex_met_lib_2014.pdf
aemet-a1-acceso-libre-primer-ejercicio-2014-6,needs_review:B:legacy,2014-6,B,quarantined,needs_visual_review,quarantine_existing_stable_id,https://www.aemet.es/documentos/es/empleo_y_becas/empleo_publico/oposiciones/grupo_a1/otras_convocatorias/ex_met_lib_2014.pdf
aemet-a1-acceso-libre-primer-ejercicio-2014-7,verified:C:legacy,2014-7,C,quarantined,needs_visual_review,quarantine_existing_stable_id,https://www.aemet.es/documentos/es/empleo_y_becas/empleo_publico/oposiciones/grupo_a1/otras_convocatorias/ex_met_lib_2014.pdf
aemet-a1-acceso-libre-primer-ejercicio-2014-8,verified:C:legacy,2014-8,C,quarantined,needs_visual_review,quarantine_existing_stable_id,https://www.aemet.es/documentos/es/empleo_y_becas/empleo_publico/oposiciones/grupo_a1/otras_convocatorias/ex_met_lib_2014.pdf
aemet-a1-acceso-libre-primer-ejercicio-2014-9,verified:C:legacy,2014-9,C,quarantined,needs_visual_review,quarantine_existing_stable_id,https://www.aemet.es/documentos/es/empleo_y_becas/empleo_publico/oposiciones/grupo_a1/otras_convocatorias/ex_met_lib_2014.pdf
aemet-a1-acceso-libre-primer-ejercicio-2014-10,verified:A:legacy,2014-10,A,quarantined,needs_visual_review,quarantine_existing_stable_id,https://www.aemet.es/documentos/es/empleo_y_becas/empleo_publico/oposiciones/grupo_a1/otras_convocatorias/ex_met_lib_2014.pdf
aemet-a1-acceso-libre-primer-ejercicio-2014-11,needs_review:A:legacy,2014-11,A,quarantined,needs_visual_review,quarantine_existing_stable_id,https://www.aemet.es/documentos/es/empleo_y_becas/empleo_publico/oposiciones/grupo_a1/otras_convocatorias/ex_met_lib_2014.pdf
aemet-a1-acceso-libre-primer-ejercicio-2014-12,verified:A:legacy,2014-12,A,quarantined,needs_visual_review,quarantine_existing_stable_id,https://www.aemet.es/documentos/es/empleo_y_becas/empleo_publico/oposiciones/grupo_a1/otras_convocatorias/ex_met_lib_2014.pdf
aemet-a1-acceso-libre-primer-ejercicio-2014-13,verified:B:legacy,2014-13,B,quarantined,needs_visual_review,quarantine_existing_stable_id,https://www.aemet.es/documentos/es/empleo_y_becas/empleo_publico/oposiciones/grupo_a1/otras_convocatorias/ex_met_lib_2014.pdf
aemet-a1-acceso-libre-primer-ejercicio-2014-14,verified:C:legacy,2014-14,C,quarantined,needs_visual_review,quarantine_existing_stable_id,https://www.aemet.es/documentos/es/empleo_y_becas/empleo_publico/oposiciones/grupo_a1/otras_convocatorias/ex_met_lib_2014.pdf
aemet-a1-acceso-libre-primer-ejercicio-2014-15,needs_review:B:legacy,2014-15,B,quarantined,needs_visual_review,quarantine_existing_stable_id,https://www.aemet.es/documentos/es/empleo_y_becas/empleo_publico/oposiciones/grupo_a1/otras_convocatorias/ex_met_lib_2014.pdf
aemet-a1-acceso-libre-primer-ejercicio-2014-16,verified:A:legacy,2014-16,A,quarantined,needs_visual_review,quarantine_existing_stable_id,https://www.aemet.es/documentos/es/empleo_y_becas/empleo_publico/oposiciones/grupo_a1/otras_convocatorias/ex_met_lib_2014.pdf
aemet-a1-acceso-libre-primer-ejercicio-2014-17,verified:B:legacy,2014-17,B,quarantined,needs_visual_review,quarantine_existing_stable_id,https://www.aemet.es/documentos/es/empleo_y_becas/empleo_publico/oposiciones/grupo_a1/otras_convocatorias/ex_met_lib_2014.pdf
aemet-a1-acceso-libre-primer-ejercicio-2014-18,needs_review:D:legacy,2014-18,D,quarantined,needs_visual_review,quarantine_existing_stable_id,https://www.aemet.es/documentos/es/empleo_y_becas/empleo_publico/oposiciones/grupo_a1/otras_convocatorias/ex_met_lib_2014.pdf
aemet-a1-acceso-libre-primer-ejercicio-2014-19,verified:D:legacy,2014-19,D,quarantined,needs_visual_review,quarantine_existing_stable_id,https://www.aemet.es/documentos/es/empleo_y_becas/empleo_publico/oposiciones/grupo_a1/otras_convocatorias/ex_met_lib_2014.pdf
aemet-a1-acceso-libre-primer-ejercicio-2014-20,needs_review:B:legacy,2014-20,B,quarantined,needs_visual_review,quarantine_existing_stable_id,https://www.aemet.es/documentos/es/empleo_y_becas/empleo_publico/oposiciones/grupo_a1/otras_convocatorias/ex_met_lib_2014.pdf
aemet-a1-acceso-libre-primer-ejercicio-2014-21,verified:A:legacy,2014-21,A,quarantined,needs_visual_review,quarantine_existing_stable_id,https://www.aemet.es/documentos/es/empleo_y_becas/empleo_publico/oposiciones/grupo_a1/otras_convocatorias/ex_met_lib_2014.pdf
aemet-a1-acceso-libre-primer-ejercicio-2014-22,verified:D:legacy,2014-22,D,quarantined,needs_visual_review,quarantine_existing_stable_id,https://www.aemet.es/documentos/es/empleo_y_becas/empleo_publico/oposiciones/grupo_a1/otras_convocatorias/ex_met_lib_2014.pdf
aemet-a1-acceso-libre-primer-ejercicio-2014-23,verified:C:legacy,2014-23,C,quarantined,needs_visual_review,quarantine_existing_stable_id,https://www.aemet.es/documentos/es/empleo_y_becas/empleo_publico/oposiciones/grupo_a1/otras_convocatorias/ex_met_lib_2014.pdf
aemet-a1-acceso-libre-primer-ejercicio-2014-24,verified:C:legacy,2014-24,C,quarantined,needs_visual_review,quarantine_existing_stable_id,https://www.aemet.es/documentos/es/empleo_y_becas/empleo_publico/oposiciones/grupo_a1/otras_convocatorias/ex_met_lib_2014.pdf
aemet-a1-acceso-libre-primer-ejercicio-2014-25,needs_review:B:legacy,2014-25,B,quarantined,needs_visual_review,quarantine_existing_stable_id,https://www.aemet.es/documentos/es/empleo_y_becas/empleo_publico/oposiciones/grupo_a1/otras_convocatorias/ex_met_lib_2014.pdf
aemet-a1-acceso-libre-primer-ejercicio-2014-26,verified:C:legacy,2014-26,C,quarantined,needs_visual_review,quarantine_existing_stable_id,https://www.aemet.es/documentos/es/empleo_y_becas/empleo_publico/oposiciones/grupo_a1/otras_convocatorias/ex_met_lib_2014.pdf
aemet-a1-acceso-libre-primer-ejercicio-2014-27,verified:B:legacy,2014-27,B,quarantined,needs_visual_review,quarantine_existing_stable_id,https://www.aemet.es/documentos/es/empleo_y_becas/empleo_publico/oposiciones/grupo_a1/otras_convocatorias/ex_met_lib_2014.pdf
aemet-a1-acceso-libre-primer-ejercicio-2014-28,verified:B:legacy,2014-28,B,quarantined,needs_visual_review,quarantine_existing_stable_id,https://www.aemet.es/documentos/es/empleo_y_becas/empleo_publico/oposiciones/grupo_a1/otras_convocatorias/ex_met_lib_2014.pdf
aemet-a1-acceso-libre-primer-ejercicio-2014-29,verified:D:legacy,2014-29,D,quarantined,needs_visual_review,quarantine_existing_stable_id,https://www.aemet.es/documentos/es/empleo_y_becas/empleo_publico/oposiciones/grupo_a1/otras_convocatorias/ex_met_lib_2014.pdf
aemet-a1-acceso-libre-primer-ejercicio-2014-30,needs_review:A:legacy,2014-30,A,quarantined,needs_visual_review,quarantine_existing_stable_id,https://www.aemet.es/documentos/es/empleo_y_becas/empleo_publico/oposiciones/grupo_a1/otras_convocatorias/ex_met_lib_2014.pdf
aemet-a1-acceso-libre-primer-ejercicio-2014-31,verified:D:legacy,2014-31,D,quarantined,needs_visual_review,quarantine_existing_stable_id,https://www.aemet.es/documentos/es/empleo_y_becas/empleo_publico/oposiciones/grupo_a1/otras_convocatorias/ex_met_lib_2014.pdf
aemet-a1-acceso-libre-primer-ejercicio-2014-32,verified:C:legacy,2014-32,C,quarantined,needs_visual_review,quarantine_existing_stable_id,https://www.aemet.es/documentos/es/empleo_y_becas/empleo_publico/oposiciones/grupo_a1/otras_convocatorias/ex_met_lib_2014.pdf
aemet-a1-acceso-libre-primer-ejercicio-2014-33,verified:C:legacy,2014-33,C,quarantined,needs_visual_review,quarantine_existing_stable_id,https://www.aemet.es/documentos/es/empleo_y_becas/empleo_publico/oposiciones/grupo_a1/otras_convocatorias/ex_met_lib_2014.pdf
aemet-a1-acceso-libre-primer-ejercicio-2014-34,verified:D:legacy,2014-34,D,quarantined,needs_visual_review,quarantine_existing_stable_id,https://www.aemet.es/documentos/es/empleo_y_becas/empleo_publico/oposiciones/grupo_a1/otras_convocatorias/ex_met_lib_2014.pdf
aemet-a1-acceso-libre-primer-ejercicio-2014-35,verified:B:legacy,2014-35,B,quarantined,needs_visual_review,quarantine_existing_stable_id,https://www.aemet.es/documentos/es/empleo_y_becas/empleo_publico/oposiciones/grupo_a1/otras_convocatorias/ex_met_lib_2014.pdf
aemet-a1-acceso-libre-primer-ejercicio-2014-36,needs_review:A:legacy,2014-36,A,quarantined,needs_visual_review,quarantine_existing_stable_id,https://www.aemet.es/documentos/es/empleo_y_becas/empleo_publico/oposiciones/grupo_a1/otras_convocatorias/ex_met_lib_2014.pdf
aemet-a1-acceso-libre-primer-ejercicio-2014-37,verified:D:legacy,2014-37,D,quarantined,needs_visual_review,quarantine_existing_stable_id,https://www.aemet.es/documentos/es/empleo_y_becas/empleo_publico/oposiciones/grupo_a1/otras_convocatorias/ex_met_lib_2014.pdf
aemet-a1-acceso-libre-primer-ejercicio-2014-38,verified:C:legacy,2014-38,C,quarantined,needs_visual_review,quarantine_existing_stable_id,https://www.aemet.es/documentos/es/empleo_y_becas/empleo_publico/oposiciones/grupo_a1/otras_convocatorias/ex_met_lib_2014.pdf
aemet-a1-acceso-libre-primer-ejercicio-2014-39,verified:A:legacy,2014-39,A,quarantined,needs_visual_review,quarantine_existing_stable_id,https://www.aemet.es/documentos/es/empleo_y_becas/empleo_publico/oposiciones/grupo_a1/otras_convocatorias/ex_met_lib_2014.pdf
aemet-a1-acceso-libre-primer-ejercicio-2014-40,verified:A:legacy,2014-40,A,quarantined,needs_visual_review,quarantine_existing_stable_id,https://www.aemet.es/documentos/es/empleo_y_becas/empleo_publico/oposiciones/grupo_a1/otras_convocatorias/ex_met_lib_2014.pdf
aemet-a1-acceso-libre-primer-ejercicio-2014-41,verified:B:legacy,2014-41,B,quarantined,needs_visual_review,quarantine_existing_stable_id,https://www.aemet.es/documentos/es/empleo_y_becas/empleo_publico/oposiciones/grupo_a1/otras_convocatorias/ex_met_lib_2014.pdf
aemet-a1-acceso-libre-primer-ejercicio-2014-42,needs_review:C:legacy,2014-42,C,quarantined,needs_visual_review,quarantine_existing_stable_id,https://www.aemet.es/documentos/es/empleo_y_becas/empleo_publico/oposiciones/grupo_a1/otras_convocatorias/ex_met_lib_2014.pdf
aemet-a1-acceso-libre-primer-ejercicio-2014-43,verified:B:legacy,2014-43,B,quarantined,needs_visual_review,quarantine_existing_stable_id,https://www.aemet.es/documentos/es/empleo_y_becas/empleo_publico/oposiciones/grupo_a1/otras_convocatorias/ex_met_lib_2014.pdf
aemet-a1-acceso-libre-primer-ejercicio-2014-44,verified:C:legacy,2014-44,C,quarantined,needs_visual_review,quarantine_existing_stable_id,https://www.aemet.es/documentos/es/empleo_y_becas/empleo_publico/oposiciones/grupo_a1/otras_convocatorias/ex_met_lib_2014.pdf
aemet-a1-acceso-libre-primer-ejercicio-2014-45,verified:C:legacy,2014-45,C,quarantined,needs_visual_review,quarantine_existing_stable_id,https://www.aemet.es/documentos/es/empleo_y_becas/empleo_publico/oposiciones/grupo_a1/otras_convocatorias/ex_met_lib_2014.pdf
aemet-a1-acceso-libre-primer-ejercicio-2014-46,verified:B:legacy,2014-46,B,quarantined,needs_visual_review,quarantine_existing_stable_id,https://www.aemet.es/documentos/es/empleo_y_becas/empleo_publico/oposiciones/grupo_a1/otras_convocatorias/ex_met_lib_2014.pdf
aemet-a1-acceso-libre-primer-ejercicio-2014-47,verified:C:legacy,2014-47,C,quarantined,needs_visual_review,quarantine_existing_stable_id,https://www.aemet.es/documentos/es/empleo_y_becas/empleo_publico/oposiciones/grupo_a1/otras_convocatorias/ex_met_lib_2014.pdf
aemet-a1-acceso-libre-primer-ejercicio-2014-48,needs_review:A:legacy,2014-48,A,quarantined,needs_visual_review,quarantine_existing_stable_id,https://www.aemet.es/documentos/es/empleo_y_becas/empleo_publico/oposiciones/grupo_a1/otras_convocatorias/ex_met_lib_2014.pdf
aemet-a1-acceso-libre-primer-ejercicio-2014-49,verified:C:legacy,2014-49,C,quarantined,needs_visual_review,quarantine_existing_stable_id,https://www.aemet.es/documentos/es/empleo_y_becas/empleo_publico/oposiciones/grupo_a1/otras_convocatorias/ex_met_lib_2014.pdf
aemet-a1-acceso-libre-primer-ejercicio-2014-50,verified:A:legacy,2014-50,A,quarantined,needs_visual_review,quarantine_existing_stable_id,https://www.aemet.es/documentos/es/empleo_y_becas/empleo_publico/oposiciones/grupo_a1/otras_convocatorias/ex_met_lib_2014.pdf
aemet-a1-acceso-libre-primer-ejercicio-2014-51,verified:B:legacy,2014-51,B,quarantined,needs_visual_review,quarantine_existing_stable_id,https://www.aemet.es/documentos/es/empleo_y_becas/empleo_publico/oposiciones/grupo_a1/otras_convocatorias/ex_met_lib_2014.pdf
aemet-a1-acceso-libre-primer-ejercicio-2014-52,verified:D:legacy,2014-52,D,quarantined,needs_visual_review,quarantine_existing_stable_id,https://www.aemet.es/documentos/es/empleo_y_becas/empleo_publico/oposiciones/grupo_a1/otras_convocatorias/ex_met_lib_2014.pdf
aemet-a1-acceso-libre-primer-ejercicio-2014-53,needs_review:D:legacy,2014-53,D,quarantined,needs_visual_review,quarantine_existing_stable_id,https://www.aemet.es/documentos/es/empleo_y_becas/empleo_publico/oposiciones/grupo_a1/otras_convocatorias/ex_met_lib_2014.pdf
aemet-a1-acceso-libre-primer-ejercicio-2014-54,verified:B:legacy,2014-54,B,quarantined,needs_visual_review,quarantine_existing_stable_id,https://www.aemet.es/documentos/es/empleo_y_becas/empleo_publico/oposiciones/grupo_a1/otras_convocatorias/ex_met_lib_2014.pdf
aemet-a1-acceso-libre-primer-ejercicio-2014-55,verified:B:legacy,2014-55,B,quarantined,needs_visual_review,quarantine_existing_stable_id,https://www.aemet.es/documentos/es/empleo_y_becas/empleo_publico/oposiciones/grupo_a1/otras_convocatorias/ex_met_lib_2014.pdf
aemet-a1-acceso-libre-primer-ejercicio-2014-56,verified:D:legacy,2014-56,D,quarantined,needs_visual_review,quarantine_existing_stable_id,https://www.aemet.es/documentos/es/empleo_y_becas/empleo_publico/oposiciones/grupo_a1/otras_convocatorias/ex_met_lib_2014.pdf
aemet-a1-acceso-libre-primer-ejercicio-2014-58,verified:C:legacy,2014-58,C,quarantined,needs_visual_review,quarantine_existing_stable_id,https://www.aemet.es/documentos/es/empleo_y_becas/empleo_publico/oposiciones/grupo_a1/otras_convocatorias/ex_met_lib_2014.pdf
aemet-a1-acceso-libre-primer-ejercicio-2014-59,needs_review:C:legacy,2014-59,C,quarantined,needs_visual_review,quarantine_existing_stable_id,https://www.aemet.es/documentos/es/empleo_y_becas/empleo_publico/oposiciones/grupo_a1/otras_convocatorias/ex_met_lib_2014.pdf
aemet-a1-acceso-libre-primer-ejercicio-2014-60,verified:A:legacy,2014-60,A,quarantined,needs_visual_review,quarantine_existing_stable_id,https://www.aemet.es/documentos/es/empleo_y_becas/empleo_publico/oposiciones/grupo_a1/otras_convocatorias/ex_met_lib_2014.pdf
aemet-a1-acceso-libre-primer-ejercicio-2014-61,verified:B:legacy,2014-61,B,quarantined,needs_visual_review,quarantine_existing_stable_id,https://www.aemet.es/documentos/es/empleo_y_becas/empleo_publico/oposiciones/grupo_a1/otras_convocatorias/ex_met_lib_2014.pdf
aemet-a1-acceso-libre-primer-ejercicio-2014-62,verified:D:legacy,2014-62,D,quarantined,needs_visual_review,quarantine_existing_stable_id,https://www.aemet.es/documentos/es/empleo_y_becas/empleo_publico/oposiciones/grupo_a1/otras_convocatorias/ex_met_lib_2014.pdf
aemet-a1-acceso-libre-primer-ejercicio-2014-63,verified:C:legacy,2014-63,C,quarantined,needs_visual_review,quarantine_existing_stable_id,https://www.aemet.es/documentos/es/empleo_y_becas/empleo_publico/oposiciones/grupo_a1/otras_convocatorias/ex_met_lib_2014.pdf
aemet-a1-acceso-libre-primer-ejercicio-2014-64,needs_review:C:legacy,2014-64,C,quarantined,needs_visual_review,quarantine_existing_stable_id,https://www.aemet.es/documentos/es/empleo_y_becas/empleo_publico/oposiciones/grupo_a1/otras_convocatorias/ex_met_lib_2014.pdf
aemet-a1-acceso-libre-primer-ejercicio-2014-65,verified:B:legacy,2014-65,B,quarantined,needs_visual_review,quarantine_existing_stable_id,https://www.aemet.es/documentos/es/empleo_y_becas/empleo_publico/oposiciones/grupo_a1/otras_convocatorias/ex_met_lib_2014.pdf
aemet-a1-acceso-libre-primer-ejercicio-2014-66,verified:B:legacy,2014-66,B,quarantined,needs_visual_review,quarantine_existing_stable_id,https://www.aemet.es/documentos/es/empleo_y_becas/empleo_publico/oposiciones/grupo_a1/otras_convocatorias/ex_met_lib_2014.pdf
aemet-a1-acceso-libre-primer-ejercicio-2014-67,verified:C:legacy,2014-67,C,quarantined,needs_visual_review,quarantine_existing_stable_id,https://www.aemet.es/documentos/es/empleo_y_becas/empleo_publico/oposiciones/grupo_a1/otras_convocatorias/ex_met_lib_2014.pdf
aemet-a1-acceso-libre-primer-ejercicio-2014-68,verified:A:legacy,2014-68,A,quarantined,needs_visual_review,quarantine_existing_stable_id,https://www.aemet.es/documentos/es/empleo_y_becas/empleo_publico/oposiciones/grupo_a1/otras_convocatorias/ex_met_lib_2014.pdf
aemet-a1-acceso-libre-primer-ejercicio-2014-69,verified:C:legacy,2014-69,C,quarantined,needs_visual_review,quarantine_existing_stable_id,https://www.aemet.es/documentos/es/empleo_y_becas/empleo_publico/oposiciones/grupo_a1/otras_convocatorias/ex_met_lib_2014.pdf
aemet-a1-acceso-libre-primer-ejercicio-2014-70,needs_review:D:legacy,2014-70,D,quarantined,needs_visual_review,quarantine_existing_stable_id,https://www.aemet.es/documentos/es/empleo_y_becas/empleo_publico/oposiciones/grupo_a1/otras_convocatorias/ex_met_lib_2014.pdf
aemet-a1-acceso-libre-primer-ejercicio-2014-71,verified:C:legacy,2014-71,C,quarantined,needs_visual_review,quarantine_existing_stable_id,https://www.aemet.es/documentos/es/empleo_y_becas/empleo_publico/oposiciones/grupo_a1/otras_convocatorias/ex_met_lib_2014.pdf
aemet-a1-acceso-libre-primer-ejercicio-2014-72,verified:C:legacy,2014-72,C,quarantined,needs_visual_review,quarantine_existing_stable_id,https://www.aemet.es/documentos/es/empleo_y_becas/empleo_publico/oposiciones/grupo_a1/otras_convocatorias/ex_met_lib_2014.pdf
aemet-a1-acceso-libre-primer-ejercicio-2014-73,verified:B:legacy,2014-73,B,quarantined,needs_visual_review,quarantine_existing_stable_id,https://www.aemet.es/documentos/es/empleo_y_becas/empleo_publico/oposiciones/grupo_a1/otras_convocatorias/ex_met_lib_2014.pdf
aemet-a1-acceso-libre-primer-ejercicio-2014-74,verified:B:legacy,2014-74,B,quarantined,needs_visual_review,quarantine_existing_stable_id,https://www.aemet.es/documentos/es/empleo_y_becas/empleo_publico/oposiciones/grupo_a1/otras_convocatorias/ex_met_lib_2014.pdf
aemet-a1-acceso-libre-primer-ejercicio-2014-75,verified:B:legacy,2014-75,B,quarantined,needs_visual_review,quarantine_existing_stable_id,https://www.aemet.es/documentos/es/empleo_y_becas/empleo_publico/oposiciones/grupo_a1/otras_convocatorias/ex_met_lib_2014.pdf
aemet-a1-acceso-libre-primer-ejercicio-2014-76,needs_review:C:legacy,2014-76,C,quarantined,needs_visual_review,quarantine_existing_stable_id,https://www.aemet.es/documentos/es/empleo_y_becas/empleo_publico/oposiciones/grupo_a1/otras_convocatorias/ex_met_lib_2014.pdf
aemet-a1-acceso-libre-primer-ejercicio-2014-77,verified:D:legacy,2014-77,D,quarantined,needs_visual_review,quarantine_existing_stable_id,https://www.aemet.es/documentos/es/empleo_y_becas/empleo_publico/oposiciones/grupo_a1/otras_convocatorias/ex_met_lib_2014.pdf
aemet-a1-acceso-libre-primer-ejercicio-2014-78,verified:C:legacy,2014-78,C,quarantined,needs_visual_review,quarantine_existing_stable_id,https://www.aemet.es/documentos/es/empleo_y_becas/empleo_publico/oposiciones/grupo_a1/otras_convocatorias/ex_met_lib_2014.pdf
aemet-a1-acceso-libre-primer-ejercicio-2014-79,verified:C:legacy,2014-79,C,quarantined,needs_visual_review,quarantine_existing_stable_id,https://www.aemet.es/documentos/es/empleo_y_becas/empleo_publico/oposiciones/grupo_a1/otras_convocatorias/ex_met_lib_2014.pdf
aemet-a1-acceso-libre-primer-ejercicio-2014-80,verified:A:legacy,2014-80,A,quarantined,needs_visual_review,quarantine_existing_stable_id,https://www.aemet.es/documentos/es/empleo_y_becas/empleo_publico/oposiciones/grupo_a1/otras_convocatorias/ex_met_lib_2014.pdf
aemet-a1-acceso-libre-primer-ejercicio-2014-81,verified:D:legacy,2014-81,D,quarantined,needs_visual_review,quarantine_existing_stable_id,https://www.aemet.es/documentos/es/empleo_y_becas/empleo_publico/oposiciones/grupo_a1/otras_convocatorias/ex_met_lib_2014.pdf
aemet-a1-acceso-libre-primer-ejercicio-2014-82,needs_review:C:legacy,2014-82,C,quarantined,needs_visual_review,quarantine_existing_stable_id,https://www.aemet.es/documentos/es/empleo_y_becas/empleo_publico/oposiciones/grupo_a1/otras_convocatorias/ex_met_lib_2014.pdf
aemet-a1-acceso-libre-primer-ejercicio-2014-83,verified:B:legacy,2014-83,B,quarantined,needs_visual_review,quarantine_existing_stable_id,https://www.aemet.es/documentos/es/empleo_y_becas/empleo_publico/oposiciones/grupo_a1/otras_convocatorias/ex_met_lib_2014.pdf
aemet-a1-acceso-libre-primer-ejercicio-2014-84,verified:C:legacy,2014-84,C,quarantined,needs_visual_review,quarantine_existing_stable_id,https://www.aemet.es/documentos/es/empleo_y_becas/empleo_publico/oposiciones/grupo_a1/otras_convocatorias/ex_met_lib_2014.pdf
aemet-a1-acceso-libre-primer-ejercicio-2014-85,verified:A:legacy,2014-85,A,quarantined,needs_visual_review,quarantine_existing_stable_id,https://www.aemet.es/documentos/es/empleo_y_becas/empleo_publico/oposiciones/grupo_a1/otras_convocatorias/ex_met_lib_2014.pdf
aemet-a1-acceso-libre-primer-ejercicio-2014-86,verified:C:legacy,2014-86,C,quarantined,needs_visual_review,quarantine_existing_stable_id,https://www.aemet.es/documentos/es/empleo_y_becas/empleo_publico/oposiciones/grupo_a1/otras_convocatorias/ex_met_lib_2014.pdf
aemet-a1-acceso-libre-primer-ejercicio-2014-87,verified:A:legacy,2014-87,A,quarantined,needs_visual_review,quarantine_existing_stable_id,https://www.aemet.es/documentos/es/empleo_y_becas/empleo_publico/oposiciones/grupo_a1/otras_convocatorias/ex_met_lib_2014.pdf
aemet-a1-acceso-libre-primer-ejercicio-2014-88,needs_review:A:legacy,2014-88,A,quarantined,needs_visual_review,quarantine_existing_stable_id,https://www.aemet.es/documentos/es/empleo_y_becas/empleo_publico/oposiciones/grupo_a1/otras_convocatorias/ex_met_lib_2014.pdf
aemet-a1-acceso-libre-primer-ejercicio-2014-89,verified:D:legacy,2014-89,D,quarantined,needs_visual_review,quarantine_existing_stable_id,https://www.aemet.es/documentos/es/empleo_y_becas/empleo_publico/oposiciones/grupo_a1/otras_convocatorias/ex_met_lib_2014.pdf
aemet-a1-acceso-libre-primer-ejercicio-2014-90,verified:D:legacy,2014-90,D,quarantined,needs_visual_review,quarantine_existing_stable_id,https://www.aemet.es/documentos/es/empleo_y_becas/empleo_publico/oposiciones/grupo_a1/otras_convocatorias/ex_met_lib_2014.pdf
aemet-a1-acceso-libre-primer-ejercicio-2014-91,verified:B:legacy,2014-91,B,quarantined,needs_visual_review,quarantine_existing_stable_id,https://www.aemet.es/documentos/es/empleo_y_becas/empleo_publico/oposiciones/grupo_a1/otras_convocatorias/ex_met_lib_2014.pdf
aemet-a1-acceso-libre-primer-ejercicio-2014-92,verified:D:legacy,2014-92,D,quarantined,needs_visual_review,quarantine_existing_stable_id,https://www.aemet.es/documentos/es/empleo_y_becas/empleo_publico/oposiciones/grupo_a1/otras_convocatorias/ex_met_lib_2014.pdf
aemet-a1-acceso-libre-primer-ejercicio-2014-93,needs_review:C:legacy,2014-93,C,quarantined,needs_visual_review,quarantine_existing_stable_id,https://www.aemet.es/documentos/es/empleo_y_becas/empleo_publico/oposiciones/grupo_a1/otras_convocatorias/ex_met_lib_2014.pdf
aemet-a1-acceso-libre-primer-ejercicio-2014-94,needs_review:C:legacy,2014-94,C,quarantined,needs_visual_review,quarantine_existing_stable_id,https://www.aemet.es/documentos/es/empleo_y_becas/empleo_publico/oposiciones/grupo_a1/otras_convocatorias/ex_met_lib_2014.pdf
aemet-a1-acceso-libre-primer-ejercicio-2014-96,verified:C:legacy,2014-96,C,quarantined,needs_visual_review,quarantine_existing_stable_id,https://www.aemet.es/documentos/es/empleo_y_becas/empleo_publico/oposiciones/grupo_a1/otras_convocatorias/ex_met_lib_2014.pdf
aemet-a1-acceso-libre-primer-ejercicio-2014-97,verified:C:legacy,2014-97,C,quarantined,needs_visual_review,quarantine_existing_stable_id,https://www.aemet.es/documentos/es/empleo_y_becas/empleo_publico/oposiciones/grupo_a1/otras_convocatorias/ex_met_lib_2014.pdf
aemet-a1-acceso-libre-primer-ejercicio-2014-98,verified:C:legacy,2014-98,C,quarantined,needs_visual_review,quarantine_existing_stable_id,https://www.aemet.es/documentos/es/empleo_y_becas/empleo_publico/oposiciones/grupo_a1/otras_convocatorias/ex_met_lib_2014.pdf
aemet-a1-acceso-libre-primer-ejercicio-2014-99,verified:A:legacy,2014-99,A,quarantined,needs_visual_review,quarantine_existing_stable_id,https://www.aemet.es/documentos/es/empleo_y_becas/empleo_publico/oposiciones/grupo_a1/otras_convocatorias/ex_met_lib_2014.pdf
aemet-a1-acceso-libre-primer-ejercicio-2014-100,verified:A:legacy,2014-100,A,quarantined,needs_visual_review,quarantine_existing_stable_id,https://www.aemet.es/documentos/es/empleo_y_becas/empleo_publico/oposiciones/grupo_a1/otras_convocatorias/ex_met_lib_2014.pdf
aemet-a1-acceso-libre-primer-ejercicio-2015-1,verified:C:legacy,2015-1,C,quarantined,needs_visual_review,quarantine_existing_stable_id,https://www.aemet.es/documentos/es/empleo_y_becas/empleo_publico/oposiciones/grupo_a1/otras_convocatorias/ex_met_lib_2015.pdf
aemet-a1-acceso-libre-primer-ejercicio-2015-3,needs_review:A:legacy,2015-3,A,quarantined,needs_visual_review,quarantine_existing_stable_id,https://www.aemet.es/documentos/es/empleo_y_becas/empleo_publico/oposiciones/grupo_a1/otras_convocatorias/ex_met_lib_2015.pdf
aemet-a1-acceso-libre-primer-ejercicio-2015-4,verified:B:legacy,2015-4,B,quarantined,needs_visual_review,quarantine_existing_stable_id,https://www.aemet.es/documentos/es/empleo_y_becas/empleo_publico/oposiciones/grupo_a1/otras_convocatorias/ex_met_lib_2015.pdf
aemet-a1-acceso-libre-primer-ejercicio-2015-5,verified:D:legacy,2015-5,D,quarantined,needs_visual_review,quarantine_existing_stable_id,https://www.aemet.es/documentos/es/empleo_y_becas/empleo_publico/oposiciones/grupo_a1/otras_convocatorias/ex_met_lib_2015.pdf
aemet-a1-acceso-libre-primer-ejercicio-2015-6,needs_review:C:legacy,2015-6,C,quarantined,needs_visual_review,quarantine_existing_stable_id,https://www.aemet.es/documentos/es/empleo_y_becas/empleo_publico/oposiciones/grupo_a1/otras_convocatorias/ex_met_lib_2015.pdf
aemet-a1-acceso-libre-primer-ejercicio-2015-7,needs_review:C:legacy,2015-7,C,quarantined,needs_visual_review,quarantine_existing_stable_id,https://www.aemet.es/documentos/es/empleo_y_becas/empleo_publico/oposiciones/grupo_a1/otras_convocatorias/ex_met_lib_2015.pdf
aemet-a1-acceso-libre-primer-ejercicio-2015-8,verified:A:legacy,2015-8,A,quarantined,needs_visual_review,quarantine_existing_stable_id,https://www.aemet.es/documentos/es/empleo_y_becas/empleo_publico/oposiciones/grupo_a1/otras_convocatorias/ex_met_lib_2015.pdf
aemet-a1-acceso-libre-primer-ejercicio-2015-9,verified:B:legacy,2015-9,B,quarantined,needs_visual_review,quarantine_existing_stable_id,https://www.aemet.es/documentos/es/empleo_y_becas/empleo_publico/oposiciones/grupo_a1/otras_convocatorias/ex_met_lib_2015.pdf
aemet-a1-acceso-libre-primer-ejercicio-2015-10,needs_review:D:legacy,2015-10,D,quarantined,needs_visual_review,quarantine_existing_stable_id,https://www.aemet.es/documentos/es/empleo_y_becas/empleo_publico/oposiciones/grupo_a1/otras_convocatorias/ex_met_lib_2015.pdf
aemet-a1-acceso-libre-primer-ejercicio-2015-11,verified:D:legacy,2015-11,D,quarantined,needs_visual_review,quarantine_existing_stable_id,https://www.aemet.es/documentos/es/empleo_y_becas/empleo_publico/oposiciones/grupo_a1/otras_convocatorias/ex_met_lib_2015.pdf
aemet-a1-acceso-libre-primer-ejercicio-2015-12,verified:B:legacy,2015-12,B,quarantined,needs_visual_review,quarantine_existing_stable_id,https://www.aemet.es/documentos/es/empleo_y_becas/empleo_publico/oposiciones/grupo_a1/otras_convocatorias/ex_met_lib_2015.pdf
aemet-a1-acceso-libre-primer-ejercicio-2015-13,needs_review:D:legacy,2015-13,D,quarantined,needs_visual_review,quarantine_existing_stable_id,https://www.aemet.es/documentos/es/empleo_y_becas/empleo_publico/oposiciones/grupo_a1/otras_convocatorias/ex_met_lib_2015.pdf
aemet-a1-acceso-libre-primer-ejercicio-2015-14,verified:C:legacy,2015-14,C,quarantined,needs_visual_review,quarantine_existing_stable_id,https://www.aemet.es/documentos/es/empleo_y_becas/empleo_publico/oposiciones/grupo_a1/otras_convocatorias/ex_met_lib_2015.pdf
aemet-a1-acceso-libre-primer-ejercicio-2015-15,verified:A:legacy,2015-15,A,quarantined,needs_visual_review,quarantine_existing_stable_id,https://www.aemet.es/documentos/es/empleo_y_becas/empleo_publico/oposiciones/grupo_a1/otras_convocatorias/ex_met_lib_2015.pdf
aemet-a1-acceso-libre-primer-ejercicio-2015-16,verified:A:legacy,2015-16,A,quarantined,needs_visual_review,quarantine_existing_stable_id,https://www.aemet.es/documentos/es/empleo_y_becas/empleo_publico/oposiciones/grupo_a1/otras_convocatorias/ex_met_lib_2015.pdf
aemet-a1-acceso-libre-primer-ejercicio-2015-17,needs_review:A:legacy,2015-17,A,quarantined,needs_visual_review,quarantine_existing_stable_id,https://www.aemet.es/documentos/es/empleo_y_becas/empleo_publico/oposiciones/grupo_a1/otras_convocatorias/ex_met_lib_2015.pdf
aemet-a1-acceso-libre-primer-ejercicio-2015-18,verified:D:legacy,2015-18,D,quarantined,needs_visual_review,quarantine_existing_stable_id,https://www.aemet.es/documentos/es/empleo_y_becas/empleo_publico/oposiciones/grupo_a1/otras_convocatorias/ex_met_lib_2015.pdf
aemet-a1-acceso-libre-primer-ejercicio-2015-19,verified:C:legacy,2015-19,C,quarantined,needs_visual_review,quarantine_existing_stable_id,https://www.aemet.es/documentos/es/empleo_y_becas/empleo_publico/oposiciones/grupo_a1/otras_convocatorias/ex_met_lib_2015.pdf
aemet-a1-acceso-libre-primer-ejercicio-2015-20,verified:C:legacy,2015-20,C,quarantined,needs_visual_review,quarantine_existing_stable_id,https://www.aemet.es/documentos/es/empleo_y_becas/empleo_publico/oposiciones/grupo_a1/otras_convocatorias/ex_met_lib_2015.pdf
aemet-a1-acceso-libre-primer-ejercicio-2015-21,needs_review:D:legacy,2015-21,D,quarantined,needs_visual_review,quarantine_existing_stable_id,https://www.aemet.es/documentos/es/empleo_y_becas/empleo_publico/oposiciones/grupo_a1/otras_convocatorias/ex_met_lib_2015.pdf
aemet-a1-acceso-libre-primer-ejercicio-2015-22,verified:B:legacy,2015-22,B,quarantined,needs_visual_review,quarantine_existing_stable_id,https://www.aemet.es/documentos/es/empleo_y_becas/empleo_publico/oposiciones/grupo_a1/otras_convocatorias/ex_met_lib_2015.pdf
aemet-a1-acceso-libre-primer-ejercicio-2015-24,verified:D:legacy,2015-24,D,quarantined,needs_visual_review,quarantine_existing_stable_id,https://www.aemet.es/documentos/es/empleo_y_becas/empleo_publico/oposiciones/grupo_a1/otras_convocatorias/ex_met_lib_2015.pdf
aemet-a1-acceso-libre-primer-ejercicio-2015-25,needs_review:C:legacy,2015-25,C,quarantined,needs_visual_review,quarantine_existing_stable_id,https://www.aemet.es/documentos/es/empleo_y_becas/empleo_publico/oposiciones/grupo_a1/otras_convocatorias/ex_met_lib_2015.pdf
aemet-a1-acceso-libre-primer-ejercicio-2015-26,verified:A:legacy,2015-26,A,quarantined,needs_visual_review,quarantine_existing_stable_id,https://www.aemet.es/documentos/es/empleo_y_becas/empleo_publico/oposiciones/grupo_a1/otras_convocatorias/ex_met_lib_2015.pdf
aemet-a1-acceso-libre-primer-ejercicio-2015-27,verified:B:legacy,2015-27,B,quarantined,needs_visual_review,quarantine_existing_stable_id,https://www.aemet.es/documentos/es/empleo_y_becas/empleo_publico/oposiciones/grupo_a1/otras_convocatorias/ex_met_lib_2015.pdf
aemet-a1-acceso-libre-primer-ejercicio-2015-28,verified:B:legacy,2015-28,B,quarantined,needs_visual_review,quarantine_existing_stable_id,https://www.aemet.es/documentos/es/empleo_y_becas/empleo_publico/oposiciones/grupo_a1/otras_convocatorias/ex_met_lib_2015.pdf
aemet-a1-acceso-libre-primer-ejercicio-2015-29,needs_review:C:legacy,2015-29,C,quarantined,needs_visual_review,quarantine_existing_stable_id,https://www.aemet.es/documentos/es/empleo_y_becas/empleo_publico/oposiciones/grupo_a1/otras_convocatorias/ex_met_lib_2015.pdf
aemet-a1-acceso-libre-primer-ejercicio-2015-30,verified:A:legacy,2015-30,A,quarantined,needs_visual_review,quarantine_existing_stable_id,https://www.aemet.es/documentos/es/empleo_y_becas/empleo_publico/oposiciones/grupo_a1/otras_convocatorias/ex_met_lib_2015.pdf
aemet-a1-acceso-libre-primer-ejercicio-2015-31,verified:A:legacy,2015-31,A,quarantined,needs_visual_review,quarantine_existing_stable_id,https://www.aemet.es/documentos/es/empleo_y_becas/empleo_publico/oposiciones/grupo_a1/otras_convocatorias/ex_met_lib_2015.pdf
aemet-a1-acceso-libre-primer-ejercicio-2015-32,needs_review:C:legacy,2015-32,C,quarantined,needs_visual_review,quarantine_existing_stable_id,https://www.aemet.es/documentos/es/empleo_y_becas/empleo_publico/oposiciones/grupo_a1/otras_convocatorias/ex_met_lib_2015.pdf
aemet-a1-acceso-libre-primer-ejercicio-2015-33,verified:D:legacy,2015-33,D,quarantined,needs_visual_review,quarantine_existing_stable_id,https://www.aemet.es/documentos/es/empleo_y_becas/empleo_publico/oposiciones/grupo_a1/otras_convocatorias/ex_met_lib_2015.pdf
aemet-a1-acceso-libre-primer-ejercicio-2015-34,needs_review:D:legacy,2015-34,D,quarantined,needs_visual_review,quarantine_existing_stable_id,https://www.aemet.es/documentos/es/empleo_y_becas/empleo_publico/oposiciones/grupo_a1/otras_convocatorias/ex_met_lib_2015.pdf
aemet-a1-acceso-libre-primer-ejercicio-2015-35,needs_review:C:legacy,2015-35,C,quarantined,needs_visual_review,quarantine_existing_stable_id,https://www.aemet.es/documentos/es/empleo_y_becas/empleo_publico/oposiciones/grupo_a1/otras_convocatorias/ex_met_lib_2015.pdf
aemet-a1-acceso-libre-primer-ejercicio-2015-36,verified:B:legacy,2015-36,B,quarantined,needs_visual_review,quarantine_existing_stable_id,https://www.aemet.es/documentos/es/empleo_y_becas/empleo_publico/oposiciones/grupo_a1/otras_convocatorias/ex_met_lib_2015.pdf
aemet-a1-acceso-libre-primer-ejercicio-2015-37,verified:C:legacy,2015-37,C,quarantined,needs_visual_review,quarantine_existing_stable_id,https://www.aemet.es/documentos/es/empleo_y_becas/empleo_publico/oposiciones/grupo_a1/otras_convocatorias/ex_met_lib_2015.pdf
aemet-a1-acceso-libre-primer-ejercicio-2015-38,verified:B:legacy,2015-38,B,quarantined,needs_visual_review,quarantine_existing_stable_id,https://www.aemet.es/documentos/es/empleo_y_becas/empleo_publico/oposiciones/grupo_a1/otras_convocatorias/ex_met_lib_2015.pdf
aemet-a1-acceso-libre-primer-ejercicio-2015-39,needs_review:B:legacy,2015-39,B,quarantined,needs_visual_review,quarantine_existing_stable_id,https://www.aemet.es/documentos/es/empleo_y_becas/empleo_publico/oposiciones/grupo_a1/otras_convocatorias/ex_met_lib_2015.pdf
aemet-a1-acceso-libre-primer-ejercicio-2015-40,verified:D:legacy,2015-40,D,quarantined,needs_visual_review,quarantine_existing_stable_id,https://www.aemet.es/documentos/es/empleo_y_becas/empleo_publico/oposiciones/grupo_a1/otras_convocatorias/ex_met_lib_2015.pdf
aemet-a1-acceso-libre-primer-ejercicio-2015-41,verified:B:legacy,2015-41,B,quarantined,needs_visual_review,quarantine_existing_stable_id,https://www.aemet.es/documentos/es/empleo_y_becas/empleo_publico/oposiciones/grupo_a1/otras_convocatorias/ex_met_lib_2015.pdf
aemet-a1-acceso-libre-primer-ejercicio-2015-42,needs_review:B:legacy,2015-42,B,quarantined,needs_visual_review,quarantine_existing_stable_id,https://www.aemet.es/documentos/es/empleo_y_becas/empleo_publico/oposiciones/grupo_a1/otras_convocatorias/ex_met_lib_2015.pdf
aemet-a1-acceso-libre-primer-ejercicio-2015-43,verified:B:legacy,2015-43,B,quarantined,needs_visual_review,quarantine_existing_stable_id,https://www.aemet.es/documentos/es/empleo_y_becas/empleo_publico/oposiciones/grupo_a1/otras_convocatorias/ex_met_lib_2015.pdf
aemet-a1-acceso-libre-primer-ejercicio-2015-44,verified:A:legacy,2015-44,A,quarantined,needs_visual_review,quarantine_existing_stable_id,https://www.aemet.es/documentos/es/empleo_y_becas/empleo_publico/oposiciones/grupo_a1/otras_convocatorias/ex_met_lib_2015.pdf
aemet-a1-acceso-libre-primer-ejercicio-2015-46,needs_review:A:legacy,2015-46,A,quarantined,needs_visual_review,quarantine_existing_stable_id,https://www.aemet.es/documentos/es/empleo_y_becas/empleo_publico/oposiciones/grupo_a1/otras_convocatorias/ex_met_lib_2015.pdf
aemet-a1-acceso-libre-primer-ejercicio-2015-47,verified:A:legacy,2015-47,A,quarantined,needs_visual_review,quarantine_existing_stable_id,https://www.aemet.es/documentos/es/empleo_y_becas/empleo_publico/oposiciones/grupo_a1/otras_convocatorias/ex_met_lib_2015.pdf
aemet-a1-acceso-libre-primer-ejercicio-2015-48,verified:C:legacy,2015-48,C,quarantined,needs_visual_review,quarantine_existing_stable_id,https://www.aemet.es/documentos/es/empleo_y_becas/empleo_publico/oposiciones/grupo_a1/otras_convocatorias/ex_met_lib_2015.pdf
aemet-a1-acceso-libre-primer-ejercicio-2015-49,verified:D:legacy,2015-49,D,quarantined,needs_visual_review,quarantine_existing_stable_id,https://www.aemet.es/documentos/es/empleo_y_becas/empleo_publico/oposiciones/grupo_a1/otras_convocatorias/ex_met_lib_2015.pdf
aemet-a1-acceso-libre-primer-ejercicio-2015-51,verified:A:legacy,2015-51,A,quarantined,needs_visual_review,quarantine_existing_stable_id,https://www.aemet.es/documentos/es/empleo_y_becas/empleo_publico/oposiciones/grupo_a1/otras_convocatorias/ex_met_lib_2015.pdf
aemet-a1-acceso-libre-primer-ejercicio-2015-52,verified:C:legacy,2015-52,C,quarantined,needs_visual_review,quarantine_existing_stable_id,https://www.aemet.es/documentos/es/empleo_y_becas/empleo_publico/oposiciones/grupo_a1/otras_convocatorias/ex_met_lib_2015.pdf
aemet-a1-acceso-libre-primer-ejercicio-2015-53,verified:A:legacy,2015-53,A,quarantined,needs_visual_review,quarantine_existing_stable_id,https://www.aemet.es/documentos/es/empleo_y_becas/empleo_publico/oposiciones/grupo_a1/otras_convocatorias/ex_met_lib_2015.pdf
aemet-a1-acceso-libre-primer-ejercicio-2015-54,needs_review:A:legacy,2015-54,A,quarantined,needs_visual_review,quarantine_existing_stable_id,https://www.aemet.es/documentos/es/empleo_y_becas/empleo_publico/oposiciones/grupo_a1/otras_convocatorias/ex_met_lib_2015.pdf
aemet-a1-acceso-libre-primer-ejercicio-2015-56,verified:A:legacy,2015-56,A,quarantined,needs_visual_review,quarantine_existing_stable_id,https://www.aemet.es/documentos/es/empleo_y_becas/empleo_publico/oposiciones/grupo_a1/otras_convocatorias/ex_met_lib_2015.pdf
aemet-a1-acceso-libre-primer-ejercicio-2015-57,verified:B:legacy,2015-57,B,quarantined,needs_visual_review,quarantine_existing_stable_id,https://www.aemet.es/documentos/es/empleo_y_becas/empleo_publico/oposiciones/grupo_a1/otras_convocatorias/ex_met_lib_2015.pdf
aemet-a1-acceso-libre-primer-ejercicio-2015-58,needs_review:A:legacy,2015-58,A,quarantined,needs_visual_review,quarantine_existing_stable_id,https://www.aemet.es/documentos/es/empleo_y_becas/empleo_publico/oposiciones/grupo_a1/otras_convocatorias/ex_met_lib_2015.pdf
aemet-a1-acceso-libre-primer-ejercicio-2015-59,verified:D:legacy,2015-59,D,quarantined,needs_visual_review,quarantine_existing_stable_id,https://www.aemet.es/documentos/es/empleo_y_becas/empleo_publico/oposiciones/grupo_a1/otras_convocatorias/ex_met_lib_2015.pdf
aemet-a1-acceso-libre-primer-ejercicio-2015-60,verified:B:legacy,2015-60,B,quarantined,needs_visual_review,quarantine_existing_stable_id,https://www.aemet.es/documentos/es/empleo_y_becas/empleo_publico/oposiciones/grupo_a1/otras_convocatorias/ex_met_lib_2015.pdf
aemet-a1-acceso-libre-primer-ejercicio-2015-61,needs_review:D:legacy,2015-61,D,quarantined,needs_visual_review,quarantine_existing_stable_id,https://www.aemet.es/documentos/es/empleo_y_becas/empleo_publico/oposiciones/grupo_a1/otras_convocatorias/ex_met_lib_2015.pdf
aemet-a1-acceso-libre-primer-ejercicio-2015-62,verified:A:legacy,2015-62,A,quarantined,needs_visual_review,quarantine_existing_stable_id,https://www.aemet.es/documentos/es/empleo_y_becas/empleo_publico/oposiciones/grupo_a1/otras_convocatorias/ex_met_lib_2015.pdf
aemet-a1-acceso-libre-primer-ejercicio-2015-63,verified:B:legacy,2015-63,B,quarantined,needs_visual_review,quarantine_existing_stable_id,https://www.aemet.es/documentos/es/empleo_y_becas/empleo_publico/oposiciones/grupo_a1/otras_convocatorias/ex_met_lib_2015.pdf
aemet-a1-acceso-libre-primer-ejercicio-2015-64,verified:A:legacy,2015-64,A,quarantined,needs_visual_review,quarantine_existing_stable_id,https://www.aemet.es/documentos/es/empleo_y_becas/empleo_publico/oposiciones/grupo_a1/otras_convocatorias/ex_met_lib_2015.pdf
aemet-a1-acceso-libre-primer-ejercicio-2015-65,needs_review:A:legacy,2015-65,A,quarantined,needs_visual_review,quarantine_existing_stable_id,https://www.aemet.es/documentos/es/empleo_y_becas/empleo_publico/oposiciones/grupo_a1/otras_convocatorias/ex_met_lib_2015.pdf
aemet-a1-acceso-libre-primer-ejercicio-2015-66,verified:A:legacy,2015-66,A,quarantined,needs_visual_review,quarantine_existing_stable_id,https://www.aemet.es/documentos/es/empleo_y_becas/empleo_publico/oposiciones/grupo_a1/otras_convocatorias/ex_met_lib_2015.pdf
aemet-a1-acceso-libre-primer-ejercicio-2015-67,verified:B:legacy,2015-67,B,quarantined,needs_visual_review,quarantine_existing_stable_id,https://www.aemet.es/documentos/es/empleo_y_becas/empleo_publico/oposiciones/grupo_a1/otras_convocatorias/ex_met_lib_2015.pdf
aemet-a1-acceso-libre-primer-ejercicio-2015-68,verified:C:legacy,2015-68,C,quarantined,needs_visual_review,quarantine_existing_stable_id,https://www.aemet.es/documentos/es/empleo_y_becas/empleo_publico/oposiciones/grupo_a1/otras_convocatorias/ex_met_lib_2015.pdf
aemet-a1-acceso-libre-primer-ejercicio-2015-69,needs_review:B:legacy,2015-69,B,quarantined,needs_visual_review,quarantine_existing_stable_id,https://www.aemet.es/documentos/es/empleo_y_becas/empleo_publico/oposiciones/grupo_a1/otras_convocatorias/ex_met_lib_2015.pdf
aemet-a1-acceso-libre-primer-ejercicio-2015-70,verified:B:legacy,2015-70,B,quarantined,needs_visual_review,quarantine_existing_stable_id,https://www.aemet.es/documentos/es/empleo_y_becas/empleo_publico/oposiciones/grupo_a1/otras_convocatorias/ex_met_lib_2015.pdf
aemet-a1-acceso-libre-primer-ejercicio-2015-71,verified:B:legacy,2015-71,B,quarantined,needs_visual_review,quarantine_existing_stable_id,https://www.aemet.es/documentos/es/empleo_y_becas/empleo_publico/oposiciones/grupo_a1/otras_convocatorias/ex_met_lib_2015.pdf
aemet-a1-acceso-libre-primer-ejercicio-2015-72,verified:A:legacy,2015-72,A,quarantined,needs_visual_review,quarantine_existing_stable_id,https://www.aemet.es/documentos/es/empleo_y_becas/empleo_publico/oposiciones/grupo_a1/otras_convocatorias/ex_met_lib_2015.pdf
aemet-a1-acceso-libre-primer-ejercicio-2015-73,needs_review:A:legacy,2015-73,A,quarantined,needs_visual_review,quarantine_existing_stable_id,https://www.aemet.es/documentos/es/empleo_y_becas/empleo_publico/oposiciones/grupo_a1/otras_convocatorias/ex_met_lib_2015.pdf
aemet-a1-acceso-libre-primer-ejercicio-2015-74,verified:B:legacy,2015-74,B,quarantined,needs_visual_review,quarantine_existing_stable_id,https://www.aemet.es/documentos/es/empleo_y_becas/empleo_publico/oposiciones/grupo_a1/otras_convocatorias/ex_met_lib_2015.pdf
aemet-a1-acceso-libre-primer-ejercicio-2015-75,verified:D:legacy,2015-75,D,quarantined,needs_visual_review,quarantine_existing_stable_id,https://www.aemet.es/documentos/es/empleo_y_becas/empleo_publico/oposiciones/grupo_a1/otras_convocatorias/ex_met_lib_2015.pdf
aemet-a1-acceso-libre-primer-ejercicio-2015-76,verified:B:legacy,2015-76,B,quarantined,needs_visual_review,quarantine_existing_stable_id,https://www.aemet.es/documentos/es/empleo_y_becas/empleo_publico/oposiciones/grupo_a1/otras_convocatorias/ex_met_lib_2015.pdf
aemet-a1-acceso-libre-primer-ejercicio-2015-77,needs_review:C:legacy,2015-77,C,quarantined,needs_visual_review,quarantine_existing_stable_id,https://www.aemet.es/documentos/es/empleo_y_becas/empleo_publico/oposiciones/grupo_a1/otras_convocatorias/ex_met_lib_2015.pdf
aemet-a1-acceso-libre-primer-ejercicio-2015-78,verified:A:legacy,2015-78,A,quarantined,needs_visual_review,quarantine_existing_stable_id,https://www.aemet.es/documentos/es/empleo_y_becas/empleo_publico/oposiciones/grupo_a1/otras_convocatorias/ex_met_lib_2015.pdf
aemet-a1-acceso-libre-primer-ejercicio-2015-79,verified:C:legacy,2015-79,C,quarantined,needs_visual_review,quarantine_existing_stable_id,https://www.aemet.es/documentos/es/empleo_y_becas/empleo_publico/oposiciones/grupo_a1/otras_convocatorias/ex_met_lib_2015.pdf
aemet-a1-acceso-libre-primer-ejercicio-2015-80,needs_review:C:legacy,2015-80,C,quarantined,needs_visual_review,quarantine_existing_stable_id,https://www.aemet.es/documentos/es/empleo_y_becas/empleo_publico/oposiciones/grupo_a1/otras_convocatorias/ex_met_lib_2015.pdf
aemet-a1-acceso-libre-primer-ejercicio-2015-81,verified:C:legacy,2015-81,C,quarantined,needs_visual_review,quarantine_existing_stable_id,https://www.aemet.es/documentos/es/empleo_y_becas/empleo_publico/oposiciones/grupo_a1/otras_convocatorias/ex_met_lib_2015.pdf
aemet-a1-acceso-libre-primer-ejercicio-2015-82,verified:D:legacy,2015-82,D,quarantined,needs_visual_review,quarantine_existing_stable_id,https://www.aemet.es/documentos/es/empleo_y_becas/empleo_publico/oposiciones/grupo_a1/otras_convocatorias/ex_met_lib_2015.pdf
aemet-a1-acceso-libre-primer-ejercicio-2015-83,verified:B:legacy,2015-83,B,quarantined,needs_visual_review,quarantine_existing_stable_id,https://www.aemet.es/documentos/es/empleo_y_becas/empleo_publico/oposiciones/grupo_a1/otras_convocatorias/ex_met_lib_2015.pdf
aemet-a1-acceso-libre-primer-ejercicio-2015-84,needs_review:D:legacy,2015-84,D,quarantined,needs_visual_review,quarantine_existing_stable_id,https://www.aemet.es/documentos/es/empleo_y_becas/empleo_publico/oposiciones/grupo_a1/otras_convocatorias/ex_met_lib_2015.pdf
aemet-a1-acceso-libre-primer-ejercicio-2015-85,verified:D:legacy,2015-85,D,quarantined,needs_visual_review,quarantine_existing_stable_id,https://www.aemet.es/documentos/es/empleo_y_becas/empleo_publico/oposiciones/grupo_a1/otras_convocatorias/ex_met_lib_2015.pdf
aemet-a1-acceso-libre-primer-ejercicio-2015-87,verified:A:legacy,2015-87,A,quarantined,needs_visual_review,quarantine_existing_stable_id,https://www.aemet.es/documentos/es/empleo_y_becas/empleo_publico/oposiciones/grupo_a1/otras_convocatorias/ex_met_lib_2015.pdf
aemet-a1-acceso-libre-primer-ejercicio-2015-88,needs_review:A:legacy,2015-88,A,quarantined,needs_visual_review,quarantine_existing_stable_id,https://www.aemet.es/documentos/es/empleo_y_becas/empleo_publico/oposiciones/grupo_a1/otras_convocatorias/ex_met_lib_2015.pdf
aemet-a1-acceso-libre-primer-ejercicio-2015-89,verified:A:legacy,2015-89,A,quarantined,needs_visual_review,quarantine_existing_stable_id,https://www.aemet.es/documentos/es/empleo_y_becas/empleo_publico/oposiciones/grupo_a1/otras_convocatorias/ex_met_lib_2015.pdf
aemet-a1-acceso-libre-primer-ejercicio-2015-90,verified:B:legacy,2015-90,B,quarantined,needs_visual_review,quarantine_existing_stable_id,https://www.aemet.es/documentos/es/empleo_y_becas/empleo_publico/oposiciones/grupo_a1/otras_convocatorias/ex_met_lib_2015.pdf
aemet-a1-acceso-libre-primer-ejercicio-2015-91,verified:C:legacy,2015-91,C,quarantined,needs_visual_review,quarantine_existing_stable_id,https://www.aemet.es/documentos/es/empleo_y_becas/empleo_publico/oposiciones/grupo_a1/otras_convocatorias/ex_met_lib_2015.pdf
aemet-a1-acceso-libre-primer-ejercicio-2015-92,needs_review:A:legacy,2015-92,A,quarantined,needs_visual_review,quarantine_existing_stable_id,https://www.aemet.es/documentos/es/empleo_y_becas/empleo_publico/oposiciones/grupo_a1/otras_convocatorias/ex_met_lib_2015.pdf
aemet-a1-acceso-libre-primer-ejercicio-2015-93,verified:C:legacy,2015-93,C,quarantined,needs_visual_review,quarantine_existing_stable_id,https://www.aemet.es/documentos/es/empleo_y_becas/empleo_publico/oposiciones/grupo_a1/otras_convocatorias/ex_met_lib_2015.pdf
aemet-a1-acceso-libre-primer-ejercicio-2015-94,verified:B:legacy,2015-94,B,quarantined,needs_visual_review,quarantine_existing_stable_id,https://www.aemet.es/documentos/es/empleo_y_becas/empleo_publico/oposiciones/grupo_a1/otras_convocatorias/ex_met_lib_2015.pdf
aemet-a1-acceso-libre-primer-ejercicio-2015-95,verified:C:legacy,2015-95,C,quarantined,needs_visual_review,quarantine_existing_stable_id,https://www.aemet.es/documentos/es/empleo_y_becas/empleo_publico/oposiciones/grupo_a1/otras_convocatorias/ex_met_lib_2015.pdf
aemet-a1-acceso-libre-primer-ejercicio-2015-96,needs_review:D:legacy,2015-96,D,quarantined,needs_visual_review,quarantine_existing_stable_id,https://www.aemet.es/documentos/es/empleo_y_becas/empleo_publico/oposiciones/grupo_a1/otras_convocatorias/ex_met_lib_2015.pdf
aemet-a1-acceso-libre-primer-ejercicio-2015-97,needs_review:A:legacy,2015-97,A,quarantined,needs_visual_review,quarantine_existing_stable_id,https://www.aemet.es/documentos/es/empleo_y_becas/empleo_publico/oposiciones/grupo_a1/otras_convocatorias/ex_met_lib_2015.pdf
aemet-a1-acceso-libre-primer-ejercicio-2015-98,verified:A:legacy,2015-98,A,quarantined,needs_visual_review,quarantine_existing_stable_id,https://www.aemet.es/documentos/es/empleo_y_becas/empleo_publico/oposiciones/grupo_a1/otras_convocatorias/ex_met_lib_2015.pdf
aemet-a1-acceso-libre-primer-ejercicio-2015-99,needs_review:A:legacy,2015-99,A,quarantined,needs_visual_review,quarantine_existing_stable_id,https://www.aemet.es/documentos/es/empleo_y_becas/empleo_publico/oposiciones/grupo_a1/otras_convocatorias/ex_met_lib_2015.pdf
aemet-a1-acceso-libre-primer-ejercicio-2015-100,verified:B:legacy,2015-100,B,quarantined,needs_visual_review,quarantine_existing_stable_id,https://www.aemet.es/documentos/es/empleo_y_becas/empleo_publico/oposiciones/grupo_a1/otras_convocatorias/ex_met_lib_2015.pdf
aemet-a1-acceso-libre-primer-ejercicio-2015-101,verified:D:legacy,2015-101,D,quarantined,needs_visual_review,quarantine_existing_stable_id,https://www.aemet.es/documentos/es/empleo_y_becas/empleo_publico/oposiciones/grupo_a1/otras_convocatorias/ex_met_lib_2015.pdf
aemet-a1-acceso-libre-primer-ejercicio-2015-102,verified:B:legacy,2015-102,B,quarantined,needs_visual_review,quarantine_existing_stable_id,https://www.aemet.es/documentos/es/empleo_y_becas/empleo_publico/oposiciones/grupo_a1/otras_convocatorias/ex_met_lib_2015.pdf
aemet-a1-acceso-libre-primer-ejercicio-2015-103,needs_review:C:legacy,2015-103,C,quarantined,needs_visual_review,quarantine_existing_stable_id,https://www.aemet.es/documentos/es/empleo_y_becas/empleo_publico/oposiciones/grupo_a1/otras_convocatorias/ex_met_lib_2015.pdf
aemet-a1-acceso-libre-primer-ejercicio-2015-104,verified:A:legacy,2015-104,A,quarantined,needs_visual_review,quarantine_existing_stable_id,https://www.aemet.es/documentos/es/empleo_y_becas/empleo_publico/oposiciones/grupo_a1/otras_convocatorias/ex_met_lib_2015.pdf
aemet-a1-acceso-libre-primer-ejercicio-2015-105,verified:D:legacy,2015-105,D,quarantined,needs_visual_review,quarantine_existing_stable_id,https://www.aemet.es/documentos/es/empleo_y_becas/empleo_publico/oposiciones/grupo_a1/otras_convocatorias/ex_met_lib_2015.pdf
aemet-a1-acceso-libre-primer-ejercicio-2015-106,verified:B:legacy,2015-106,B,quarantined,needs_visual_review,quarantine_existing_stable_id,https://www.aemet.es/documentos/es/empleo_y_becas/empleo_publico/oposiciones/grupo_a1/otras_convocatorias/ex_met_lib_2015.pdf
aemet-a1-acceso-libre-primer-ejercicio-2015-107,needs_review:D:legacy,2015-107,D,quarantined,needs_visual_review,quarantine_existing_stable_id,https://www.aemet.es/documentos/es/empleo_y_becas/empleo_publico/oposiciones/grupo_a1/otras_convocatorias/ex_met_lib_2015.pdf
aemet-a1-acceso-libre-primer-ejercicio-2015-108,verified:D:legacy,2015-108,D,quarantined,needs_visual_review,quarantine_existing_stable_id,https://www.aemet.es/documentos/es/empleo_y_becas/empleo_publico/oposiciones/grupo_a1/otras_convocatorias/ex_met_lib_2015.pdf
aemet-a1-acceso-libre-primer-ejercicio-2015-109,verified:C:legacy,2015-109,C,quarantined,needs_visual_review,quarantine_existing_stable_id,https://www.aemet.es/documentos/es/empleo_y_becas/empleo_publico/oposiciones/grupo_a1/otras_convocatorias/ex_met_lib_2015.pdf
aemet-a1-acceso-libre-primer-ejercicio-2015-110,verified:A:legacy,2015-110,A,quarantined,needs_visual_review,quarantine_existing_stable_id,https://www.aemet.es/documentos/es/empleo_y_becas/empleo_publico/oposiciones/grupo_a1/otras_convocatorias/ex_met_lib_2015.pdf
aemet-a1-acceso-libre-primer-ejercicio-2015-111,needs_review:C:legacy,2015-111,C,quarantined,needs_visual_review,quarantine_existing_stable_id,https://www.aemet.es/documentos/es/empleo_y_becas/empleo_publico/oposiciones/grupo_a1/otras_convocatorias/ex_met_lib_2015.pdf
aemet-a1-acceso-libre-primer-ejercicio-2015-112,verified:D:legacy,2015-112,D,quarantined,needs_visual_review,quarantine_existing_stable_id,https://www.aemet.es/documentos/es/empleo_y_becas/empleo_publico/oposiciones/grupo_a1/otras_convocatorias/ex_met_lib_2015.pdf
aemet-a1-acceso-libre-primer-ejercicio-2015-113,verified:C:legacy,2015-113,C,quarantined,needs_visual_review,quarantine_existing_stable_id,https://www.aemet.es/documentos/es/empleo_y_becas/empleo_publico/oposiciones/grupo_a1/otras_convocatorias/ex_met_lib_2015.pdf
aemet-a1-acceso-libre-primer-ejercicio-2015-114,verified:B:legacy,2015-114,B,quarantined,needs_visual_review,quarantine_existing_stable_id,https://www.aemet.es/documentos/es/empleo_y_becas/empleo_publico/oposiciones/grupo_a1/otras_convocatorias/ex_met_lib_2015.pdf
aemet-a1-acceso-libre-primer-ejercicio-2015-115,needs_review:A:legacy,2015-115,A,quarantined,needs_visual_review,quarantine_existing_stable_id,https://www.aemet.es/documentos/es/empleo_y_becas/empleo_publico/oposiciones/grupo_a1/otras_convocatorias/ex_met_lib_2015.pdf
aemet-a1-acceso-libre-primer-ejercicio-2015-116,verified:B:legacy,2015-116,B,quarantined,needs_visual_review,quarantine_existing_stable_id,https://www.aemet.es/documentos/es/empleo_y_becas/empleo_publico/oposiciones/grupo_a1/otras_convocatorias/ex_met_lib_2015.pdf
aemet-a1-acceso-libre-primer-ejercicio-2015-117,needs_review:D:legacy,2015-117,D,quarantined,needs_visual_review,quarantine_existing_stable_id,https://www.aemet.es/documentos/es/empleo_y_becas/empleo_publico/oposiciones/grupo_a1/otras_convocatorias/ex_met_lib_2015.pdf
aemet-a1-acceso-libre-primer-ejercicio-2015-118,verified:C:legacy,2015-118,C,quarantined,needs_visual_review,quarantine_existing_stable_id,https://www.aemet.es/documentos/es/empleo_y_becas/empleo_publico/oposiciones/grupo_a1/otras_convocatorias/ex_met_lib_2015.pdf
aemet-a1-acceso-libre-primer-ejercicio-2015-119,needs_review:D:legacy,2015-119,D,quarantined,needs_visual_review,quarantine_existing_stable_id,https://www.aemet.es/documentos/es/empleo_y_becas/empleo_publico/oposiciones/grupo_a1/otras_convocatorias/ex_met_lib_2015.pdf
aemet-a1-acceso-libre-primer-ejercicio-2015-120,verified:B:legacy,2015-120,B,quarantined,needs_visual_review,quarantine_existing_stable_id,https://www.aemet.es/documentos/es/empleo_y_becas/empleo_publico/oposiciones/grupo_a1/otras_convocatorias/ex_met_lib_2015.pdf
aemet-a1-acceso-libre-primer-ejercicio-2016-1,needs_review:C:legacy,2016-1,C,quarantined,needs_visual_review,quarantine_existing_stable_id,https://www.miteco.gob.es/content/dam/miteco/es/ministerio/empleo-publico/personal-funcionario/cuestionario_tcm30-96165.pdf
aemet-a1-acceso-libre-primer-ejercicio-2016-2,needs_review:D:legacy,2016-2,D,quarantined,needs_visual_review,quarantine_existing_stable_id,https://www.miteco.gob.es/content/dam/miteco/es/ministerio/empleo-publico/personal-funcionario/cuestionario_tcm30-96165.pdf
aemet-a1-acceso-libre-primer-ejercicio-2016-3,needs_review:A:legacy,2016-3,A,quarantined,needs_visual_review,quarantine_existing_stable_id,https://www.miteco.gob.es/content/dam/miteco/es/ministerio/empleo-publico/personal-funcionario/cuestionario_tcm30-96165.pdf
aemet-a1-acceso-libre-primer-ejercicio-2016-4,needs_review:D:legacy,2016-4,D,quarantined,needs_visual_review,quarantine_existing_stable_id,https://www.miteco.gob.es/content/dam/miteco/es/ministerio/empleo-publico/personal-funcionario/cuestionario_tcm30-96165.pdf
aemet-a1-acceso-libre-primer-ejercicio-2016-5,absent_or_offline,2016-5,C,quarantined,incomplete_extraction,insert_quarantined_stable_id,https://www.miteco.gob.es/content/dam/miteco/es/ministerio/empleo-publico/personal-funcionario/cuestionario_tcm30-96165.pdf
aemet-a1-acceso-libre-primer-ejercicio-2016-6,needs_review:A:legacy,2016-6,A,quarantined,needs_visual_review,quarantine_existing_stable_id,https://www.miteco.gob.es/content/dam/miteco/es/ministerio/empleo-publico/personal-funcionario/cuestionario_tcm30-96165.pdf
aemet-a1-acceso-libre-primer-ejercicio-2016-7,needs_review:D:legacy,2016-7,D,quarantined,needs_visual_review,quarantine_existing_stable_id,https://www.miteco.gob.es/content/dam/miteco/es/ministerio/empleo-publico/personal-funcionario/cuestionario_tcm30-96165.pdf
aemet-a1-acceso-libre-primer-ejercicio-2016-8,needs_review:A:legacy,2016-8,A,quarantined,needs_visual_review,quarantine_existing_stable_id,https://www.miteco.gob.es/content/dam/miteco/es/ministerio/empleo-publico/personal-funcionario/cuestionario_tcm30-96165.pdf
aemet-a1-acceso-libre-primer-ejercicio-2016-9,needs_review:B:legacy,2016-9,B,quarantined,needs_visual_review,quarantine_existing_stable_id,https://www.miteco.gob.es/content/dam/miteco/es/ministerio/empleo-publico/personal-funcionario/cuestionario_tcm30-96165.pdf
aemet-a1-acceso-libre-primer-ejercicio-2016-10,needs_review:C:legacy,2016-10,C,quarantined,needs_visual_review,quarantine_existing_stable_id,https://www.miteco.gob.es/content/dam/miteco/es/ministerio/empleo-publico/personal-funcionario/cuestionario_tcm30-96165.pdf
aemet-a1-acceso-libre-primer-ejercicio-2016-12,needs_review:B:legacy,2016-12,B,quarantined,needs_visual_review,quarantine_existing_stable_id,https://www.miteco.gob.es/content/dam/miteco/es/ministerio/empleo-publico/personal-funcionario/cuestionario_tcm30-96165.pdf
aemet-a1-acceso-libre-primer-ejercicio-2016-14,needs_review:C:legacy,2016-14,C,quarantined,needs_visual_review,quarantine_existing_stable_id,https://www.miteco.gob.es/content/dam/miteco/es/ministerio/empleo-publico/personal-funcionario/cuestionario_tcm30-96165.pdf
aemet-a1-acceso-libre-primer-ejercicio-2016-15,needs_review:A:legacy,2016-15,A,quarantined,needs_visual_review,quarantine_existing_stable_id,https://www.miteco.gob.es/content/dam/miteco/es/ministerio/empleo-publico/personal-funcionario/cuestionario_tcm30-96165.pdf
aemet-a1-acceso-libre-primer-ejercicio-2016-16,verified:C:legacy,2016-16,C,quarantined,incomplete_extraction,quarantine_existing_stable_id,https://www.miteco.gob.es/content/dam/miteco/es/ministerio/empleo-publico/personal-funcionario/cuestionario_tcm30-96165.pdf
aemet-a1-acceso-libre-primer-ejercicio-2016-17,needs_review:A:legacy,2016-17,A,quarantined,needs_visual_review,quarantine_existing_stable_id,https://www.miteco.gob.es/content/dam/miteco/es/ministerio/empleo-publico/personal-funcionario/cuestionario_tcm30-96165.pdf
aemet-a1-acceso-libre-primer-ejercicio-2016-18,absent_or_offline,2016-18,B,quarantined,incomplete_extraction,insert_quarantined_stable_id,https://www.miteco.gob.es/content/dam/miteco/es/ministerio/empleo-publico/personal-funcionario/cuestionario_tcm30-96165.pdf
aemet-a1-acceso-libre-primer-ejercicio-2016-19,absent_or_offline,2016-19,D,quarantined,incomplete_extraction,insert_quarantined_stable_id,https://www.miteco.gob.es/content/dam/miteco/es/ministerio/empleo-publico/personal-funcionario/cuestionario_tcm30-96165.pdf
aemet-a1-acceso-libre-primer-ejercicio-2016-20,needs_review:A:legacy,2016-20,A,quarantined,needs_visual_review,quarantine_existing_stable_id,https://www.miteco.gob.es/content/dam/miteco/es/ministerio/empleo-publico/personal-funcionario/cuestionario_tcm30-96165.pdf
aemet-a1-acceso-libre-primer-ejercicio-2016-21,needs_review:C:legacy,2016-21,C,quarantined,needs_visual_review,quarantine_existing_stable_id,https://www.miteco.gob.es/content/dam/miteco/es/ministerio/empleo-publico/personal-funcionario/cuestionario_tcm30-96165.pdf
aemet-a1-acceso-libre-primer-ejercicio-2016-22,needs_review:B:legacy,2016-22,B,quarantined,needs_visual_review,quarantine_existing_stable_id,https://www.miteco.gob.es/content/dam/miteco/es/ministerio/empleo-publico/personal-funcionario/cuestionario_tcm30-96165.pdf
aemet-a1-acceso-libre-primer-ejercicio-2016-23,needs_review:D:legacy,2016-23,D,quarantined,needs_visual_review,quarantine_existing_stable_id,https://www.miteco.gob.es/content/dam/miteco/es/ministerio/empleo-publico/personal-funcionario/cuestionario_tcm30-96165.pdf
aemet-a1-acceso-libre-primer-ejercicio-2016-24,needs_review:C:legacy,2016-24,C,quarantined,needs_visual_review,quarantine_existing_stable_id,https://www.miteco.gob.es/content/dam/miteco/es/ministerio/empleo-publico/personal-funcionario/cuestionario_tcm30-96165.pdf
aemet-a1-acceso-libre-primer-ejercicio-2016-27,absent_or_offline,2016-27,C,quarantined,incomplete_extraction,insert_quarantined_stable_id,https://www.miteco.gob.es/content/dam/miteco/es/ministerio/empleo-publico/personal-funcionario/cuestionario_tcm30-96165.pdf
aemet-a1-acceso-libre-primer-ejercicio-2016-28,needs_review:C:legacy,2016-28,C,quarantined,needs_visual_review,quarantine_existing_stable_id,https://www.miteco.gob.es/content/dam/miteco/es/ministerio/empleo-publico/personal-funcionario/cuestionario_tcm30-96165.pdf
aemet-a1-acceso-libre-primer-ejercicio-2016-29,needs_review:C:legacy,2016-29,C,quarantined,needs_visual_review,quarantine_existing_stable_id,https://www.miteco.gob.es/content/dam/miteco/es/ministerio/empleo-publico/personal-funcionario/cuestionario_tcm30-96165.pdf
aemet-a1-acceso-libre-primer-ejercicio-2016-30,needs_review:A:legacy,2016-30,A,quarantined,needs_visual_review,quarantine_existing_stable_id,https://www.miteco.gob.es/content/dam/miteco/es/ministerio/empleo-publico/personal-funcionario/cuestionario_tcm30-96165.pdf
aemet-a1-acceso-libre-primer-ejercicio-2016-31,needs_review:A:legacy,2016-31,A,quarantined,needs_visual_review,quarantine_existing_stable_id,https://www.miteco.gob.es/content/dam/miteco/es/ministerio/empleo-publico/personal-funcionario/cuestionario_tcm30-96165.pdf
aemet-a1-acceso-libre-primer-ejercicio-2016-32,needs_review:A:legacy,2016-32,A,quarantined,needs_visual_review,quarantine_existing_stable_id,https://www.miteco.gob.es/content/dam/miteco/es/ministerio/empleo-publico/personal-funcionario/cuestionario_tcm30-96165.pdf
aemet-a1-acceso-libre-primer-ejercicio-2016-33,needs_review:A:legacy,2016-33,A,quarantined,needs_visual_review,quarantine_existing_stable_id,https://www.miteco.gob.es/content/dam/miteco/es/ministerio/empleo-publico/personal-funcionario/cuestionario_tcm30-96165.pdf
aemet-a1-acceso-libre-primer-ejercicio-2016-34,needs_review:D:legacy,2016-34,D,quarantined,needs_visual_review,quarantine_existing_stable_id,https://www.miteco.gob.es/content/dam/miteco/es/ministerio/empleo-publico/personal-funcionario/cuestionario_tcm30-96165.pdf
aemet-a1-acceso-libre-primer-ejercicio-2016-35,needs_review:B:legacy,2016-35,B,quarantined,needs_visual_review,quarantine_existing_stable_id,https://www.miteco.gob.es/content/dam/miteco/es/ministerio/empleo-publico/personal-funcionario/cuestionario_tcm30-96165.pdf
aemet-a1-acceso-libre-primer-ejercicio-2016-36,needs_review:C:legacy,2016-36,C,quarantined,needs_visual_review,quarantine_existing_stable_id,https://www.miteco.gob.es/content/dam/miteco/es/ministerio/empleo-publico/personal-funcionario/cuestionario_tcm30-96165.pdf
aemet-a1-acceso-libre-primer-ejercicio-2016-37,needs_review:C:legacy,2016-37,C,quarantined,needs_visual_review,quarantine_existing_stable_id,https://www.miteco.gob.es/content/dam/miteco/es/ministerio/empleo-publico/personal-funcionario/cuestionario_tcm30-96165.pdf
aemet-a1-acceso-libre-primer-ejercicio-2016-38,needs_review:A:legacy,2016-38,A,quarantined,needs_visual_review,quarantine_existing_stable_id,https://www.miteco.gob.es/content/dam/miteco/es/ministerio/empleo-publico/personal-funcionario/cuestionario_tcm30-96165.pdf
aemet-a1-acceso-libre-primer-ejercicio-2016-39,needs_review:C:legacy,2016-39,C,quarantined,needs_visual_review,quarantine_existing_stable_id,https://www.miteco.gob.es/content/dam/miteco/es/ministerio/empleo-publico/personal-funcionario/cuestionario_tcm30-96165.pdf
aemet-a1-acceso-libre-primer-ejercicio-2016-40,needs_review:C:legacy,2016-40,C,quarantined,needs_visual_review,quarantine_existing_stable_id,https://www.miteco.gob.es/content/dam/miteco/es/ministerio/empleo-publico/personal-funcionario/cuestionario_tcm30-96165.pdf
aemet-a1-acceso-libre-primer-ejercicio-2016-41,needs_review:A:legacy,2016-41,A,quarantined,needs_visual_review,quarantine_existing_stable_id,https://www.miteco.gob.es/content/dam/miteco/es/ministerio/empleo-publico/personal-funcionario/cuestionario_tcm30-96165.pdf
aemet-a1-acceso-libre-primer-ejercicio-2016-42,needs_review:C:legacy,2016-42,C,quarantined,needs_visual_review,quarantine_existing_stable_id,https://www.miteco.gob.es/content/dam/miteco/es/ministerio/empleo-publico/personal-funcionario/cuestionario_tcm30-96165.pdf
aemet-a1-acceso-libre-primer-ejercicio-2016-43,needs_review:B:legacy,2016-43,B,quarantined,needs_visual_review,quarantine_existing_stable_id,https://www.miteco.gob.es/content/dam/miteco/es/ministerio/empleo-publico/personal-funcionario/cuestionario_tcm30-96165.pdf
aemet-a1-acceso-libre-primer-ejercicio-2016-44,needs_review:C:legacy,2016-44,C,quarantined,needs_visual_review,quarantine_existing_stable_id,https://www.miteco.gob.es/content/dam/miteco/es/ministerio/empleo-publico/personal-funcionario/cuestionario_tcm30-96165.pdf
aemet-a1-acceso-libre-primer-ejercicio-2016-45,needs_review:C:legacy,2016-45,C,quarantined,needs_visual_review,quarantine_existing_stable_id,https://www.miteco.gob.es/content/dam/miteco/es/ministerio/empleo-publico/personal-funcionario/cuestionario_tcm30-96165.pdf
aemet-a1-acceso-libre-primer-ejercicio-2016-46,needs_review:A:legacy,2016-46,A,quarantined,needs_visual_review,quarantine_existing_stable_id,https://www.miteco.gob.es/content/dam/miteco/es/ministerio/empleo-publico/personal-funcionario/cuestionario_tcm30-96165.pdf
aemet-a1-acceso-libre-primer-ejercicio-2016-47,needs_review:D:legacy,2016-47,D,quarantined,needs_visual_review,quarantine_existing_stable_id,https://www.miteco.gob.es/content/dam/miteco/es/ministerio/empleo-publico/personal-funcionario/cuestionario_tcm30-96165.pdf
aemet-a1-acceso-libre-primer-ejercicio-2016-48,needs_review:A:legacy,2016-48,A,quarantined,needs_visual_review,quarantine_existing_stable_id,https://www.miteco.gob.es/content/dam/miteco/es/ministerio/empleo-publico/personal-funcionario/cuestionario_tcm30-96165.pdf
aemet-a1-acceso-libre-primer-ejercicio-2016-49,needs_review:D:legacy,2016-49,D,quarantined,needs_visual_review,quarantine_existing_stable_id,https://www.miteco.gob.es/content/dam/miteco/es/ministerio/empleo-publico/personal-funcionario/cuestionario_tcm30-96165.pdf
aemet-a1-acceso-libre-primer-ejercicio-2016-51,needs_review:C:legacy,2016-51,C,quarantined,needs_visual_review,quarantine_existing_stable_id,https://www.miteco.gob.es/content/dam/miteco/es/ministerio/empleo-publico/personal-funcionario/cuestionario_tcm30-96165.pdf
aemet-a1-acceso-libre-primer-ejercicio-2016-52,needs_review:B:legacy,2016-52,B,quarantined,needs_visual_review,quarantine_existing_stable_id,https://www.miteco.gob.es/content/dam/miteco/es/ministerio/empleo-publico/personal-funcionario/cuestionario_tcm30-96165.pdf
aemet-a1-acceso-libre-primer-ejercicio-2016-53,needs_review:D:legacy,2016-53,D,quarantined,needs_visual_review,quarantine_existing_stable_id,https://www.miteco.gob.es/content/dam/miteco/es/ministerio/empleo-publico/personal-funcionario/cuestionario_tcm30-96165.pdf
aemet-a1-acceso-libre-primer-ejercicio-2016-54,needs_review:D:legacy,2016-54,D,quarantined,needs_visual_review,quarantine_existing_stable_id,https://www.miteco.gob.es/content/dam/miteco/es/ministerio/empleo-publico/personal-funcionario/cuestionario_tcm30-96165.pdf
aemet-a1-acceso-libre-primer-ejercicio-2016-55,needs_review:B:legacy,2016-55,B,quarantined,needs_visual_review,quarantine_existing_stable_id,https://www.miteco.gob.es/content/dam/miteco/es/ministerio/empleo-publico/personal-funcionario/cuestionario_tcm30-96165.pdf
aemet-a1-acceso-libre-primer-ejercicio-2016-56,needs_review:B:legacy,2016-56,B,quarantined,needs_visual_review,quarantine_existing_stable_id,https://www.miteco.gob.es/content/dam/miteco/es/ministerio/empleo-publico/personal-funcionario/cuestionario_tcm30-96165.pdf
aemet-a1-acceso-libre-primer-ejercicio-2016-57,needs_review:C:legacy,2016-57,C,quarantined,needs_visual_review,quarantine_existing_stable_id,https://www.miteco.gob.es/content/dam/miteco/es/ministerio/empleo-publico/personal-funcionario/cuestionario_tcm30-96165.pdf
aemet-a1-acceso-libre-primer-ejercicio-2016-58,needs_review:A:legacy,2016-58,A,quarantined,needs_visual_review,quarantine_existing_stable_id,https://www.miteco.gob.es/content/dam/miteco/es/ministerio/empleo-publico/personal-funcionario/cuestionario_tcm30-96165.pdf
aemet-a1-acceso-libre-primer-ejercicio-2016-59,needs_review:D:legacy,2016-59,D,quarantined,needs_visual_review,quarantine_existing_stable_id,https://www.miteco.gob.es/content/dam/miteco/es/ministerio/empleo-publico/personal-funcionario/cuestionario_tcm30-96165.pdf
aemet-a1-acceso-libre-primer-ejercicio-2016-60,needs_review:B:legacy,2016-60,B,quarantined,needs_visual_review,quarantine_existing_stable_id,https://www.miteco.gob.es/content/dam/miteco/es/ministerio/empleo-publico/personal-funcionario/cuestionario_tcm30-96165.pdf
aemet-a1-acceso-libre-primer-ejercicio-2016-61,needs_review:C:legacy,2016-61,C,quarantined,needs_visual_review,quarantine_existing_stable_id,https://www.miteco.gob.es/content/dam/miteco/es/ministerio/empleo-publico/personal-funcionario/cuestionario_tcm30-96165.pdf
aemet-a1-acceso-libre-primer-ejercicio-2016-62,absent_or_offline,2016-62,A,quarantined,incomplete_extraction,insert_quarantined_stable_id,https://www.miteco.gob.es/content/dam/miteco/es/ministerio/empleo-publico/personal-funcionario/cuestionario_tcm30-96165.pdf
aemet-a1-acceso-libre-primer-ejercicio-2016-63,needs_review:B:legacy,2016-63,B,quarantined,needs_visual_review,quarantine_existing_stable_id,https://www.miteco.gob.es/content/dam/miteco/es/ministerio/empleo-publico/personal-funcionario/cuestionario_tcm30-96165.pdf
aemet-a1-acceso-libre-primer-ejercicio-2016-64,needs_review:B:legacy,2016-64,B,quarantined,needs_visual_review,quarantine_existing_stable_id,https://www.miteco.gob.es/content/dam/miteco/es/ministerio/empleo-publico/personal-funcionario/cuestionario_tcm30-96165.pdf
aemet-a1-acceso-libre-primer-ejercicio-2016-65,needs_review:D:legacy,2016-65,D,quarantined,needs_visual_review,quarantine_existing_stable_id,https://www.miteco.gob.es/content/dam/miteco/es/ministerio/empleo-publico/personal-funcionario/cuestionario_tcm30-96165.pdf
aemet-a1-acceso-libre-primer-ejercicio-2016-66,needs_review:D:legacy,2016-66,D,quarantined,needs_visual_review,quarantine_existing_stable_id,https://www.miteco.gob.es/content/dam/miteco/es/ministerio/empleo-publico/personal-funcionario/cuestionario_tcm30-96165.pdf
aemet-a1-acceso-libre-primer-ejercicio-2016-67,needs_review:A:legacy,2016-67,A,quarantined,needs_visual_review,quarantine_existing_stable_id,https://www.miteco.gob.es/content/dam/miteco/es/ministerio/empleo-publico/personal-funcionario/cuestionario_tcm30-96165.pdf
aemet-a1-acceso-libre-primer-ejercicio-2016-68,needs_review:A:legacy,2016-68,A,quarantined,needs_visual_review,quarantine_existing_stable_id,https://www.miteco.gob.es/content/dam/miteco/es/ministerio/empleo-publico/personal-funcionario/cuestionario_tcm30-96165.pdf
aemet-a1-acceso-libre-primer-ejercicio-2016-69,needs_review:D:legacy,2016-69,D,quarantined,needs_visual_review,quarantine_existing_stable_id,https://www.miteco.gob.es/content/dam/miteco/es/ministerio/empleo-publico/personal-funcionario/cuestionario_tcm30-96165.pdf
aemet-a1-acceso-libre-primer-ejercicio-2016-70,needs_review:B:legacy,2016-70,B,quarantined,needs_visual_review,quarantine_existing_stable_id,https://www.miteco.gob.es/content/dam/miteco/es/ministerio/empleo-publico/personal-funcionario/cuestionario_tcm30-96165.pdf
aemet-a1-acceso-libre-primer-ejercicio-2016-71,needs_review:D:legacy,2016-71,D,quarantined,needs_visual_review,quarantine_existing_stable_id,https://www.miteco.gob.es/content/dam/miteco/es/ministerio/empleo-publico/personal-funcionario/cuestionario_tcm30-96165.pdf
aemet-a1-acceso-libre-primer-ejercicio-2016-72,needs_review:C:legacy,2016-72,C,quarantined,needs_visual_review,quarantine_existing_stable_id,https://www.miteco.gob.es/content/dam/miteco/es/ministerio/empleo-publico/personal-funcionario/cuestionario_tcm30-96165.pdf
aemet-a1-acceso-libre-primer-ejercicio-2016-73,needs_review:D:legacy,2016-73,D,quarantined,needs_visual_review,quarantine_existing_stable_id,https://www.miteco.gob.es/content/dam/miteco/es/ministerio/empleo-publico/personal-funcionario/cuestionario_tcm30-96165.pdf
aemet-a1-acceso-libre-primer-ejercicio-2016-74,needs_review:C:legacy,2016-74,C,quarantined,needs_visual_review,quarantine_existing_stable_id,https://www.miteco.gob.es/content/dam/miteco/es/ministerio/empleo-publico/personal-funcionario/cuestionario_tcm30-96165.pdf
aemet-a1-acceso-libre-primer-ejercicio-2016-76,needs_review:C:legacy,2016-76,C,quarantined,needs_visual_review,quarantine_existing_stable_id,https://www.miteco.gob.es/content/dam/miteco/es/ministerio/empleo-publico/personal-funcionario/cuestionario_tcm30-96165.pdf
aemet-a1-acceso-libre-primer-ejercicio-2016-77,needs_review:A:legacy,2016-77,A,quarantined,needs_visual_review,quarantine_existing_stable_id,https://www.miteco.gob.es/content/dam/miteco/es/ministerio/empleo-publico/personal-funcionario/cuestionario_tcm30-96165.pdf
aemet-a1-acceso-libre-primer-ejercicio-2016-78,needs_review:C:legacy,2016-78,C,quarantined,needs_visual_review,quarantine_existing_stable_id,https://www.miteco.gob.es/content/dam/miteco/es/ministerio/empleo-publico/personal-funcionario/cuestionario_tcm30-96165.pdf
aemet-a1-acceso-libre-primer-ejercicio-2016-79,needs_review:C:legacy,2016-79,C,quarantined,needs_visual_review,quarantine_existing_stable_id,https://www.miteco.gob.es/content/dam/miteco/es/ministerio/empleo-publico/personal-funcionario/cuestionario_tcm30-96165.pdf
aemet-a1-acceso-libre-primer-ejercicio-2016-80,needs_review:B:legacy,2016-80,B,quarantined,needs_visual_review,quarantine_existing_stable_id,https://www.miteco.gob.es/content/dam/miteco/es/ministerio/empleo-publico/personal-funcionario/cuestionario_tcm30-96165.pdf
aemet-a1-acceso-libre-primer-ejercicio-2016-81,needs_review:C:legacy,2016-81,C,quarantined,needs_visual_review,quarantine_existing_stable_id,https://www.miteco.gob.es/content/dam/miteco/es/ministerio/empleo-publico/personal-funcionario/cuestionario_tcm30-96165.pdf
aemet-a1-acceso-libre-primer-ejercicio-2016-82,needs_review:A:legacy,2016-82,A,quarantined,needs_visual_review,quarantine_existing_stable_id,https://www.miteco.gob.es/content/dam/miteco/es/ministerio/empleo-publico/personal-funcionario/cuestionario_tcm30-96165.pdf
aemet-a1-acceso-libre-primer-ejercicio-2016-83,needs_review:C:legacy,2016-83,C,quarantined,needs_visual_review,quarantine_existing_stable_id,https://www.miteco.gob.es/content/dam/miteco/es/ministerio/empleo-publico/personal-funcionario/cuestionario_tcm30-96165.pdf
aemet-a1-acceso-libre-primer-ejercicio-2016-84,needs_review:A:legacy,2016-84,A,quarantined,needs_visual_review,quarantine_existing_stable_id,https://www.miteco.gob.es/content/dam/miteco/es/ministerio/empleo-publico/personal-funcionario/cuestionario_tcm30-96165.pdf
aemet-a1-acceso-libre-primer-ejercicio-2016-86,needs_review:C:legacy,2016-86,C,quarantined,needs_visual_review,quarantine_existing_stable_id,https://www.miteco.gob.es/content/dam/miteco/es/ministerio/empleo-publico/personal-funcionario/cuestionario_tcm30-96165.pdf
aemet-a1-acceso-libre-primer-ejercicio-2016-87,needs_review:B:legacy,2016-87,B,quarantined,needs_visual_review,quarantine_existing_stable_id,https://www.miteco.gob.es/content/dam/miteco/es/ministerio/empleo-publico/personal-funcionario/cuestionario_tcm30-96165.pdf
aemet-a1-acceso-libre-primer-ejercicio-2016-88,needs_review:C:legacy,2016-88,C,quarantined,needs_visual_review,quarantine_existing_stable_id,https://www.miteco.gob.es/content/dam/miteco/es/ministerio/empleo-publico/personal-funcionario/cuestionario_tcm30-96165.pdf
aemet-a1-acceso-libre-primer-ejercicio-2016-89,needs_review:C:legacy,2016-89,C,quarantined,needs_visual_review,quarantine_existing_stable_id,https://www.miteco.gob.es/content/dam/miteco/es/ministerio/empleo-publico/personal-funcionario/cuestionario_tcm30-96165.pdf
aemet-a1-acceso-libre-primer-ejercicio-2016-90,needs_review:B:legacy,2016-90,B,quarantined,needs_visual_review,quarantine_existing_stable_id,https://www.miteco.gob.es/content/dam/miteco/es/ministerio/empleo-publico/personal-funcionario/cuestionario_tcm30-96165.pdf
aemet-a1-acceso-libre-primer-ejercicio-2016-91,needs_review:B:legacy,2016-91,B,quarantined,needs_visual_review,quarantine_existing_stable_id,https://www.miteco.gob.es/content/dam/miteco/es/ministerio/empleo-publico/personal-funcionario/cuestionario_tcm30-96165.pdf
aemet-a1-acceso-libre-primer-ejercicio-2016-92,needs_review:B:legacy,2016-92,B,quarantined,needs_visual_review,quarantine_existing_stable_id,https://www.miteco.gob.es/content/dam/miteco/es/ministerio/empleo-publico/personal-funcionario/cuestionario_tcm30-96165.pdf
aemet-a1-acceso-libre-primer-ejercicio-2016-93,needs_review:C:legacy,2016-93,C,quarantined,needs_visual_review,quarantine_existing_stable_id,https://www.miteco.gob.es/content/dam/miteco/es/ministerio/empleo-publico/personal-funcionario/cuestionario_tcm30-96165.pdf
aemet-a1-acceso-libre-primer-ejercicio-2016-94,needs_review:D:legacy,2016-94,D,quarantined,needs_visual_review,quarantine_existing_stable_id,https://www.miteco.gob.es/content/dam/miteco/es/ministerio/empleo-publico/personal-funcionario/cuestionario_tcm30-96165.pdf
aemet-a1-acceso-libre-primer-ejercicio-2016-96,needs_review:D:legacy,2016-96,D,quarantined,needs_visual_review,quarantine_existing_stable_id,https://www.miteco.gob.es/content/dam/miteco/es/ministerio/empleo-publico/personal-funcionario/cuestionario_tcm30-96165.pdf
aemet-a1-acceso-libre-primer-ejercicio-2016-97,needs_review:C:legacy,2016-97,C,quarantined,needs_visual_review,quarantine_existing_stable_id,https://www.miteco.gob.es/content/dam/miteco/es/ministerio/empleo-publico/personal-funcionario/cuestionario_tcm30-96165.pdf
aemet-a1-acceso-libre-primer-ejercicio-2016-98,needs_review:A:legacy,2016-98,A,quarantined,needs_visual_review,quarantine_existing_stable_id,https://www.miteco.gob.es/content/dam/miteco/es/ministerio/empleo-publico/personal-funcionario/cuestionario_tcm30-96165.pdf
aemet-a1-acceso-libre-primer-ejercicio-2016-99,needs_review:C:legacy,2016-99,C,quarantined,needs_visual_review,quarantine_existing_stable_id,https://www.miteco.gob.es/content/dam/miteco/es/ministerio/empleo-publico/personal-funcionario/cuestionario_tcm30-96165.pdf
aemet-a1-acceso-libre-primer-ejercicio-2016-100,needs_review:B:legacy,2016-100,B,quarantined,needs_visual_review,quarantine_existing_stable_id,https://www.miteco.gob.es/content/dam/miteco/es/ministerio/empleo-publico/personal-funcionario/cuestionario_tcm30-96165.pdf
aemet-a1-acceso-libre-primer-ejercicio-2016-101,needs_review:D:legacy,2016-101,D,quarantined,needs_visual_review,quarantine_existing_stable_id,https://www.miteco.gob.es/content/dam/miteco/es/ministerio/empleo-publico/personal-funcionario/cuestionario_tcm30-96165.pdf
aemet-a1-acceso-libre-primer-ejercicio-2016-102,needs_review:C:legacy,2016-102,C,quarantined,needs_visual_review,quarantine_existing_stable_id,https://www.miteco.gob.es/content/dam/miteco/es/ministerio/empleo-publico/personal-funcionario/cuestionario_tcm30-96165.pdf
aemet-a1-acceso-libre-primer-ejercicio-2016-103,needs_review:B:legacy,2016-103,B,quarantined,needs_visual_review,quarantine_existing_stable_id,https://www.miteco.gob.es/content/dam/miteco/es/ministerio/empleo-publico/personal-funcionario/cuestionario_tcm30-96165.pdf
aemet-a1-acceso-libre-primer-ejercicio-2016-104,needs_review:C:legacy,2016-104,C,quarantined,needs_visual_review,quarantine_existing_stable_id,https://www.miteco.gob.es/content/dam/miteco/es/ministerio/empleo-publico/personal-funcionario/cuestionario_tcm30-96165.pdf
aemet-a1-acceso-libre-primer-ejercicio-2016-105,needs_review:C:legacy,2016-105,C,quarantined,needs_visual_review,quarantine_existing_stable_id,https://www.miteco.gob.es/content/dam/miteco/es/ministerio/empleo-publico/personal-funcionario/cuestionario_tcm30-96165.pdf
aemet-a1-acceso-libre-primer-ejercicio-2016-106,needs_review:A:legacy,2016-106,A,quarantined,needs_visual_review,quarantine_existing_stable_id,https://www.miteco.gob.es/content/dam/miteco/es/ministerio/empleo-publico/personal-funcionario/cuestionario_tcm30-96165.pdf
aemet-a1-acceso-libre-primer-ejercicio-2016-107,needs_review:D:legacy,2016-107,D,quarantined,needs_visual_review,quarantine_existing_stable_id,https://www.miteco.gob.es/content/dam/miteco/es/ministerio/empleo-publico/personal-funcionario/cuestionario_tcm30-96165.pdf
aemet-a1-acceso-libre-primer-ejercicio-2016-108,needs_review:A:legacy,2016-108,A,quarantined,needs_visual_review,quarantine_existing_stable_id,https://www.miteco.gob.es/content/dam/miteco/es/ministerio/empleo-publico/personal-funcionario/cuestionario_tcm30-96165.pdf
aemet-a1-acceso-libre-primer-ejercicio-2016-109,needs_review:C:legacy,2016-109,C,quarantined,needs_visual_review,quarantine_existing_stable_id,https://www.miteco.gob.es/content/dam/miteco/es/ministerio/empleo-publico/personal-funcionario/cuestionario_tcm30-96165.pdf
aemet-a1-acceso-libre-primer-ejercicio-2016-110,needs_review:B:legacy,2016-110,B,quarantined,needs_visual_review,quarantine_existing_stable_id,https://www.miteco.gob.es/content/dam/miteco/es/ministerio/empleo-publico/personal-funcionario/cuestionario_tcm30-96165.pdf
aemet-a1-acceso-libre-primer-ejercicio-2016-111,needs_review:A:legacy,2016-111,A,quarantined,needs_visual_review,quarantine_existing_stable_id,https://www.miteco.gob.es/content/dam/miteco/es/ministerio/empleo-publico/personal-funcionario/cuestionario_tcm30-96165.pdf
aemet-a1-acceso-libre-primer-ejercicio-2016-112,needs_review:B:legacy,2016-112,B,quarantined,needs_visual_review,quarantine_existing_stable_id,https://www.miteco.gob.es/content/dam/miteco/es/ministerio/empleo-publico/personal-funcionario/cuestionario_tcm30-96165.pdf
aemet-a1-acceso-libre-primer-ejercicio-2016-113,needs_review:A:legacy,2016-113,A,quarantined,needs_visual_review,quarantine_existing_stable_id,https://www.miteco.gob.es/content/dam/miteco/es/ministerio/empleo-publico/personal-funcionario/cuestionario_tcm30-96165.pdf
aemet-a1-acceso-libre-primer-ejercicio-2016-114,needs_review:A:legacy,2016-114,A,quarantined,needs_visual_review,quarantine_existing_stable_id,https://www.miteco.gob.es/content/dam/miteco/es/ministerio/empleo-publico/personal-funcionario/cuestionario_tcm30-96165.pdf
aemet-a1-acceso-libre-primer-ejercicio-2016-115,needs_review:C:legacy,2016-115,C,quarantined,needs_visual_review,quarantine_existing_stable_id,https://www.miteco.gob.es/content/dam/miteco/es/ministerio/empleo-publico/personal-funcionario/cuestionario_tcm30-96165.pdf
aemet-a1-acceso-libre-primer-ejercicio-2016-116,needs_review:B:legacy,2016-116,B,quarantined,needs_visual_review,quarantine_existing_stable_id,https://www.miteco.gob.es/content/dam/miteco/es/ministerio/empleo-publico/personal-funcionario/cuestionario_tcm30-96165.pdf
aemet-a1-acceso-libre-primer-ejercicio-2016-117,needs_review:B:legacy,2016-117,B,quarantined,needs_visual_review,quarantine_existing_stable_id,https://www.miteco.gob.es/content/dam/miteco/es/ministerio/empleo-publico/personal-funcionario/cuestionario_tcm30-96165.pdf
aemet-a1-acceso-libre-primer-ejercicio-2016-118,needs_review:B:legacy,2016-118,B,quarantined,needs_visual_review,quarantine_existing_stable_id,https://www.miteco.gob.es/content/dam/miteco/es/ministerio/empleo-publico/personal-funcionario/cuestionario_tcm30-96165.pdf
aemet-a1-acceso-libre-primer-ejercicio-2016-119,needs_review:B:legacy,2016-119,B,quarantined,needs_visual_review,quarantine_existing_stable_id,https://www.miteco.gob.es/content/dam/miteco/es/ministerio/empleo-publico/personal-funcionario/cuestionario_tcm30-96165.pdf
aemet-a1-acceso-libre-primer-ejercicio-2016-120,needs_review:C:legacy,2016-120,C,quarantined,needs_visual_review,quarantine_existing_stable_id,https://www.miteco.gob.es/content/dam/miteco/es/ministerio/empleo-publico/personal-funcionario/cuestionario_tcm30-96165.pdf
aemet-a1-acceso-libre-primer-ejercicio-2017-1,verified:B:legacy,2017-1,B,quarantined,needs_visual_review,quarantine_existing_stable_id,https://www.miteco.gob.es/content/dam/miteco/es/ministerio/empleo-publico/personal-funcionario/primer_ejercicio_v2_tcm30-437875.pdf
aemet-a1-acceso-libre-primer-ejercicio-2017-2,verified:A:legacy,2017-2,A,quarantined,needs_visual_review,quarantine_existing_stable_id,https://www.miteco.gob.es/content/dam/miteco/es/ministerio/empleo-publico/personal-funcionario/primer_ejercicio_v2_tcm30-437875.pdf
aemet-a1-acceso-libre-primer-ejercicio-2017-3,verified:C:legacy,2017-3,C,quarantined,needs_visual_review,quarantine_existing_stable_id,https://www.miteco.gob.es/content/dam/miteco/es/ministerio/empleo-publico/personal-funcionario/primer_ejercicio_v2_tcm30-437875.pdf
aemet-a1-acceso-libre-primer-ejercicio-2017-4,needs_review:D:legacy,2017-4,D,quarantined,needs_visual_review,quarantine_existing_stable_id,https://www.miteco.gob.es/content/dam/miteco/es/ministerio/empleo-publico/personal-funcionario/primer_ejercicio_v2_tcm30-437875.pdf
aemet-a1-acceso-libre-primer-ejercicio-2017-5,verified:D:legacy,2017-5,D,quarantined,needs_visual_review,quarantine_existing_stable_id,https://www.miteco.gob.es/content/dam/miteco/es/ministerio/empleo-publico/personal-funcionario/primer_ejercicio_v2_tcm30-437875.pdf
aemet-a1-acceso-libre-primer-ejercicio-2017-6,verified:C:legacy,2017-6,C,quarantined,needs_visual_review,quarantine_existing_stable_id,https://www.miteco.gob.es/content/dam/miteco/es/ministerio/empleo-publico/personal-funcionario/primer_ejercicio_v2_tcm30-437875.pdf
aemet-a1-acceso-libre-primer-ejercicio-2017-7,verified:C:legacy,2017-7,C,quarantined,needs_visual_review,quarantine_existing_stable_id,https://www.miteco.gob.es/content/dam/miteco/es/ministerio/empleo-publico/personal-funcionario/primer_ejercicio_v2_tcm30-437875.pdf
aemet-a1-acceso-libre-primer-ejercicio-2017-9,verified:A:legacy,2017-9,A,quarantined,needs_visual_review,quarantine_existing_stable_id,https://www.miteco.gob.es/content/dam/miteco/es/ministerio/empleo-publico/personal-funcionario/primer_ejercicio_v2_tcm30-437875.pdf
aemet-a1-acceso-libre-primer-ejercicio-2017-10,verified:D:legacy,2017-10,D,quarantined,needs_visual_review,quarantine_existing_stable_id,https://www.miteco.gob.es/content/dam/miteco/es/ministerio/empleo-publico/personal-funcionario/primer_ejercicio_v2_tcm30-437875.pdf
aemet-a1-acceso-libre-primer-ejercicio-2017-11,verified:A:legacy,2017-11,A,quarantined,needs_visual_review,quarantine_existing_stable_id,https://www.miteco.gob.es/content/dam/miteco/es/ministerio/empleo-publico/personal-funcionario/primer_ejercicio_v2_tcm30-437875.pdf
aemet-a1-acceso-libre-primer-ejercicio-2017-12,needs_review:B:legacy,2017-12,B,quarantined,needs_visual_review,quarantine_existing_stable_id,https://www.miteco.gob.es/content/dam/miteco/es/ministerio/empleo-publico/personal-funcionario/primer_ejercicio_v2_tcm30-437875.pdf
aemet-a1-acceso-libre-primer-ejercicio-2017-13,verified:C:legacy,2017-13,C,quarantined,needs_visual_review,quarantine_existing_stable_id,https://www.miteco.gob.es/content/dam/miteco/es/ministerio/empleo-publico/personal-funcionario/primer_ejercicio_v2_tcm30-437875.pdf
aemet-a1-acceso-libre-primer-ejercicio-2017-14,verified:B:legacy,2017-14,B,quarantined,needs_visual_review,quarantine_existing_stable_id,https://www.miteco.gob.es/content/dam/miteco/es/ministerio/empleo-publico/personal-funcionario/primer_ejercicio_v2_tcm30-437875.pdf
aemet-a1-acceso-libre-primer-ejercicio-2017-15,verified:C:legacy,2017-15,C,quarantined,needs_visual_review,quarantine_existing_stable_id,https://www.miteco.gob.es/content/dam/miteco/es/ministerio/empleo-publico/personal-funcionario/primer_ejercicio_v2_tcm30-437875.pdf
aemet-a1-acceso-libre-primer-ejercicio-2017-16,needs_review:A:legacy,2017-16,A,quarantined,needs_visual_review,quarantine_existing_stable_id,https://www.miteco.gob.es/content/dam/miteco/es/ministerio/empleo-publico/personal-funcionario/primer_ejercicio_v2_tcm30-437875.pdf
aemet-a1-acceso-libre-primer-ejercicio-2017-17,verified:A:legacy,2017-17,A,quarantined,needs_visual_review,quarantine_existing_stable_id,https://www.miteco.gob.es/content/dam/miteco/es/ministerio/empleo-publico/personal-funcionario/primer_ejercicio_v2_tcm30-437875.pdf
aemet-a1-acceso-libre-primer-ejercicio-2017-18,verified:A:legacy,2017-18,A,quarantined,needs_visual_review,quarantine_existing_stable_id,https://www.miteco.gob.es/content/dam/miteco/es/ministerio/empleo-publico/personal-funcionario/primer_ejercicio_v2_tcm30-437875.pdf
aemet-a1-acceso-libre-primer-ejercicio-2017-19,verified:A:legacy,2017-19,A,quarantined,needs_visual_review,quarantine_existing_stable_id,https://www.miteco.gob.es/content/dam/miteco/es/ministerio/empleo-publico/personal-funcionario/primer_ejercicio_v2_tcm30-437875.pdf
aemet-a1-acceso-libre-primer-ejercicio-2017-20,verified:C:legacy,2017-20,C,quarantined,needs_visual_review,quarantine_existing_stable_id,https://www.miteco.gob.es/content/dam/miteco/es/ministerio/empleo-publico/personal-funcionario/primer_ejercicio_v2_tcm30-437875.pdf
aemet-a1-acceso-libre-primer-ejercicio-2017-21,needs_review:D:legacy,2017-21,D,quarantined,needs_visual_review,quarantine_existing_stable_id,https://www.miteco.gob.es/content/dam/miteco/es/ministerio/empleo-publico/personal-funcionario/primer_ejercicio_v2_tcm30-437875.pdf
aemet-a1-acceso-libre-primer-ejercicio-2017-22,verified:D:legacy,2017-22,D,quarantined,needs_visual_review,quarantine_existing_stable_id,https://www.miteco.gob.es/content/dam/miteco/es/ministerio/empleo-publico/personal-funcionario/primer_ejercicio_v2_tcm30-437875.pdf
aemet-a1-acceso-libre-primer-ejercicio-2017-23,verified:C:legacy,2017-23,C,quarantined,needs_visual_review,quarantine_existing_stable_id,https://www.miteco.gob.es/content/dam/miteco/es/ministerio/empleo-publico/personal-funcionario/primer_ejercicio_v2_tcm30-437875.pdf
aemet-a1-acceso-libre-primer-ejercicio-2017-24,verified:C:legacy,2017-24,C,quarantined,needs_visual_review,quarantine_existing_stable_id,https://www.miteco.gob.es/content/dam/miteco/es/ministerio/empleo-publico/personal-funcionario/primer_ejercicio_v2_tcm30-437875.pdf
aemet-a1-acceso-libre-primer-ejercicio-2017-25,verified:A:legacy,2017-25,A,quarantined,needs_visual_review,quarantine_existing_stable_id,https://www.miteco.gob.es/content/dam/miteco/es/ministerio/empleo-publico/personal-funcionario/primer_ejercicio_v2_tcm30-437875.pdf
aemet-a1-acceso-libre-primer-ejercicio-2017-26,needs_review:D:legacy,2017-26,D,quarantined,needs_visual_review,quarantine_existing_stable_id,https://www.miteco.gob.es/content/dam/miteco/es/ministerio/empleo-publico/personal-funcionario/primer_ejercicio_v2_tcm30-437875.pdf
aemet-a1-acceso-libre-primer-ejercicio-2017-27,verified:D:legacy,2017-27,D,quarantined,needs_visual_review,quarantine_existing_stable_id,https://www.miteco.gob.es/content/dam/miteco/es/ministerio/empleo-publico/personal-funcionario/primer_ejercicio_v2_tcm30-437875.pdf
aemet-a1-acceso-libre-primer-ejercicio-2017-28,verified:C:legacy,2017-28,C,quarantined,needs_visual_review,quarantine_existing_stable_id,https://www.miteco.gob.es/content/dam/miteco/es/ministerio/empleo-publico/personal-funcionario/primer_ejercicio_v2_tcm30-437875.pdf
aemet-a1-acceso-libre-primer-ejercicio-2017-29,verified:D:legacy,2017-29,D,quarantined,needs_visual_review,quarantine_existing_stable_id,https://www.miteco.gob.es/content/dam/miteco/es/ministerio/empleo-publico/personal-funcionario/primer_ejercicio_v2_tcm30-437875.pdf
aemet-a1-acceso-libre-primer-ejercicio-2017-30,needs_review:A:legacy,2017-30,A,quarantined,needs_visual_review,quarantine_existing_stable_id,https://www.miteco.gob.es/content/dam/miteco/es/ministerio/empleo-publico/personal-funcionario/primer_ejercicio_v2_tcm30-437875.pdf
aemet-a1-acceso-libre-primer-ejercicio-2017-31,verified:D:legacy,2017-31,D,quarantined,needs_visual_review,quarantine_existing_stable_id,https://www.miteco.gob.es/content/dam/miteco/es/ministerio/empleo-publico/personal-funcionario/primer_ejercicio_v2_tcm30-437875.pdf
aemet-a1-acceso-libre-primer-ejercicio-2017-32,verified:D:legacy,2017-32,D,quarantined,needs_visual_review,quarantine_existing_stable_id,https://www.miteco.gob.es/content/dam/miteco/es/ministerio/empleo-publico/personal-funcionario/primer_ejercicio_v2_tcm30-437875.pdf
aemet-a1-acceso-libre-primer-ejercicio-2017-33,verified:D:legacy,2017-33,D,quarantined,needs_visual_review,quarantine_existing_stable_id,https://www.miteco.gob.es/content/dam/miteco/es/ministerio/empleo-publico/personal-funcionario/primer_ejercicio_v2_tcm30-437875.pdf
aemet-a1-acceso-libre-primer-ejercicio-2017-34,needs_review:D:legacy,2017-34,D,quarantined,needs_visual_review,quarantine_existing_stable_id,https://www.miteco.gob.es/content/dam/miteco/es/ministerio/empleo-publico/personal-funcionario/primer_ejercicio_v2_tcm30-437875.pdf
aemet-a1-acceso-libre-primer-ejercicio-2017-35,verified:A:legacy,2017-35,A,quarantined,needs_visual_review,quarantine_existing_stable_id,https://www.miteco.gob.es/content/dam/miteco/es/ministerio/empleo-publico/personal-funcionario/primer_ejercicio_v2_tcm30-437875.pdf
aemet-a1-acceso-libre-primer-ejercicio-2017-36,verified:A:legacy,2017-36,A,quarantined,needs_visual_review,quarantine_existing_stable_id,https://www.miteco.gob.es/content/dam/miteco/es/ministerio/empleo-publico/personal-funcionario/primer_ejercicio_v2_tcm30-437875.pdf
aemet-a1-acceso-libre-primer-ejercicio-2017-37,verified:C:legacy,2017-37,C,quarantined,needs_visual_review,quarantine_existing_stable_id,https://www.miteco.gob.es/content/dam/miteco/es/ministerio/empleo-publico/personal-funcionario/primer_ejercicio_v2_tcm30-437875.pdf
aemet-a1-acceso-libre-primer-ejercicio-2017-38,needs_review:B:legacy,2017-38,B,quarantined,needs_visual_review,quarantine_existing_stable_id,https://www.miteco.gob.es/content/dam/miteco/es/ministerio/empleo-publico/personal-funcionario/primer_ejercicio_v2_tcm30-437875.pdf
aemet-a1-acceso-libre-primer-ejercicio-2017-39,verified:A:legacy,2017-39,A,quarantined,needs_visual_review,quarantine_existing_stable_id,https://www.miteco.gob.es/content/dam/miteco/es/ministerio/empleo-publico/personal-funcionario/primer_ejercicio_v2_tcm30-437875.pdf
aemet-a1-acceso-libre-primer-ejercicio-2017-40,verified:A:legacy,2017-40,A,quarantined,needs_visual_review,quarantine_existing_stable_id,https://www.miteco.gob.es/content/dam/miteco/es/ministerio/empleo-publico/personal-funcionario/primer_ejercicio_v2_tcm30-437875.pdf
aemet-a1-acceso-libre-primer-ejercicio-2017-41,verified:A:legacy,2017-41,A,quarantined,needs_visual_review,quarantine_existing_stable_id,https://www.miteco.gob.es/content/dam/miteco/es/ministerio/empleo-publico/personal-funcionario/primer_ejercicio_v2_tcm30-437875.pdf
aemet-a1-acceso-libre-primer-ejercicio-2017-42,needs_review:A:legacy,2017-42,A,quarantined,needs_visual_review,quarantine_existing_stable_id,https://www.miteco.gob.es/content/dam/miteco/es/ministerio/empleo-publico/personal-funcionario/primer_ejercicio_v2_tcm30-437875.pdf
aemet-a1-acceso-libre-primer-ejercicio-2017-43,verified:B:legacy,2017-43,B,quarantined,needs_visual_review,quarantine_existing_stable_id,https://www.miteco.gob.es/content/dam/miteco/es/ministerio/empleo-publico/personal-funcionario/primer_ejercicio_v2_tcm30-437875.pdf
aemet-a1-acceso-libre-primer-ejercicio-2017-44,verified:B:legacy,2017-44,B,quarantined,needs_visual_review,quarantine_existing_stable_id,https://www.miteco.gob.es/content/dam/miteco/es/ministerio/empleo-publico/personal-funcionario/primer_ejercicio_v2_tcm30-437875.pdf
aemet-a1-acceso-libre-primer-ejercicio-2017-45,verified:C:legacy,2017-45,C,quarantined,needs_visual_review,quarantine_existing_stable_id,https://www.miteco.gob.es/content/dam/miteco/es/ministerio/empleo-publico/personal-funcionario/primer_ejercicio_v2_tcm30-437875.pdf
aemet-a1-acceso-libre-primer-ejercicio-2017-46,needs_review:A:legacy,2017-46,A,quarantined,needs_visual_review,quarantine_existing_stable_id,https://www.miteco.gob.es/content/dam/miteco/es/ministerio/empleo-publico/personal-funcionario/primer_ejercicio_v2_tcm30-437875.pdf
aemet-a1-acceso-libre-primer-ejercicio-2017-47,verified:D:legacy,2017-47,D,quarantined,needs_visual_review,quarantine_existing_stable_id,https://www.miteco.gob.es/content/dam/miteco/es/ministerio/empleo-publico/personal-funcionario/primer_ejercicio_v2_tcm30-437875.pdf
aemet-a1-acceso-libre-primer-ejercicio-2017-48,needs_review:B:legacy,2017-48,B,quarantined,needs_visual_review,quarantine_existing_stable_id,https://www.miteco.gob.es/content/dam/miteco/es/ministerio/empleo-publico/personal-funcionario/primer_ejercicio_v2_tcm30-437875.pdf
aemet-a1-acceso-libre-primer-ejercicio-2017-49,verified:B:legacy,2017-49,B,quarantined,needs_visual_review,quarantine_existing_stable_id,https://www.miteco.gob.es/content/dam/miteco/es/ministerio/empleo-publico/personal-funcionario/primer_ejercicio_v2_tcm30-437875.pdf
aemet-a1-acceso-libre-primer-ejercicio-2017-50,needs_review:A:legacy,2017-50,A,quarantined,needs_visual_review,quarantine_existing_stable_id,https://www.miteco.gob.es/content/dam/miteco/es/ministerio/empleo-publico/personal-funcionario/primer_ejercicio_v2_tcm30-437875.pdf
aemet-a1-acceso-libre-primer-ejercicio-2017-51,verified:D:legacy,2017-51,D,quarantined,needs_visual_review,quarantine_existing_stable_id,https://www.miteco.gob.es/content/dam/miteco/es/ministerio/empleo-publico/personal-funcionario/primer_ejercicio_v2_tcm30-437875.pdf
aemet-a1-acceso-libre-primer-ejercicio-2017-52,verified:B:legacy,2017-52,B,quarantined,needs_visual_review,quarantine_existing_stable_id,https://www.miteco.gob.es/content/dam/miteco/es/ministerio/empleo-publico/personal-funcionario/primer_ejercicio_v2_tcm30-437875.pdf
aemet-a1-acceso-libre-primer-ejercicio-2017-53,verified:C:legacy,2017-53,C,quarantined,needs_visual_review,quarantine_existing_stable_id,https://www.miteco.gob.es/content/dam/miteco/es/ministerio/empleo-publico/personal-funcionario/primer_ejercicio_v2_tcm30-437875.pdf
aemet-a1-acceso-libre-primer-ejercicio-2017-54,needs_review:D:legacy,2017-54,D,quarantined,needs_visual_review,quarantine_existing_stable_id,https://www.miteco.gob.es/content/dam/miteco/es/ministerio/empleo-publico/personal-funcionario/primer_ejercicio_v2_tcm30-437875.pdf
aemet-a1-acceso-libre-primer-ejercicio-2017-55,verified:A:legacy,2017-55,A,quarantined,needs_visual_review,quarantine_existing_stable_id,https://www.miteco.gob.es/content/dam/miteco/es/ministerio/empleo-publico/personal-funcionario/primer_ejercicio_v2_tcm30-437875.pdf
aemet-a1-acceso-libre-primer-ejercicio-2017-56,verified:D:legacy,2017-56,D,quarantined,needs_visual_review,quarantine_existing_stable_id,https://www.miteco.gob.es/content/dam/miteco/es/ministerio/empleo-publico/personal-funcionario/primer_ejercicio_v2_tcm30-437875.pdf
aemet-a1-acceso-libre-primer-ejercicio-2017-57,verified:D:legacy,2017-57,D,quarantined,needs_visual_review,quarantine_existing_stable_id,https://www.miteco.gob.es/content/dam/miteco/es/ministerio/empleo-publico/personal-funcionario/primer_ejercicio_v2_tcm30-437875.pdf
aemet-a1-acceso-libre-primer-ejercicio-2017-58,needs_review:D:legacy,2017-58,D,quarantined,needs_visual_review,quarantine_existing_stable_id,https://www.miteco.gob.es/content/dam/miteco/es/ministerio/empleo-publico/personal-funcionario/primer_ejercicio_v2_tcm30-437875.pdf
aemet-a1-acceso-libre-primer-ejercicio-2017-59,verified:C:legacy,2017-59,C,quarantined,needs_visual_review,quarantine_existing_stable_id,https://www.miteco.gob.es/content/dam/miteco/es/ministerio/empleo-publico/personal-funcionario/primer_ejercicio_v2_tcm30-437875.pdf
aemet-a1-acceso-libre-primer-ejercicio-2017-60,verified:D:legacy,2017-60,D,quarantined,needs_visual_review,quarantine_existing_stable_id,https://www.miteco.gob.es/content/dam/miteco/es/ministerio/empleo-publico/personal-funcionario/primer_ejercicio_v2_tcm30-437875.pdf
aemet-a1-acceso-libre-primer-ejercicio-2017-61,verified:D:legacy,2017-61,D,quarantined,needs_visual_review,quarantine_existing_stable_id,https://www.miteco.gob.es/content/dam/miteco/es/ministerio/empleo-publico/personal-funcionario/primer_ejercicio_v2_tcm30-437875.pdf
aemet-a1-acceso-libre-primer-ejercicio-2017-62,needs_review:C:legacy,2017-62,C,quarantined,needs_visual_review,quarantine_existing_stable_id,https://www.miteco.gob.es/content/dam/miteco/es/ministerio/empleo-publico/personal-funcionario/primer_ejercicio_v2_tcm30-437875.pdf
aemet-a1-acceso-libre-primer-ejercicio-2017-63,verified:B:legacy,2017-63,B,quarantined,needs_visual_review,quarantine_existing_stable_id,https://www.miteco.gob.es/content/dam/miteco/es/ministerio/empleo-publico/personal-funcionario/primer_ejercicio_v2_tcm30-437875.pdf
aemet-a1-acceso-libre-primer-ejercicio-2017-64,verified:A:legacy,2017-64,A,quarantined,needs_visual_review,quarantine_existing_stable_id,https://www.miteco.gob.es/content/dam/miteco/es/ministerio/empleo-publico/personal-funcionario/primer_ejercicio_v2_tcm30-437875.pdf
aemet-a1-acceso-libre-primer-ejercicio-2017-65,verified:D:legacy,2017-65,D,quarantined,needs_visual_review,quarantine_existing_stable_id,https://www.miteco.gob.es/content/dam/miteco/es/ministerio/empleo-publico/personal-funcionario/primer_ejercicio_v2_tcm30-437875.pdf
aemet-a1-acceso-libre-primer-ejercicio-2017-66,needs_review:D:legacy,2017-66,D,quarantined,needs_visual_review,quarantine_existing_stable_id,https://www.miteco.gob.es/content/dam/miteco/es/ministerio/empleo-publico/personal-funcionario/primer_ejercicio_v2_tcm30-437875.pdf
aemet-a1-acceso-libre-primer-ejercicio-2017-67,verified:D:legacy,2017-67,D,quarantined,needs_visual_review,quarantine_existing_stable_id,https://www.miteco.gob.es/content/dam/miteco/es/ministerio/empleo-publico/personal-funcionario/primer_ejercicio_v2_tcm30-437875.pdf
aemet-a1-acceso-libre-primer-ejercicio-2017-68,verified:A:legacy,2017-68,A,quarantined,needs_visual_review,quarantine_existing_stable_id,https://www.miteco.gob.es/content/dam/miteco/es/ministerio/empleo-publico/personal-funcionario/primer_ejercicio_v2_tcm30-437875.pdf
aemet-a1-acceso-libre-primer-ejercicio-2017-69,verified:C:legacy,2017-69,C,quarantined,needs_visual_review,quarantine_existing_stable_id,https://www.miteco.gob.es/content/dam/miteco/es/ministerio/empleo-publico/personal-funcionario/primer_ejercicio_v2_tcm30-437875.pdf
aemet-a1-acceso-libre-primer-ejercicio-2017-70,needs_review:B:legacy,2017-70,B,quarantined,needs_visual_review,quarantine_existing_stable_id,https://www.miteco.gob.es/content/dam/miteco/es/ministerio/empleo-publico/personal-funcionario/primer_ejercicio_v2_tcm30-437875.pdf
aemet-a1-acceso-libre-primer-ejercicio-2017-71,verified:C:legacy,2017-71,C,quarantined,needs_visual_review,quarantine_existing_stable_id,https://www.miteco.gob.es/content/dam/miteco/es/ministerio/empleo-publico/personal-funcionario/primer_ejercicio_v2_tcm30-437875.pdf
aemet-a1-acceso-libre-primer-ejercicio-2017-72,verified:A:legacy,2017-72,A,quarantined,needs_visual_review,quarantine_existing_stable_id,https://www.miteco.gob.es/content/dam/miteco/es/ministerio/empleo-publico/personal-funcionario/primer_ejercicio_v2_tcm30-437875.pdf
aemet-a1-acceso-libre-primer-ejercicio-2017-73,verified:B:legacy,2017-73,B,quarantined,needs_visual_review,quarantine_existing_stable_id,https://www.miteco.gob.es/content/dam/miteco/es/ministerio/empleo-publico/personal-funcionario/primer_ejercicio_v2_tcm30-437875.pdf
aemet-a1-acceso-libre-primer-ejercicio-2017-74,needs_review:D:legacy,2017-74,D,quarantined,needs_visual_review,quarantine_existing_stable_id,https://www.miteco.gob.es/content/dam/miteco/es/ministerio/empleo-publico/personal-funcionario/primer_ejercicio_v2_tcm30-437875.pdf
aemet-a1-acceso-libre-primer-ejercicio-2017-75,verified:A:legacy,2017-75,A,quarantined,needs_visual_review,quarantine_existing_stable_id,https://www.miteco.gob.es/content/dam/miteco/es/ministerio/empleo-publico/personal-funcionario/primer_ejercicio_v2_tcm30-437875.pdf
aemet-a1-acceso-libre-primer-ejercicio-2017-76,verified:C:legacy,2017-76,C,quarantined,needs_visual_review,quarantine_existing_stable_id,https://www.miteco.gob.es/content/dam/miteco/es/ministerio/empleo-publico/personal-funcionario/primer_ejercicio_v2_tcm30-437875.pdf
aemet-a1-acceso-libre-primer-ejercicio-2017-77,verified:D:legacy,2017-77,D,quarantined,needs_visual_review,quarantine_existing_stable_id,https://www.miteco.gob.es/content/dam/miteco/es/ministerio/empleo-publico/personal-funcionario/primer_ejercicio_v2_tcm30-437875.pdf
aemet-a1-acceso-libre-primer-ejercicio-2017-78,needs_review:A:legacy,2017-78,A,quarantined,needs_visual_review,quarantine_existing_stable_id,https://www.miteco.gob.es/content/dam/miteco/es/ministerio/empleo-publico/personal-funcionario/primer_ejercicio_v2_tcm30-437875.pdf
aemet-a1-acceso-libre-primer-ejercicio-2017-79,verified:B:legacy,2017-79,B,quarantined,needs_visual_review,quarantine_existing_stable_id,https://www.miteco.gob.es/content/dam/miteco/es/ministerio/empleo-publico/personal-funcionario/primer_ejercicio_v2_tcm30-437875.pdf
aemet-a1-acceso-libre-primer-ejercicio-2017-80,verified:C:legacy,2017-80,C,quarantined,needs_visual_review,quarantine_existing_stable_id,https://www.miteco.gob.es/content/dam/miteco/es/ministerio/empleo-publico/personal-funcionario/primer_ejercicio_v2_tcm30-437875.pdf
aemet-a1-acceso-libre-primer-ejercicio-2017-81,verified:B:legacy,2017-81,B,quarantined,needs_visual_review,quarantine_existing_stable_id,https://www.miteco.gob.es/content/dam/miteco/es/ministerio/empleo-publico/personal-funcionario/primer_ejercicio_v2_tcm30-437875.pdf
aemet-a1-acceso-libre-primer-ejercicio-2017-82,needs_review:C:legacy,2017-82,C,quarantined,needs_visual_review,quarantine_existing_stable_id,https://www.miteco.gob.es/content/dam/miteco/es/ministerio/empleo-publico/personal-funcionario/primer_ejercicio_v2_tcm30-437875.pdf
aemet-a1-acceso-libre-primer-ejercicio-2017-83,verified:D:legacy,2017-83,D,quarantined,needs_visual_review,quarantine_existing_stable_id,https://www.miteco.gob.es/content/dam/miteco/es/ministerio/empleo-publico/personal-funcionario/primer_ejercicio_v2_tcm30-437875.pdf
aemet-a1-acceso-libre-primer-ejercicio-2017-84,verified:C:legacy,2017-84,C,quarantined,needs_visual_review,quarantine_existing_stable_id,https://www.miteco.gob.es/content/dam/miteco/es/ministerio/empleo-publico/personal-funcionario/primer_ejercicio_v2_tcm30-437875.pdf
aemet-a1-acceso-libre-primer-ejercicio-2017-85,verified:D:legacy,2017-85,D,quarantined,needs_visual_review,quarantine_existing_stable_id,https://www.miteco.gob.es/content/dam/miteco/es/ministerio/empleo-publico/personal-funcionario/primer_ejercicio_v2_tcm30-437875.pdf
aemet-a1-acceso-libre-primer-ejercicio-2017-86,needs_review:B:legacy,2017-86,B,quarantined,needs_visual_review,quarantine_existing_stable_id,https://www.miteco.gob.es/content/dam/miteco/es/ministerio/empleo-publico/personal-funcionario/primer_ejercicio_v2_tcm30-437875.pdf
aemet-a1-acceso-libre-primer-ejercicio-2017-87,verified:C:legacy,2017-87,C,quarantined,needs_visual_review,quarantine_existing_stable_id,https://www.miteco.gob.es/content/dam/miteco/es/ministerio/empleo-publico/personal-funcionario/primer_ejercicio_v2_tcm30-437875.pdf
aemet-a1-acceso-libre-primer-ejercicio-2017-88,verified:A:legacy,2017-88,A,quarantined,needs_visual_review,quarantine_existing_stable_id,https://www.miteco.gob.es/content/dam/miteco/es/ministerio/empleo-publico/personal-funcionario/primer_ejercicio_v2_tcm30-437875.pdf
aemet-a1-acceso-libre-primer-ejercicio-2017-89,needs_review:D:legacy,2017-89,D,quarantined,needs_visual_review,quarantine_existing_stable_id,https://www.miteco.gob.es/content/dam/miteco/es/ministerio/empleo-publico/personal-funcionario/primer_ejercicio_v2_tcm30-437875.pdf
aemet-a1-acceso-libre-primer-ejercicio-2017-90,verified:C:legacy,2017-90,C,quarantined,needs_visual_review,quarantine_existing_stable_id,https://www.miteco.gob.es/content/dam/miteco/es/ministerio/empleo-publico/personal-funcionario/primer_ejercicio_v2_tcm30-437875.pdf
aemet-a1-acceso-libre-primer-ejercicio-2017-91,needs_review:A:legacy,2017-91,A,quarantined,needs_visual_review,quarantine_existing_stable_id,https://www.miteco.gob.es/content/dam/miteco/es/ministerio/empleo-publico/personal-funcionario/primer_ejercicio_v2_tcm30-437875.pdf
aemet-a1-acceso-libre-primer-ejercicio-2017-92,verified:B:legacy,2017-92,B,quarantined,needs_visual_review,quarantine_existing_stable_id,https://www.miteco.gob.es/content/dam/miteco/es/ministerio/empleo-publico/personal-funcionario/primer_ejercicio_v2_tcm30-437875.pdf
aemet-a1-acceso-libre-primer-ejercicio-2017-93,needs_review:A:legacy,2017-93,A,quarantined,needs_visual_review,quarantine_existing_stable_id,https://www.miteco.gob.es/content/dam/miteco/es/ministerio/empleo-publico/personal-funcionario/primer_ejercicio_v2_tcm30-437875.pdf
aemet-a1-acceso-libre-primer-ejercicio-2017-94,verified:B:legacy,2017-94,B,quarantined,needs_visual_review,quarantine_existing_stable_id,https://www.miteco.gob.es/content/dam/miteco/es/ministerio/empleo-publico/personal-funcionario/primer_ejercicio_v2_tcm30-437875.pdf
aemet-a1-acceso-libre-primer-ejercicio-2017-95,verified:A:legacy,2017-95,A,quarantined,needs_visual_review,quarantine_existing_stable_id,https://www.miteco.gob.es/content/dam/miteco/es/ministerio/empleo-publico/personal-funcionario/primer_ejercicio_v2_tcm30-437875.pdf
aemet-a1-acceso-libre-primer-ejercicio-2017-96,verified:D:legacy,2017-96,D,quarantined,needs_visual_review,quarantine_existing_stable_id,https://www.miteco.gob.es/content/dam/miteco/es/ministerio/empleo-publico/personal-funcionario/primer_ejercicio_v2_tcm30-437875.pdf
aemet-a1-acceso-libre-primer-ejercicio-2017-98,verified:A:legacy,2017-98,A,quarantined,needs_visual_review,quarantine_existing_stable_id,https://www.miteco.gob.es/content/dam/miteco/es/ministerio/empleo-publico/personal-funcionario/primer_ejercicio_v2_tcm30-437875.pdf
aemet-a1-acceso-libre-primer-ejercicio-2017-99,verified:A:legacy,2017-99,A,quarantined,needs_visual_review,quarantine_existing_stable_id,https://www.miteco.gob.es/content/dam/miteco/es/ministerio/empleo-publico/personal-funcionario/primer_ejercicio_v2_tcm30-437875.pdf
aemet-a1-acceso-libre-primer-ejercicio-2017-100,needs_review:B:legacy,2017-100,B,quarantined,needs_visual_review,quarantine_existing_stable_id,https://www.miteco.gob.es/content/dam/miteco/es/ministerio/empleo-publico/personal-funcionario/primer_ejercicio_v2_tcm30-437875.pdf
aemet-a1-acceso-libre-primer-ejercicio-2018-2,needs_review:B:legacy,2018-2,B,quarantined,needs_visual_review,quarantine_existing_stable_id,https://www.miteco.gob.es/content/dam/miteco/es/ministerio/empleo-publico/personal-funcionario/cuestionario_primerejercicio_libre_cs_meteorologos_tcm30-498497.pdf
aemet-a1-acceso-libre-primer-ejercicio-2018-3,needs_review:A:legacy,2018-3,A,quarantined,needs_visual_review,quarantine_existing_stable_id,https://www.miteco.gob.es/content/dam/miteco/es/ministerio/empleo-publico/personal-funcionario/cuestionario_primerejercicio_libre_cs_meteorologos_tcm30-498497.pdf
aemet-a1-acceso-libre-primer-ejercicio-2018-4,needs_review:A:legacy,2018-4,A,quarantined,needs_visual_review,quarantine_existing_stable_id,https://www.miteco.gob.es/content/dam/miteco/es/ministerio/empleo-publico/personal-funcionario/cuestionario_primerejercicio_libre_cs_meteorologos_tcm30-498497.pdf
aemet-a1-acceso-libre-primer-ejercicio-2018-5,needs_review:A:legacy,2018-5,A,quarantined,needs_visual_review,quarantine_existing_stable_id,https://www.miteco.gob.es/content/dam/miteco/es/ministerio/empleo-publico/personal-funcionario/cuestionario_primerejercicio_libre_cs_meteorologos_tcm30-498497.pdf
aemet-a1-acceso-libre-primer-ejercicio-2018-6,needs_review:A:legacy,2018-6,A,quarantined,needs_visual_review,quarantine_existing_stable_id,https://www.miteco.gob.es/content/dam/miteco/es/ministerio/empleo-publico/personal-funcionario/cuestionario_primerejercicio_libre_cs_meteorologos_tcm30-498497.pdf
aemet-a1-acceso-libre-primer-ejercicio-2018-7,needs_review:B:legacy,2018-7,B,quarantined,needs_visual_review,quarantine_existing_stable_id,https://www.miteco.gob.es/content/dam/miteco/es/ministerio/empleo-publico/personal-funcionario/cuestionario_primerejercicio_libre_cs_meteorologos_tcm30-498497.pdf
aemet-a1-acceso-libre-primer-ejercicio-2018-8,verified:A:legacy,2018-8,A,quarantined,needs_visual_review,quarantine_existing_stable_id,https://www.miteco.gob.es/content/dam/miteco/es/ministerio/empleo-publico/personal-funcionario/cuestionario_primerejercicio_libre_cs_meteorologos_tcm30-498497.pdf
aemet-a1-acceso-libre-primer-ejercicio-2018-9,needs_review:A:legacy,2018-9,A,quarantined,needs_visual_review,quarantine_existing_stable_id,https://www.miteco.gob.es/content/dam/miteco/es/ministerio/empleo-publico/personal-funcionario/cuestionario_primerejercicio_libre_cs_meteorologos_tcm30-498497.pdf
aemet-a1-acceso-libre-primer-ejercicio-2018-10,verified:D:legacy,2018-10,D,quarantined,needs_visual_review,quarantine_existing_stable_id,https://www.miteco.gob.es/content/dam/miteco/es/ministerio/empleo-publico/personal-funcionario/cuestionario_primerejercicio_libre_cs_meteorologos_tcm30-498497.pdf
aemet-a1-acceso-libre-primer-ejercicio-2018-11,needs_review:B:legacy,2018-11,B,quarantined,needs_visual_review,quarantine_existing_stable_id,https://www.miteco.gob.es/content/dam/miteco/es/ministerio/empleo-publico/personal-funcionario/cuestionario_primerejercicio_libre_cs_meteorologos_tcm30-498497.pdf
aemet-a1-acceso-libre-primer-ejercicio-2018-12,needs_review:B:legacy,2018-12,B,quarantined,needs_visual_review,quarantine_existing_stable_id,https://www.miteco.gob.es/content/dam/miteco/es/ministerio/empleo-publico/personal-funcionario/cuestionario_primerejercicio_libre_cs_meteorologos_tcm30-498497.pdf
aemet-a1-acceso-libre-primer-ejercicio-2018-13,verified:B:legacy,2018-13,B,quarantined,needs_visual_review,quarantine_existing_stable_id,https://www.miteco.gob.es/content/dam/miteco/es/ministerio/empleo-publico/personal-funcionario/cuestionario_primerejercicio_libre_cs_meteorologos_tcm30-498497.pdf
aemet-a1-acceso-libre-primer-ejercicio-2018-14,needs_review:A:legacy,2018-14,A,quarantined,needs_visual_review,quarantine_existing_stable_id,https://www.miteco.gob.es/content/dam/miteco/es/ministerio/empleo-publico/personal-funcionario/cuestionario_primerejercicio_libre_cs_meteorologos_tcm30-498497.pdf
aemet-a1-acceso-libre-primer-ejercicio-2018-15,needs_review:A:legacy,2018-15,A,quarantined,needs_visual_review,quarantine_existing_stable_id,https://www.miteco.gob.es/content/dam/miteco/es/ministerio/empleo-publico/personal-funcionario/cuestionario_primerejercicio_libre_cs_meteorologos_tcm30-498497.pdf
aemet-a1-acceso-libre-primer-ejercicio-2018-16,needs_review:B:legacy,2018-16,B,quarantined,needs_visual_review,quarantine_existing_stable_id,https://www.miteco.gob.es/content/dam/miteco/es/ministerio/empleo-publico/personal-funcionario/cuestionario_primerejercicio_libre_cs_meteorologos_tcm30-498497.pdf
aemet-a1-acceso-libre-primer-ejercicio-2018-17,verified:B:legacy,2018-17,B,quarantined,needs_visual_review,quarantine_existing_stable_id,https://www.miteco.gob.es/content/dam/miteco/es/ministerio/empleo-publico/personal-funcionario/cuestionario_primerejercicio_libre_cs_meteorologos_tcm30-498497.pdf
aemet-a1-acceso-libre-primer-ejercicio-2018-18,needs_review:C:legacy,2018-18,C,quarantined,needs_visual_review,quarantine_existing_stable_id,https://www.miteco.gob.es/content/dam/miteco/es/ministerio/empleo-publico/personal-funcionario/cuestionario_primerejercicio_libre_cs_meteorologos_tcm30-498497.pdf
aemet-a1-acceso-libre-primer-ejercicio-2018-19,verified:D:legacy,2018-19,D,quarantined,needs_visual_review,quarantine_existing_stable_id,https://www.miteco.gob.es/content/dam/miteco/es/ministerio/empleo-publico/personal-funcionario/cuestionario_primerejercicio_libre_cs_meteorologos_tcm30-498497.pdf
aemet-a1-acceso-libre-primer-ejercicio-2018-20,needs_review:D:legacy,2018-20,D,quarantined,needs_visual_review,quarantine_existing_stable_id,https://www.miteco.gob.es/content/dam/miteco/es/ministerio/empleo-publico/personal-funcionario/cuestionario_primerejercicio_libre_cs_meteorologos_tcm30-498497.pdf
aemet-a1-acceso-libre-primer-ejercicio-2018-21,needs_review:B:legacy,2018-21,B,quarantined,needs_visual_review,quarantine_existing_stable_id,https://www.miteco.gob.es/content/dam/miteco/es/ministerio/empleo-publico/personal-funcionario/cuestionario_primerejercicio_libre_cs_meteorologos_tcm30-498497.pdf
aemet-a1-acceso-libre-primer-ejercicio-2018-22,verified:C:legacy,2018-22,C,quarantined,needs_visual_review,quarantine_existing_stable_id,https://www.miteco.gob.es/content/dam/miteco/es/ministerio/empleo-publico/personal-funcionario/cuestionario_primerejercicio_libre_cs_meteorologos_tcm30-498497.pdf
aemet-a1-acceso-libre-primer-ejercicio-2018-23,needs_review:D:legacy,2018-23,D,quarantined,needs_visual_review,quarantine_existing_stable_id,https://www.miteco.gob.es/content/dam/miteco/es/ministerio/empleo-publico/personal-funcionario/cuestionario_primerejercicio_libre_cs_meteorologos_tcm30-498497.pdf
aemet-a1-acceso-libre-primer-ejercicio-2018-24,needs_review:C:legacy,2018-24,C,quarantined,needs_visual_review,quarantine_existing_stable_id,https://www.miteco.gob.es/content/dam/miteco/es/ministerio/empleo-publico/personal-funcionario/cuestionario_primerejercicio_libre_cs_meteorologos_tcm30-498497.pdf
aemet-a1-acceso-libre-primer-ejercicio-2018-25,verified:C:legacy,2018-25,C,quarantined,needs_visual_review,quarantine_existing_stable_id,https://www.miteco.gob.es/content/dam/miteco/es/ministerio/empleo-publico/personal-funcionario/cuestionario_primerejercicio_libre_cs_meteorologos_tcm30-498497.pdf
aemet-a1-acceso-libre-primer-ejercicio-2018-26,verified:A:legacy,2018-26,A,quarantined,needs_visual_review,quarantine_existing_stable_id,https://www.miteco.gob.es/content/dam/miteco/es/ministerio/empleo-publico/personal-funcionario/cuestionario_primerejercicio_libre_cs_meteorologos_tcm30-498497.pdf
aemet-a1-acceso-libre-primer-ejercicio-2018-27,needs_review:B:legacy,2018-27,B,quarantined,needs_visual_review,quarantine_existing_stable_id,https://www.miteco.gob.es/content/dam/miteco/es/ministerio/empleo-publico/personal-funcionario/cuestionario_primerejercicio_libre_cs_meteorologos_tcm30-498497.pdf
aemet-a1-acceso-libre-primer-ejercicio-2018-28,verified:A:legacy,2018-28,A,quarantined,needs_visual_review,quarantine_existing_stable_id,https://www.miteco.gob.es/content/dam/miteco/es/ministerio/empleo-publico/personal-funcionario/cuestionario_primerejercicio_libre_cs_meteorologos_tcm30-498497.pdf
aemet-a1-acceso-libre-primer-ejercicio-2018-29,needs_review:B:legacy,2018-29,B,quarantined,needs_visual_review,quarantine_existing_stable_id,https://www.miteco.gob.es/content/dam/miteco/es/ministerio/empleo-publico/personal-funcionario/cuestionario_primerejercicio_libre_cs_meteorologos_tcm30-498497.pdf
aemet-a1-acceso-libre-primer-ejercicio-2018-30,verified:A:legacy,2018-30,A,quarantined,needs_visual_review,quarantine_existing_stable_id,https://www.miteco.gob.es/content/dam/miteco/es/ministerio/empleo-publico/personal-funcionario/cuestionario_primerejercicio_libre_cs_meteorologos_tcm30-498497.pdf
aemet-a1-acceso-libre-primer-ejercicio-2018-31,needs_review:D:legacy,2018-31,D,quarantined,needs_visual_review,quarantine_existing_stable_id,https://www.miteco.gob.es/content/dam/miteco/es/ministerio/empleo-publico/personal-funcionario/cuestionario_primerejercicio_libre_cs_meteorologos_tcm30-498497.pdf
aemet-a1-acceso-libre-primer-ejercicio-2018-32,verified:C:legacy,2018-32,C,quarantined,needs_visual_review,quarantine_existing_stable_id,https://www.miteco.gob.es/content/dam/miteco/es/ministerio/empleo-publico/personal-funcionario/cuestionario_primerejercicio_libre_cs_meteorologos_tcm30-498497.pdf
aemet-a1-acceso-libre-primer-ejercicio-2018-33,verified:C:legacy,2018-33,C,quarantined,needs_visual_review,quarantine_existing_stable_id,https://www.miteco.gob.es/content/dam/miteco/es/ministerio/empleo-publico/personal-funcionario/cuestionario_primerejercicio_libre_cs_meteorologos_tcm30-498497.pdf
aemet-a1-acceso-libre-primer-ejercicio-2018-34,verified:C:legacy,2018-34,C,quarantined,needs_visual_review,quarantine_existing_stable_id,https://www.miteco.gob.es/content/dam/miteco/es/ministerio/empleo-publico/personal-funcionario/cuestionario_primerejercicio_libre_cs_meteorologos_tcm30-498497.pdf
aemet-a1-acceso-libre-primer-ejercicio-2018-35,needs_review:D:legacy,2018-35,D,quarantined,needs_visual_review,quarantine_existing_stable_id,https://www.miteco.gob.es/content/dam/miteco/es/ministerio/empleo-publico/personal-funcionario/cuestionario_primerejercicio_libre_cs_meteorologos_tcm30-498497.pdf
aemet-a1-acceso-libre-primer-ejercicio-2018-36,verified:C:legacy,2018-36,C,quarantined,needs_visual_review,quarantine_existing_stable_id,https://www.miteco.gob.es/content/dam/miteco/es/ministerio/empleo-publico/personal-funcionario/cuestionario_primerejercicio_libre_cs_meteorologos_tcm30-498497.pdf
aemet-a1-acceso-libre-primer-ejercicio-2018-37,needs_review:C:legacy,2018-37,C,quarantined,needs_visual_review,quarantine_existing_stable_id,https://www.miteco.gob.es/content/dam/miteco/es/ministerio/empleo-publico/personal-funcionario/cuestionario_primerejercicio_libre_cs_meteorologos_tcm30-498497.pdf
aemet-a1-acceso-libre-primer-ejercicio-2018-38,needs_review:C:legacy,2018-38,C,quarantined,needs_visual_review,quarantine_existing_stable_id,https://www.miteco.gob.es/content/dam/miteco/es/ministerio/empleo-publico/personal-funcionario/cuestionario_primerejercicio_libre_cs_meteorologos_tcm30-498497.pdf
aemet-a1-acceso-libre-primer-ejercicio-2018-39,verified:C:legacy,2018-39,C,quarantined,needs_visual_review,quarantine_existing_stable_id,https://www.miteco.gob.es/content/dam/miteco/es/ministerio/empleo-publico/personal-funcionario/cuestionario_primerejercicio_libre_cs_meteorologos_tcm30-498497.pdf
aemet-a1-acceso-libre-primer-ejercicio-2018-40,verified:D:legacy,2018-40,D,quarantined,needs_visual_review,quarantine_existing_stable_id,https://www.miteco.gob.es/content/dam/miteco/es/ministerio/empleo-publico/personal-funcionario/cuestionario_primerejercicio_libre_cs_meteorologos_tcm30-498497.pdf
aemet-a1-acceso-libre-primer-ejercicio-2018-41,needs_review:A:legacy,2018-41,A,quarantined,needs_visual_review,quarantine_existing_stable_id,https://www.miteco.gob.es/content/dam/miteco/es/ministerio/empleo-publico/personal-funcionario/cuestionario_primerejercicio_libre_cs_meteorologos_tcm30-498497.pdf
aemet-a1-acceso-libre-primer-ejercicio-2018-42,verified:D:legacy,2018-42,D,quarantined,needs_visual_review,quarantine_existing_stable_id,https://www.miteco.gob.es/content/dam/miteco/es/ministerio/empleo-publico/personal-funcionario/cuestionario_primerejercicio_libre_cs_meteorologos_tcm30-498497.pdf
aemet-a1-acceso-libre-primer-ejercicio-2018-43,needs_review:A:legacy,2018-43,A,quarantined,needs_visual_review,quarantine_existing_stable_id,https://www.miteco.gob.es/content/dam/miteco/es/ministerio/empleo-publico/personal-funcionario/cuestionario_primerejercicio_libre_cs_meteorologos_tcm30-498497.pdf
aemet-a1-acceso-libre-primer-ejercicio-2018-44,needs_review:C:legacy,2018-44,C,quarantined,needs_visual_review,quarantine_existing_stable_id,https://www.miteco.gob.es/content/dam/miteco/es/ministerio/empleo-publico/personal-funcionario/cuestionario_primerejercicio_libre_cs_meteorologos_tcm30-498497.pdf
aemet-a1-acceso-libre-primer-ejercicio-2018-45,verified:D:legacy,2018-45,D,quarantined,needs_visual_review,quarantine_existing_stable_id,https://www.miteco.gob.es/content/dam/miteco/es/ministerio/empleo-publico/personal-funcionario/cuestionario_primerejercicio_libre_cs_meteorologos_tcm30-498497.pdf
aemet-a1-acceso-libre-primer-ejercicio-2018-46,verified:B:legacy,2018-46,B,quarantined,needs_visual_review,quarantine_existing_stable_id,https://www.miteco.gob.es/content/dam/miteco/es/ministerio/empleo-publico/personal-funcionario/cuestionario_primerejercicio_libre_cs_meteorologos_tcm30-498497.pdf
aemet-a1-acceso-libre-primer-ejercicio-2018-47,verified:A:legacy,2018-47,A,quarantined,needs_visual_review,quarantine_existing_stable_id,https://www.miteco.gob.es/content/dam/miteco/es/ministerio/empleo-publico/personal-funcionario/cuestionario_primerejercicio_libre_cs_meteorologos_tcm30-498497.pdf
aemet-a1-acceso-libre-primer-ejercicio-2018-48,needs_review:C:legacy,2018-48,C,quarantined,needs_visual_review,quarantine_existing_stable_id,https://www.miteco.gob.es/content/dam/miteco/es/ministerio/empleo-publico/personal-funcionario/cuestionario_primerejercicio_libre_cs_meteorologos_tcm30-498497.pdf
aemet-a1-acceso-libre-primer-ejercicio-2018-49,verified:B:legacy,2018-49,B,quarantined,needs_visual_review,quarantine_existing_stable_id,https://www.miteco.gob.es/content/dam/miteco/es/ministerio/empleo-publico/personal-funcionario/cuestionario_primerejercicio_libre_cs_meteorologos_tcm30-498497.pdf
aemet-a1-acceso-libre-primer-ejercicio-2018-50,verified:D:legacy,2018-50,D,quarantined,needs_visual_review,quarantine_existing_stable_id,https://www.miteco.gob.es/content/dam/miteco/es/ministerio/empleo-publico/personal-funcionario/cuestionario_primerejercicio_libre_cs_meteorologos_tcm30-498497.pdf
aemet-a1-acceso-libre-primer-ejercicio-2018-51,needs_review:B:legacy,2018-51,B,quarantined,needs_visual_review,quarantine_existing_stable_id,https://www.miteco.gob.es/content/dam/miteco/es/ministerio/empleo-publico/personal-funcionario/cuestionario_primerejercicio_libre_cs_meteorologos_tcm30-498497.pdf
aemet-a1-acceso-libre-primer-ejercicio-2018-52,verified:C:legacy,2018-52,C,quarantined,needs_visual_review,quarantine_existing_stable_id,https://www.miteco.gob.es/content/dam/miteco/es/ministerio/empleo-publico/personal-funcionario/cuestionario_primerejercicio_libre_cs_meteorologos_tcm30-498497.pdf
aemet-a1-acceso-libre-primer-ejercicio-2018-53,verified:A:legacy,2018-53,A,quarantined,needs_visual_review,quarantine_existing_stable_id,https://www.miteco.gob.es/content/dam/miteco/es/ministerio/empleo-publico/personal-funcionario/cuestionario_primerejercicio_libre_cs_meteorologos_tcm30-498497.pdf
aemet-a1-acceso-libre-primer-ejercicio-2018-54,verified:A:legacy,2018-54,A,quarantined,needs_visual_review,quarantine_existing_stable_id,https://www.miteco.gob.es/content/dam/miteco/es/ministerio/empleo-publico/personal-funcionario/cuestionario_primerejercicio_libre_cs_meteorologos_tcm30-498497.pdf
aemet-a1-acceso-libre-primer-ejercicio-2018-55,needs_review:C:legacy,2018-55,C,quarantined,needs_visual_review,quarantine_existing_stable_id,https://www.miteco.gob.es/content/dam/miteco/es/ministerio/empleo-publico/personal-funcionario/cuestionario_primerejercicio_libre_cs_meteorologos_tcm30-498497.pdf
aemet-a1-acceso-libre-primer-ejercicio-2018-56,verified:D:legacy,2018-56,D,quarantined,needs_visual_review,quarantine_existing_stable_id,https://www.miteco.gob.es/content/dam/miteco/es/ministerio/empleo-publico/personal-funcionario/cuestionario_primerejercicio_libre_cs_meteorologos_tcm30-498497.pdf
aemet-a1-acceso-libre-primer-ejercicio-2018-57,verified:D:legacy,2018-57,D,quarantined,needs_visual_review,quarantine_existing_stable_id,https://www.miteco.gob.es/content/dam/miteco/es/ministerio/empleo-publico/personal-funcionario/cuestionario_primerejercicio_libre_cs_meteorologos_tcm30-498497.pdf
aemet-a1-acceso-libre-primer-ejercicio-2018-58,needs_review:A:legacy,2018-58,A,quarantined,needs_visual_review,quarantine_existing_stable_id,https://www.miteco.gob.es/content/dam/miteco/es/ministerio/empleo-publico/personal-funcionario/cuestionario_primerejercicio_libre_cs_meteorologos_tcm30-498497.pdf
aemet-a1-acceso-libre-primer-ejercicio-2018-59,verified:A:legacy,2018-59,A,quarantined,needs_visual_review,quarantine_existing_stable_id,https://www.miteco.gob.es/content/dam/miteco/es/ministerio/empleo-publico/personal-funcionario/cuestionario_primerejercicio_libre_cs_meteorologos_tcm30-498497.pdf
aemet-a1-acceso-libre-primer-ejercicio-2018-60,verified:A:legacy,2018-60,A,quarantined,needs_visual_review,quarantine_existing_stable_id,https://www.miteco.gob.es/content/dam/miteco/es/ministerio/empleo-publico/personal-funcionario/cuestionario_primerejercicio_libre_cs_meteorologos_tcm30-498497.pdf
aemet-a1-acceso-libre-primer-ejercicio-2018-61,needs_review:D:legacy,2018-61,D,quarantined,needs_visual_review,quarantine_existing_stable_id,https://www.miteco.gob.es/content/dam/miteco/es/ministerio/empleo-publico/personal-funcionario/cuestionario_primerejercicio_libre_cs_meteorologos_tcm30-498497.pdf
aemet-a1-acceso-libre-primer-ejercicio-2018-62,verified:C:legacy,2018-62,C,quarantined,needs_visual_review,quarantine_existing_stable_id,https://www.miteco.gob.es/content/dam/miteco/es/ministerio/empleo-publico/personal-funcionario/cuestionario_primerejercicio_libre_cs_meteorologos_tcm30-498497.pdf
aemet-a1-acceso-libre-primer-ejercicio-2018-63,verified:D:legacy,2018-63,D,quarantined,needs_visual_review,quarantine_existing_stable_id,https://www.miteco.gob.es/content/dam/miteco/es/ministerio/empleo-publico/personal-funcionario/cuestionario_primerejercicio_libre_cs_meteorologos_tcm30-498497.pdf
aemet-a1-acceso-libre-primer-ejercicio-2018-64,needs_review:A:legacy,2018-64,A,quarantined,needs_visual_review,quarantine_existing_stable_id,https://www.miteco.gob.es/content/dam/miteco/es/ministerio/empleo-publico/personal-funcionario/cuestionario_primerejercicio_libre_cs_meteorologos_tcm30-498497.pdf
aemet-a1-acceso-libre-primer-ejercicio-2018-65,verified:C:legacy,2018-65,C,quarantined,needs_visual_review,quarantine_existing_stable_id,https://www.miteco.gob.es/content/dam/miteco/es/ministerio/empleo-publico/personal-funcionario/cuestionario_primerejercicio_libre_cs_meteorologos_tcm30-498497.pdf
aemet-a1-acceso-libre-primer-ejercicio-2018-66,needs_review:A:legacy,2018-66,A,quarantined,needs_visual_review,quarantine_existing_stable_id,https://www.miteco.gob.es/content/dam/miteco/es/ministerio/empleo-publico/personal-funcionario/cuestionario_primerejercicio_libre_cs_meteorologos_tcm30-498497.pdf
aemet-a1-acceso-libre-primer-ejercicio-2018-68,verified:C:legacy,2018-68,C,quarantined,needs_visual_review,quarantine_existing_stable_id,https://www.miteco.gob.es/content/dam/miteco/es/ministerio/empleo-publico/personal-funcionario/cuestionario_primerejercicio_libre_cs_meteorologos_tcm30-498497.pdf
aemet-a1-acceso-libre-primer-ejercicio-2018-69,needs_review:C:legacy,2018-69,C,quarantined,needs_visual_review,quarantine_existing_stable_id,https://www.miteco.gob.es/content/dam/miteco/es/ministerio/empleo-publico/personal-funcionario/cuestionario_primerejercicio_libre_cs_meteorologos_tcm30-498497.pdf
aemet-a1-acceso-libre-primer-ejercicio-2018-70,verified:D:legacy,2018-70,D,quarantined,needs_visual_review,quarantine_existing_stable_id,https://www.miteco.gob.es/content/dam/miteco/es/ministerio/empleo-publico/personal-funcionario/cuestionario_primerejercicio_libre_cs_meteorologos_tcm30-498497.pdf
aemet-a1-acceso-libre-primer-ejercicio-2018-71,needs_review:B:legacy,2018-71,B,quarantined,needs_visual_review,quarantine_existing_stable_id,https://www.miteco.gob.es/content/dam/miteco/es/ministerio/empleo-publico/personal-funcionario/cuestionario_primerejercicio_libre_cs_meteorologos_tcm30-498497.pdf
aemet-a1-acceso-libre-primer-ejercicio-2018-72,verified:D:legacy,2018-72,D,quarantined,needs_visual_review,quarantine_existing_stable_id,https://www.miteco.gob.es/content/dam/miteco/es/ministerio/empleo-publico/personal-funcionario/cuestionario_primerejercicio_libre_cs_meteorologos_tcm30-498497.pdf
aemet-a1-acceso-libre-primer-ejercicio-2018-73,verified:D:legacy,2018-73,D,quarantined,needs_visual_review,quarantine_existing_stable_id,https://www.miteco.gob.es/content/dam/miteco/es/ministerio/empleo-publico/personal-funcionario/cuestionario_primerejercicio_libre_cs_meteorologos_tcm30-498497.pdf
aemet-a1-acceso-libre-primer-ejercicio-2018-74,verified:D:legacy,2018-74,D,quarantined,needs_visual_review,quarantine_existing_stable_id,https://www.miteco.gob.es/content/dam/miteco/es/ministerio/empleo-publico/personal-funcionario/cuestionario_primerejercicio_libre_cs_meteorologos_tcm30-498497.pdf
aemet-a1-acceso-libre-primer-ejercicio-2018-75,needs_review:A:legacy,2018-75,A,quarantined,needs_visual_review,quarantine_existing_stable_id,https://www.miteco.gob.es/content/dam/miteco/es/ministerio/empleo-publico/personal-funcionario/cuestionario_primerejercicio_libre_cs_meteorologos_tcm30-498497.pdf
aemet-a1-acceso-libre-primer-ejercicio-2018-76,verified:A:legacy,2018-76,A,quarantined,needs_visual_review,quarantine_existing_stable_id,https://www.miteco.gob.es/content/dam/miteco/es/ministerio/empleo-publico/personal-funcionario/cuestionario_primerejercicio_libre_cs_meteorologos_tcm30-498497.pdf
aemet-a1-acceso-libre-primer-ejercicio-2018-77,verified:C:legacy,2018-77,C,quarantined,needs_visual_review,quarantine_existing_stable_id,https://www.miteco.gob.es/content/dam/miteco/es/ministerio/empleo-publico/personal-funcionario/cuestionario_primerejercicio_libre_cs_meteorologos_tcm30-498497.pdf
aemet-a1-acceso-libre-primer-ejercicio-2018-78,needs_review:A:legacy,2018-78,A,quarantined,needs_visual_review,quarantine_existing_stable_id,https://www.miteco.gob.es/content/dam/miteco/es/ministerio/empleo-publico/personal-funcionario/cuestionario_primerejercicio_libre_cs_meteorologos_tcm30-498497.pdf
aemet-a1-acceso-libre-primer-ejercicio-2018-79,verified:A:legacy,2018-79,A,quarantined,needs_visual_review,quarantine_existing_stable_id,https://www.miteco.gob.es/content/dam/miteco/es/ministerio/empleo-publico/personal-funcionario/cuestionario_primerejercicio_libre_cs_meteorologos_tcm30-498497.pdf
aemet-a1-acceso-libre-primer-ejercicio-2018-80,verified:A:legacy,2018-80,A,quarantined,needs_visual_review,quarantine_existing_stable_id,https://www.miteco.gob.es/content/dam/miteco/es/ministerio/empleo-publico/personal-funcionario/cuestionario_primerejercicio_libre_cs_meteorologos_tcm30-498497.pdf
aemet-a1-acceso-libre-primer-ejercicio-2018-81,verified:A:legacy,2018-81,A,quarantined,needs_visual_review,quarantine_existing_stable_id,https://www.miteco.gob.es/content/dam/miteco/es/ministerio/empleo-publico/personal-funcionario/cuestionario_primerejercicio_libre_cs_meteorologos_tcm30-498497.pdf
aemet-a1-acceso-libre-primer-ejercicio-2018-82,needs_review:A:legacy,2018-82,A,quarantined,needs_visual_review,quarantine_existing_stable_id,https://www.miteco.gob.es/content/dam/miteco/es/ministerio/empleo-publico/personal-funcionario/cuestionario_primerejercicio_libre_cs_meteorologos_tcm30-498497.pdf
aemet-a1-acceso-libre-primer-ejercicio-2018-83,verified:C:legacy,2018-83,C,quarantined,needs_visual_review,quarantine_existing_stable_id,https://www.miteco.gob.es/content/dam/miteco/es/ministerio/empleo-publico/personal-funcionario/cuestionario_primerejercicio_libre_cs_meteorologos_tcm30-498497.pdf
aemet-a1-acceso-libre-primer-ejercicio-2018-85,needs_review:B:legacy,2018-85,B,quarantined,needs_visual_review,quarantine_existing_stable_id,https://www.miteco.gob.es/content/dam/miteco/es/ministerio/empleo-publico/personal-funcionario/cuestionario_primerejercicio_libre_cs_meteorologos_tcm30-498497.pdf
aemet-a1-acceso-libre-primer-ejercicio-2018-86,verified:B:legacy,2018-86,B,quarantined,needs_visual_review,quarantine_existing_stable_id,https://www.miteco.gob.es/content/dam/miteco/es/ministerio/empleo-publico/personal-funcionario/cuestionario_primerejercicio_libre_cs_meteorologos_tcm30-498497.pdf
aemet-a1-acceso-libre-primer-ejercicio-2018-87,verified:D:legacy,2018-87,D,quarantined,needs_visual_review,quarantine_existing_stable_id,https://www.miteco.gob.es/content/dam/miteco/es/ministerio/empleo-publico/personal-funcionario/cuestionario_primerejercicio_libre_cs_meteorologos_tcm30-498497.pdf
aemet-a1-acceso-libre-primer-ejercicio-2018-89,verified:D:legacy,2018-89,D,quarantined,needs_visual_review,quarantine_existing_stable_id,https://www.miteco.gob.es/content/dam/miteco/es/ministerio/empleo-publico/personal-funcionario/cuestionario_primerejercicio_libre_cs_meteorologos_tcm30-498497.pdf
aemet-a1-acceso-libre-primer-ejercicio-2018-90,needs_review:A:legacy,2018-90,A,quarantined,needs_visual_review,quarantine_existing_stable_id,https://www.miteco.gob.es/content/dam/miteco/es/ministerio/empleo-publico/personal-funcionario/cuestionario_primerejercicio_libre_cs_meteorologos_tcm30-498497.pdf
aemet-a1-acceso-libre-primer-ejercicio-2018-91,verified:B:legacy,2018-91,B,quarantined,needs_visual_review,quarantine_existing_stable_id,https://www.miteco.gob.es/content/dam/miteco/es/ministerio/empleo-publico/personal-funcionario/cuestionario_primerejercicio_libre_cs_meteorologos_tcm30-498497.pdf
aemet-a1-acceso-libre-primer-ejercicio-2018-92,needs_review:B:legacy,2018-92,B,quarantined,needs_visual_review,quarantine_existing_stable_id,https://www.miteco.gob.es/content/dam/miteco/es/ministerio/empleo-publico/personal-funcionario/cuestionario_primerejercicio_libre_cs_meteorologos_tcm30-498497.pdf
aemet-a1-acceso-libre-primer-ejercicio-2018-93,verified:B:legacy,2018-93,B,quarantined,needs_visual_review,quarantine_existing_stable_id,https://www.miteco.gob.es/content/dam/miteco/es/ministerio/empleo-publico/personal-funcionario/cuestionario_primerejercicio_libre_cs_meteorologos_tcm30-498497.pdf
aemet-a1-acceso-libre-primer-ejercicio-2018-94,needs_review:B:legacy,2018-94,B,quarantined,needs_visual_review,quarantine_existing_stable_id,https://www.miteco.gob.es/content/dam/miteco/es/ministerio/empleo-publico/personal-funcionario/cuestionario_primerejercicio_libre_cs_meteorologos_tcm30-498497.pdf
aemet-a1-acceso-libre-primer-ejercicio-2018-95,verified:C:legacy,2018-95,C,quarantined,needs_visual_review,quarantine_existing_stable_id,https://www.miteco.gob.es/content/dam/miteco/es/ministerio/empleo-publico/personal-funcionario/cuestionario_primerejercicio_libre_cs_meteorologos_tcm30-498497.pdf
aemet-a1-acceso-libre-primer-ejercicio-2018-96,needs_review:C:legacy,2018-96,C,quarantined,needs_visual_review,quarantine_existing_stable_id,https://www.miteco.gob.es/content/dam/miteco/es/ministerio/empleo-publico/personal-funcionario/cuestionario_primerejercicio_libre_cs_meteorologos_tcm30-498497.pdf
aemet-a1-acceso-libre-primer-ejercicio-2018-97,verified:A:legacy,2018-97,A,quarantined,needs_visual_review,quarantine_existing_stable_id,https://www.miteco.gob.es/content/dam/miteco/es/ministerio/empleo-publico/personal-funcionario/cuestionario_primerejercicio_libre_cs_meteorologos_tcm30-498497.pdf
aemet-a1-acceso-libre-primer-ejercicio-2018-98,verified:D:legacy,2018-98,D,quarantined,needs_visual_review,quarantine_existing_stable_id,https://www.miteco.gob.es/content/dam/miteco/es/ministerio/empleo-publico/personal-funcionario/cuestionario_primerejercicio_libre_cs_meteorologos_tcm30-498497.pdf
aemet-a1-acceso-libre-primer-ejercicio-2018-99,needs_review:B:legacy,2018-99,B,quarantined,needs_visual_review,quarantine_existing_stable_id,https://www.miteco.gob.es/content/dam/miteco/es/ministerio/empleo-publico/personal-funcionario/cuestionario_primerejercicio_libre_cs_meteorologos_tcm30-498497.pdf
aemet-a1-acceso-libre-primer-ejercicio-2018-100,needs_review:C:legacy,2018-100,C,quarantined,needs_visual_review,quarantine_existing_stable_id,https://www.miteco.gob.es/content/dam/miteco/es/ministerio/empleo-publico/personal-funcionario/cuestionario_primerejercicio_libre_cs_meteorologos_tcm30-498497.pdf
