year,exam,question_number,statement,option_a,option_b,option_c,option_d,correct_option,answer_key_status,question_source_url,answer_key_source_url,question_extraction_status
2014,AEMET A1 Acceso Libre — Primer ejercicio,1,"El rotacional de un campo vectorial plano tal que en el punto de coordenadas polares (r, θ), r > 0, el vector del campo tiene módulo 1 y está dirigido según la perpendicular al radio en sentido contrario a las agujas del reloj vale:",1/r,-1/ r2,0,r,A,official,https://www.aemet.es/documentos/es/empleo_y_becas/empleo_publico/oposiciones/grupo_a1/otras_convocatorias/ex_met_lib_2014.pdf,https://www.miteco.gob.es/content/dam/miteco/es/ministerio/servicios/empleo-publico/plantilla%20respuestas_tcm30-92321.pdf,text_extracted
2014,AEMET A1 Acceso Libre — Primer ejercicio,2,El flujo correspondiente al potencial complejo Ω (z) = i ln z es de tipo:,uniforme,con una fuente,con un sumidero,con circulación,D,official,https://www.aemet.es/documentos/es/empleo_y_becas/empleo_publico/oposiciones/grupo_a1/otras_convocatorias/ex_met_lib_2014.pdf,https://www.miteco.gob.es/content/dam/miteco/es/ministerio/servicios/empleo-publico/plantilla%20respuestas_tcm30-92321.pdf,text_extracted
2014,AEMET A1 Acceso Libre — Primer ejercicio,3,"Suponga que un conjunto de variables aleatorias tiene matriz de covarianzas diagonal, con ningún valor nulo en la diagonal. Indique la respuesta verdadera:",La primera componente principal es la variable con más varianza,La primera componente principal es la variable con menos varianza,La última componente principal es nula,La correlación entre la primera y la segunda componente principal es distinta de cero,A,official,https://www.aemet.es/documentos/es/empleo_y_becas/empleo_publico/oposiciones/grupo_a1/otras_convocatorias/ex_met_lib_2014.pdf,https://www.miteco.gob.es/content/dam/miteco/es/ministerio/servicios/empleo-publico/plantilla%20respuestas_tcm30-92321.pdf,text_extracted
2014,AEMET A1 Acceso Libre — Primer ejercicio,4,"Suponga que tiene dos datos a y b, 0 < a < b, para los que se postula que proceden de una población con función de densidad que es uniforme entre 0 y θ y con valor cero en el resto, U [0, θ]. ¿Cuál es el estimador de máxima verosimilitud de θ?",1,(a+b)2,(a+b)/2,b,D,official,https://www.aemet.es/documentos/es/empleo_y_becas/empleo_publico/oposiciones/grupo_a1/otras_convocatorias/ex_met_lib_2014.pdf,https://www.miteco.gob.es/content/dam/miteco/es/ministerio/servicios/empleo-publico/plantilla%20respuestas_tcm30-92321.pdf,text_extracted
2014,AEMET A1 Acceso Libre — Primer ejercicio,5,"Sean X, Y y Z tres variables aleatorias incorrelacionadas de varianza unidad. Se definen los dos conjuntos de variables aleatorias A = {X, Y}, B = {Y + Z}. La primera correlación canónica entre los conjuntos A y B vale:",0,(1/2)0.5,1/3,1,B,official,https://www.aemet.es/documentos/es/empleo_y_becas/empleo_publico/oposiciones/grupo_a1/otras_convocatorias/ex_met_lib_2014.pdf,https://www.miteco.gob.es/content/dam/miteco/es/ministerio/servicios/empleo-publico/plantilla%20respuestas_tcm30-92321.pdf,text_extracted
2014,AEMET A1 Acceso Libre — Primer ejercicio,6,"Sean X e Y dos variables aleatorias con funciones de densidad que son uniformes entre 0 y 1 y con valores cero en el resto, U [0,1], independientes entre sí. La probabilidad P (X + Y ≤ 3/2) vale:",1,7/8,3/8,1/2 Proceso selectivo para ingreso por el sistema general de acceso libre en el Cuerpo Superior de Meteorólogos del Estado Orden AAA/1183/2014 de 26 de junio (BOE nº 166 de 9 de julio de 2014) Primer ejercicio Página 3 de 19,B,official,https://www.aemet.es/documentos/es/empleo_y_becas/empleo_publico/oposiciones/grupo_a1/otras_convocatorias/ex_met_lib_2014.pdf,https://www.miteco.gob.es/content/dam/miteco/es/ministerio/servicios/empleo-publico/plantilla%20respuestas_tcm30-92321.pdf,text_extracted
2014,AEMET A1 Acceso Libre — Primer ejercicio,7,"Un conjunto de N datos, xi, i = 1, ..., N, tiene distribución simétrica bimodal y su N varianza es 100. Además se sabe que ∑ xi − a es mínima cuando a=20. El coeficiente de i =1 variación de Pearson de estos datos vale:",1,2,0.5,0.1,C,official,https://www.aemet.es/documentos/es/empleo_y_becas/empleo_publico/oposiciones/grupo_a1/otras_convocatorias/ex_met_lib_2014.pdf,https://www.miteco.gob.es/content/dam/miteco/es/ministerio/servicios/empleo-publico/plantilla%20respuestas_tcm30-92321.pdf,text_extracted
2014,AEMET A1 Acceso Libre — Primer ejercicio,8,"Una variable aleatoria tiene distribución normal N(20, 4). Si se eligen de forma independiente tres valores de esa variable, la probabilidad de que los tres sean mayores que 20 es:",0.5,0.25,0.125,0.375,C,official,https://www.aemet.es/documentos/es/empleo_y_becas/empleo_publico/oposiciones/grupo_a1/otras_convocatorias/ex_met_lib_2014.pdf,https://www.miteco.gob.es/content/dam/miteco/es/ministerio/servicios/empleo-publico/plantilla%20respuestas_tcm30-92321.pdf,text_extracted
2014,AEMET A1 Acceso Libre — Primer ejercicio,9,"En un experimento aleatorio, los sucesos A y B verifican P(A) = 0.4, P(B) = 0.6, P(B/A) = 0.5. Entonces:",A y B son independientes,A y B son incompatibles,P(A/B) =1/3,P(A U B) =0.5,C,official,https://www.aemet.es/documentos/es/empleo_y_becas/empleo_publico/oposiciones/grupo_a1/otras_convocatorias/ex_met_lib_2014.pdf,https://www.miteco.gob.es/content/dam/miteco/es/ministerio/servicios/empleo-publico/plantilla%20respuestas_tcm30-92321.pdf,text_extracted
2014,AEMET A1 Acceso Libre — Primer ejercicio,10,"Dados dos conjuntos de datos X e Y, se sabe que su coeficiente de correlación lineal es ρ = - 0.7, que la media de X es 0, que el valor absoluto de la pendiente de la recta de regresión de Y sobre X es 1/3 y que esa recta pasa por el punto (1, 2/3). Entonces, la media de Y vale:",1,1/3,-2/3,0,A,official,https://www.aemet.es/documentos/es/empleo_y_becas/empleo_publico/oposiciones/grupo_a1/otras_convocatorias/ex_met_lib_2014.pdf,https://www.miteco.gob.es/content/dam/miteco/es/ministerio/servicios/empleo-publico/plantilla%20respuestas_tcm30-92321.pdf,text_extracted
2014,AEMET A1 Acceso Libre — Primer ejercicio,11,¿Cuál de las siguientes expresiones representa una ecuación diferencial ordinaria de segundo orden lineal y homogénea? d2y,(t − 4 ) 2 + ln (t ) y = 0 dt 2 + sen(t + y ) = 0 d y dy,+ dt 2 dt dy,y 2 + =0 dt (  t2  d 2 y,tg  )  2 + t 4 − 1 dy + ( y − 2t ) = 0  t − 1  dt dt Proceso selectivo para ingreso por el sistema general de acceso libre en el Cuerpo Superior de Meteorólogos del Estado Orden AAA/1183/2014 de 26 de junio (BOE nº 166 de 9 de julio de 2014) Primer ejercicio Página 4 de 19,A,official,https://www.aemet.es/documentos/es/empleo_y_becas/empleo_publico/oposiciones/grupo_a1/otras_convocatorias/ex_met_lib_2014.pdf,https://www.miteco.gob.es/content/dam/miteco/es/ministerio/servicios/empleo-publico/plantilla%20respuestas_tcm30-92321.pdf,text_extracted
2014,AEMET A1 Acceso Libre — Primer ejercicio,12,"Sea la ecuación diferencial lineal de segundo orden y´´+5 y´+6 y = 0 . Siendo t la variable independiente, el valor del wronskiano de sus soluciones es:",− e −5t,− 5e −5t,− e 5t,− 5e − t,A,official,https://www.aemet.es/documentos/es/empleo_y_becas/empleo_publico/oposiciones/grupo_a1/otras_convocatorias/ex_met_lib_2014.pdf,https://www.miteco.gob.es/content/dam/miteco/es/ministerio/servicios/empleo-publico/plantilla%20respuestas_tcm30-92321.pdf,text_extracted
2014,AEMET A1 Acceso Libre — Primer ejercicio,13,Seleccione la afirmación correcta:,La convolución de dos funciones en el dominio del tiempo es igual al producto de las transformadas de Fourier de las funciones en el dominio de la frecuencia,La transformada de Fourier de la convolución de dos funciones en el dominio del tiempo es igual al producto de las transformadas de Fourier de las funciones en el dominio de la frecuencia,La transformada de Fourier del producto de dos funciones en el dominio del tiempo es igual a la transformada de Fourier de la convolución de las funciones en el dominio de la frecuencia,El producto de dos funciones en el dominio del tiempo es igual a la convolución de las transformadas de Fourier de las funciones en el dominio de la frecuencia,B,official,https://www.aemet.es/documentos/es/empleo_y_becas/empleo_publico/oposiciones/grupo_a1/otras_convocatorias/ex_met_lib_2014.pdf,https://www.miteco.gob.es/content/dam/miteco/es/ministerio/servicios/empleo-publico/plantilla%20respuestas_tcm30-92321.pdf,text_extracted
2014,AEMET A1 Acceso Libre — Primer ejercicio,14,"Dados n+1 puntos, {x0 , x1 ,..., x n } , n+1 valores { f ( x0 ), f ( x1 ),..., f ( x n )} y la expresión n n x − xj f n ( x ) = ∑ Li ( x ) f ( xi ) donde Li ( x ) = ∏ , seleccione la afirmación correcta: i =0 j =0 xi − x j j ≠i",La expresión se denomina polinomio de interpolación de Newton-Cotes,"Para n = 1, si la función f es una recta, f (− 1) = 1 y f (1) = −1 , entonces f 1 (0) = −1",El cálculo de las expresiones Li ( x ) no puede realizarse de forma recursiva,La expresión f n estima de forma exacta todos los polinomios de grado n+1,C,official,https://www.aemet.es/documentos/es/empleo_y_becas/empleo_publico/oposiciones/grupo_a1/otras_convocatorias/ex_met_lib_2014.pdf,https://www.miteco.gob.es/content/dam/miteco/es/ministerio/servicios/empleo-publico/plantilla%20respuestas_tcm30-92321.pdf,text_extracted
2014,AEMET A1 Acceso Libre — Primer ejercicio,15,"En un giro de sentido antihorario en el hemisferio norte, la fuerza de Coriolis está dirigida en:","el mismo sentido que la fuerza centrífuga, con una magnitud directamente proporcional al cuadrado de la velocidad lineal","el mismo sentido que la fuerza centrífuga, con una magnitud directamente proporcional a la velocidad lineal","el sentido opuesto a la fuerza centrífuga, con una magnitud directamente proporcional al cuadrado de la velocidad lineal","el sentido opuesto a la fuerza centrífuga, con una magnitud directamente proporcional a la velocidad lineal Proceso selectivo para ingreso por el sistema general de acceso libre en el Cuerpo Superior de Meteorólogos del Estado Orden AAA/1183/2014 de 26 de junio (BOE nº 166 de 9 de julio de 2014) Primer ejercicio Página 5 de 19",B,official,https://www.aemet.es/documentos/es/empleo_y_becas/empleo_publico/oposiciones/grupo_a1/otras_convocatorias/ex_met_lib_2014.pdf,https://www.miteco.gob.es/content/dam/miteco/es/ministerio/servicios/empleo-publico/plantilla%20respuestas_tcm30-92321.pdf,text_extracted
2014,AEMET A1 Acceso Libre — Primer ejercicio,16,"Sabiendo que el momento de inercia de una barra delgada respecto a un eje 1 perpendicular que pasa por su centro es ML2 , siendo M su masa y L su longitud, 12 seleccione la expresión del correspondiente momento de inercia respecto a un eje perpendicular a la barra que pasa por su extremo. 1",ML2 3 1,ML2 6 1,ML2 24 1,ML2 36,A,official,https://www.aemet.es/documentos/es/empleo_y_becas/empleo_publico/oposiciones/grupo_a1/otras_convocatorias/ex_met_lib_2014.pdf,https://www.miteco.gob.es/content/dam/miteco/es/ministerio/servicios/empleo-publico/plantilla%20respuestas_tcm30-92321.pdf,text_extracted
2014,AEMET A1 Acceso Libre — Primer ejercicio,17,La formulación lagrangiana de las leyes de la Mecánica presupone que el estado mecánico del sistema está determinado dando:,sólo sus coordenadas generalizadas,sus coordenadas y velocidades generalizadas,sólo sus velocidades generalizadas,sus coordenadas y aceleraciones generalizadas,B,official,https://www.aemet.es/documentos/es/empleo_y_becas/empleo_publico/oposiciones/grupo_a1/otras_convocatorias/ex_met_lib_2014.pdf,https://www.miteco.gob.es/content/dam/miteco/es/ministerio/servicios/empleo-publico/plantilla%20respuestas_tcm30-92321.pdf,text_extracted
2014,AEMET A1 Acceso Libre — Primer ejercicio,18,El cuadrado de la velocidad de escape con la cual debe lanzarse un cuerpo desde la superficie de la Tierra es:,inversamente proporcional a la masa de la Tierra,inversamente proporcional a la aceleración de la gravedad en superficie,inversamente proporcional a la constante de gravitación universal,directamente proporcional a la masa de la Tierra e inversamente proporcional al radio de la misma,D,official,https://www.aemet.es/documentos/es/empleo_y_becas/empleo_publico/oposiciones/grupo_a1/otras_convocatorias/ex_met_lib_2014.pdf,https://www.miteco.gob.es/content/dam/miteco/es/ministerio/servicios/empleo-publico/plantilla%20respuestas_tcm30-92321.pdf,text_extracted
2014,AEMET A1 Acceso Libre — Primer ejercicio,19,Marque la respuesta correcta referente a la viscosidad de los fluidos:,La variación de la viscosidad con la presión y la temperatura es igual en los gases que en los líquidos: disminuye al aumentar esas condiciones,La viscosidad de la mayoría de los fluidos es constante al variar la temperatura y la presión,"Al disminuir la presión y la temperatura, la viscosidad de los gases aumenta",En la mayoría de los fluidos líquidos la viscosidad aumenta al aumentar la presión y disminuye al aumentar la temperatura,D,official,https://www.aemet.es/documentos/es/empleo_y_becas/empleo_publico/oposiciones/grupo_a1/otras_convocatorias/ex_met_lib_2014.pdf,https://www.miteco.gob.es/content/dam/miteco/es/ministerio/servicios/empleo-publico/plantilla%20respuestas_tcm30-92321.pdf,text_extracted
2014,AEMET A1 Acceso Libre — Primer ejercicio,20,La ecuación de continuidad de un fluido incompresible establece que:,la energía mecánica total se conserva en el fluido,la divergencia de la velocidad es igual a cero,el rotacional de la velocidad es igual a cero,el momento lineal se conserva en el fluido Proceso selectivo para ingreso por el sistema general de acceso libre en el Cuerpo Superior de Meteorólogos del Estado Orden AAA/1183/2014 de 26 de junio (BOE nº 166 de 9 de julio de 2014) Primer ejercicio Página 6 de 19,B,official,https://www.aemet.es/documentos/es/empleo_y_becas/empleo_publico/oposiciones/grupo_a1/otras_convocatorias/ex_met_lib_2014.pdf,https://www.miteco.gob.es/content/dam/miteco/es/ministerio/servicios/empleo-publico/plantilla%20respuestas_tcm30-92321.pdf,text_extracted
2014,AEMET A1 Acceso Libre — Primer ejercicio,21,"En la atmósfera terrestre, la zona donde mayoritariamente el flujo tiene un carácter más turbulento es:",la capa límite atmosférica diurna,la atmósfera libre,la estratosfera,la subcapa laminar,A,official,https://www.aemet.es/documentos/es/empleo_y_becas/empleo_publico/oposiciones/grupo_a1/otras_convocatorias/ex_met_lib_2014.pdf,https://www.miteco.gob.es/content/dam/miteco/es/ministerio/servicios/empleo-publico/plantilla%20respuestas_tcm30-92321.pdf,text_extracted
2014,AEMET A1 Acceso Libre — Primer ejercicio,22,La ecuación de Bernoulli en los fluidos representa:,la conservación del momento lineal,la conservación del momento angular,la conservación de la masa,la conservación de la energía,D,official,https://www.aemet.es/documentos/es/empleo_y_becas/empleo_publico/oposiciones/grupo_a1/otras_convocatorias/ex_met_lib_2014.pdf,https://www.miteco.gob.es/content/dam/miteco/es/ministerio/servicios/empleo-publico/plantilla%20respuestas_tcm30-92321.pdf,text_extracted
2014,AEMET A1 Acceso Libre — Primer ejercicio,23,Suponga que la velocidad de fase de las ondas en un medio dispersivo viene dada por la expresión: g ⋅λ c fase = 2π donde g es la aceleración de la gravedad y λ es la longitud de onda. El valor de la velocidad de grupo es:,cfase,1/4 cfase,1/2 cfase,3/2 cfase,C,official,https://www.aemet.es/documentos/es/empleo_y_becas/empleo_publico/oposiciones/grupo_a1/otras_convocatorias/ex_met_lib_2014.pdf,https://www.miteco.gob.es/content/dam/miteco/es/ministerio/servicios/empleo-publico/plantilla%20respuestas_tcm30-92321.pdf,text_extracted
2014,AEMET A1 Acceso Libre — Primer ejercicio,24,"Una fuente sonora emite un sonido cuya velocidad de propagación es de 340 m/s y cuya frecuencia es de 360 Hz. Si un observador inmóvil percibe ese sonido con una frecuencia de 400 Hz, ¿a qué velocidad radial respecto del observador se desplaza la fuente sonora?",38 m/s,61 m/s,34 m/s,65 m/s,C,official,https://www.aemet.es/documentos/es/empleo_y_becas/empleo_publico/oposiciones/grupo_a1/otras_convocatorias/ex_met_lib_2014.pdf,https://www.miteco.gob.es/content/dam/miteco/es/ministerio/servicios/empleo-publico/plantilla%20respuestas_tcm30-92321.pdf,text_extracted
2014,AEMET A1 Acceso Libre — Primer ejercicio,25,Seleccione la expresión correcta en un gas ideal:,dS = m⋅cv⋅d (ln θ),dS = m⋅cp⋅d (ln θ),dS = m⋅cv⋅d θ,dS = m⋅cp⋅d θ siendo S = entropía; m = masa; θ = temperatura potencial; cp = calor específico del gas a presión constante; cv = calor específico del gas a volumen constante. Proceso selectivo para ingreso por el sistema general de acceso libre en el Cuerpo Superior de Meteorólogos del Estado Orden AAA/1183/2014 de 26 de junio (BOE nº 166 de 9 de julio de 2014) Primer ejercicio Página 7 de 19,B,official,https://www.aemet.es/documentos/es/empleo_y_becas/empleo_publico/oposiciones/grupo_a1/otras_convocatorias/ex_met_lib_2014.pdf,https://www.miteco.gob.es/content/dam/miteco/es/ministerio/servicios/empleo-publico/plantilla%20respuestas_tcm30-92321.pdf,text_extracted
2014,AEMET A1 Acceso Libre — Primer ejercicio,26,"Sean tres procesos termodinámicos en los que un mol de gas ideal disminuye su presión, aumenta su volumen y disminuye su temperatura: (proceso A) expansión adiabática; (proceso B) proceso isotermo seguido de un enfriamiento isocoro; (proceso C) un enfriamiento isocoro seguido de una expansión isobárica. Seleccione la secuencia ordenada correcta para el valor del trabajo de expansión (W) correspondiente a cada proceso.",WA < WB < WC,WB < WA < WC,WC < WA < WB,WC < WB < WA,C,official,https://www.aemet.es/documentos/es/empleo_y_becas/empleo_publico/oposiciones/grupo_a1/otras_convocatorias/ex_met_lib_2014.pdf,https://www.miteco.gob.es/content/dam/miteco/es/ministerio/servicios/empleo-publico/plantilla%20respuestas_tcm30-92321.pdf,text_extracted
2014,AEMET A1 Acceso Libre — Primer ejercicio,27,"En un cambio de fase reversible del agua, se mantiene constante:",la entalpía,la función de Gibbs,la energía interna,la entropía,B,official,https://www.aemet.es/documentos/es/empleo_y_becas/empleo_publico/oposiciones/grupo_a1/otras_convocatorias/ex_met_lib_2014.pdf,https://www.miteco.gob.es/content/dam/miteco/es/ministerio/servicios/empleo-publico/plantilla%20respuestas_tcm30-92321.pdf,text_extracted
2014,AEMET A1 Acceso Libre — Primer ejercicio,28,Considere la expansión isoterma de un gas ideal hasta que iguale la presión exterior (patm). ¿Cómo debería ser el proceso para que la energía intercambiada entre el gas y el exterior en forma de trabajo fuera máxima?,Proceso de expansión brusca contra la presión exterior,Proceso cuasiestático,Proceso isoentrópico sin fenómenos disipativos,Proceso adiabático cuasiestático,B,official,https://www.aemet.es/documentos/es/empleo_y_becas/empleo_publico/oposiciones/grupo_a1/otras_convocatorias/ex_met_lib_2014.pdf,https://www.miteco.gob.es/content/dam/miteco/es/ministerio/servicios/empleo-publico/plantilla%20respuestas_tcm30-92321.pdf,text_extracted
2014,AEMET A1 Acceso Libre — Primer ejercicio,29,"Sea la ecuación PVγ = cte, donde P y V son la presión y el volumen de un gas, γ = cp/cv, con cp y cv los valores del calor específico del gas a presión y volumen constante, respectivamente. Esta ecuación es válida:",para cualquier proceso adiabático,solo para procesos adiabáticos de gases ideales,solo para procesos adiabáticos reversibles,solo para procesos adiabáticos reversibles de gases ideales,D,official,https://www.aemet.es/documentos/es/empleo_y_becas/empleo_publico/oposiciones/grupo_a1/otras_convocatorias/ex_met_lib_2014.pdf,https://www.miteco.gob.es/content/dam/miteco/es/ministerio/servicios/empleo-publico/plantilla%20respuestas_tcm30-92321.pdf,text_extracted
2014,AEMET A1 Acceso Libre — Primer ejercicio,30,"¿Cuál será la variación de entropía que experimentan 2 moles de He, suponiendo que se comporta como gas perfecto monoatómico, cuando su volumen se triplica y su presión se divide por tres?",∆S = 2R ln 3 2,∆S = 2 R ln  3,∆S = − 2 R ln 3,∆S = 0 siendo R la constante universal de los gases. Proceso selectivo para ingreso por el sistema general de acceso libre en el Cuerpo Superior de Meteorólogos del Estado Orden AAA/1183/2014 de 26 de junio (BOE nº 166 de 9 de julio de 2014) Primer ejercicio Página 8 de 19,A,official,https://www.aemet.es/documentos/es/empleo_y_becas/empleo_publico/oposiciones/grupo_a1/otras_convocatorias/ex_met_lib_2014.pdf,https://www.miteco.gob.es/content/dam/miteco/es/ministerio/servicios/empleo-publico/plantilla%20respuestas_tcm30-92321.pdf,text_extracted
2014,AEMET A1 Acceso Libre — Primer ejercicio,31,"Por una espira circular de una vuelta pasa una corriente eléctrica. Si con el mismo hilo conductor se hace otra espira circular de dos vueltas, la inducción magnética en el centro producida por la misma corriente es:",la misma que en el primer caso,la cuarta parte que en el primer caso,la mitad que en el primer caso,cuatro veces mayor que en el primer caso,D,official,https://www.aemet.es/documentos/es/empleo_y_becas/empleo_publico/oposiciones/grupo_a1/otras_convocatorias/ex_met_lib_2014.pdf,https://www.miteco.gob.es/content/dam/miteco/es/ministerio/servicios/empleo-publico/plantilla%20respuestas_tcm30-92321.pdf,text_extracted
2014,AEMET A1 Acceso Libre — Primer ejercicio,32,La ecuación de Navier-Stokes:,solo es válida para un flujo turbulento,solo es válida para un flujo laminar,es válida tanto para un flujo laminar como turbulento,solo es válida para un fluido incompresible e irrotacional,C,official,https://www.aemet.es/documentos/es/empleo_y_becas/empleo_publico/oposiciones/grupo_a1/otras_convocatorias/ex_met_lib_2014.pdf,https://www.miteco.gob.es/content/dam/miteco/es/ministerio/servicios/empleo-publico/plantilla%20respuestas_tcm30-92321.pdf,text_extracted
2014,AEMET A1 Acceso Libre — Primer ejercicio,33,¿Qué ley establece que la potencia emitida por unidad de área por un cuerpo negro es directamente proporcional a la cuarta potencia de la temperatura absoluta del citado cuerpo?,Ley de Kirchhoff,Ley de Planck,Ley de Stefan-Boltzmann,Ley de Wien,C,official,https://www.aemet.es/documentos/es/empleo_y_becas/empleo_publico/oposiciones/grupo_a1/otras_convocatorias/ex_met_lib_2014.pdf,https://www.miteco.gob.es/content/dam/miteco/es/ministerio/servicios/empleo-publico/plantilla%20respuestas_tcm30-92321.pdf,text_extracted
2014,AEMET A1 Acceso Libre — Primer ejercicio,34,"En el Sistema Internacional, la radiancia se expresa en:",W · sr -1,W · nm -1,W · m -2 · K -1,W · m -2 · sr -1,D,official,https://www.aemet.es/documentos/es/empleo_y_becas/empleo_publico/oposiciones/grupo_a1/otras_convocatorias/ex_met_lib_2014.pdf,https://www.miteco.gob.es/content/dam/miteco/es/ministerio/servicios/empleo-publico/plantilla%20respuestas_tcm30-92321.pdf,text_extracted
2014,AEMET A1 Acceso Libre — Primer ejercicio,35,La disminución media de la temperatura en la troposfera terrestre por cada kilómetro que se asciende en ella es:,9.8 ºC,6.5 ºC,0.0098 ºC,0.0065 ºC,B,official,https://www.aemet.es/documentos/es/empleo_y_becas/empleo_publico/oposiciones/grupo_a1/otras_convocatorias/ex_met_lib_2014.pdf,https://www.miteco.gob.es/content/dam/miteco/es/ministerio/servicios/empleo-publico/plantilla%20respuestas_tcm30-92321.pdf,text_extracted
2014,AEMET A1 Acceso Libre — Primer ejercicio,36,"Entre los gases atmosféricos indicados, marque el que absorbe las radiaciones más energéticas:",Oxígeno,Dióxido de carbono,Óxido nitroso,Ozono Proceso selectivo para ingreso por el sistema general de acceso libre en el Cuerpo Superior de Meteorólogos del Estado Orden AAA/1183/2014 de 26 de junio (BOE nº 166 de 9 de julio de 2014) Primer ejercicio Página 9 de 19,A,official,https://www.aemet.es/documentos/es/empleo_y_becas/empleo_publico/oposiciones/grupo_a1/otras_convocatorias/ex_met_lib_2014.pdf,https://www.miteco.gob.es/content/dam/miteco/es/ministerio/servicios/empleo-publico/plantilla%20respuestas_tcm30-92321.pdf,text_extracted
2014,AEMET A1 Acceso Libre — Primer ejercicio,37,"En relación con el porcentaje en volumen de los gases en la troposfera, elija la frase correcta:",El nitrógeno molecular tiene una importante variación con la altura,El oxígeno molecular tiene una importante variación con la altura,El dióxido de carbono tiene una importante variación con la altura,El vapor de agua tiene una importante variación con la altura,D,official,https://www.aemet.es/documentos/es/empleo_y_becas/empleo_publico/oposiciones/grupo_a1/otras_convocatorias/ex_met_lib_2014.pdf,https://www.miteco.gob.es/content/dam/miteco/es/ministerio/servicios/empleo-publico/plantilla%20respuestas_tcm30-92321.pdf,text_extracted
2014,AEMET A1 Acceso Libre — Primer ejercicio,38,"Cuando tenemos estratificación estable con aire seco, la temperatura potencial:",disminuye con la altura,se mantiene constante con la altura,aumenta con la altura,depende de la cizalladura del viento que haya,C,official,https://www.aemet.es/documentos/es/empleo_y_becas/empleo_publico/oposiciones/grupo_a1/otras_convocatorias/ex_met_lib_2014.pdf,https://www.miteco.gob.es/content/dam/miteco/es/ministerio/servicios/empleo-publico/plantilla%20respuestas_tcm30-92321.pdf,text_extracted
2014,AEMET A1 Acceso Libre — Primer ejercicio,39,El ritmo de disminución de la temperatura con la altura en una masa de aire húmedo que asciende adiabáticamente hasta llegar al nivel de condensación es:,siempre menor que en una masa de aire seco,igual que en una masa de aire seco,menor cuanto menor sea la humedad específica de la masa de aire,mayor que en una masa de aire seco,A,official,https://www.aemet.es/documentos/es/empleo_y_becas/empleo_publico/oposiciones/grupo_a1/otras_convocatorias/ex_met_lib_2014.pdf,https://www.miteco.gob.es/content/dam/miteco/es/ministerio/servicios/empleo-publico/plantilla%20respuestas_tcm30-92321.pdf,text_extracted
2014,AEMET A1 Acceso Libre — Primer ejercicio,40,Cuando ocurre el llamado “efecto Föhn” se conserva:,la temperatura seudopotencial equivalente,la temperatura adiabática del termómetro húmedo,la temperatura potencial virtual,la temperatura adiabática equivalente,A,official,https://www.aemet.es/documentos/es/empleo_y_becas/empleo_publico/oposiciones/grupo_a1/otras_convocatorias/ex_met_lib_2014.pdf,https://www.miteco.gob.es/content/dam/miteco/es/ministerio/servicios/empleo-publico/plantilla%20respuestas_tcm30-92321.pdf,text_extracted
2014,AEMET A1 Acceso Libre — Primer ejercicio,41,"En un ascenso adiabático (sin saturación), la temperatura del punto de rocío:",disminuye ≅ 9.8 º/km,disminuye ≅ 1.6 º/km,disminuye ≅ 6.5 º/km,es constante,B,official,https://www.aemet.es/documentos/es/empleo_y_becas/empleo_publico/oposiciones/grupo_a1/otras_convocatorias/ex_met_lib_2014.pdf,https://www.miteco.gob.es/content/dam/miteco/es/ministerio/servicios/empleo-publico/plantilla%20respuestas_tcm30-92321.pdf,text_extracted
2014,AEMET A1 Acceso Libre — Primer ejercicio,42,El intervalo de bruma en una niebla radiativa es:,el tiempo que tarda en disiparse la bruma y que depende de la concentración inicial de gotitas de agua,"el tiempo entre bruma y niebla, y que depende de la concentración inicial de vapor de agua",el descenso de temperatura que implica una condensación de 0.5 gramos de vapor de agua en 1 m3 de aire,la cantidad de vapor de agua a condensar para que la visibilidad horizontal sea inferior a 1 km Proceso selectivo para ingreso por el sistema general de acceso libre en el Cuerpo Superior de Meteorólogos del Estado Orden AAA/1183/2014 de 26 de junio (BOE nº 166 de 9 de julio de 2014) Primer ejercicio Página 10 de 19,C,official,https://www.aemet.es/documentos/es/empleo_y_becas/empleo_publico/oposiciones/grupo_a1/otras_convocatorias/ex_met_lib_2014.pdf,https://www.miteco.gob.es/content/dam/miteco/es/ministerio/servicios/empleo-publico/plantilla%20respuestas_tcm30-92321.pdf,text_extracted
2014,AEMET A1 Acceso Libre — Primer ejercicio,43,"Aproximadamente, la altura del nivel de condensación por ascenso es:",inversamente proporcional a la diferencia entre la temperatura del aire y la temperatura del punto de rocío en el suelo,directamente proporcional a la diferencia entre la temperatura del aire y la temperatura del punto de rocío en el suelo,inversamente proporcional a la diferencia entre la temperatura virtual y temperatura del aire en el suelo,directamente proporcional a la diferencia entre la temperatura virtual y la temperatura del aire en el suelo,B,official,https://www.aemet.es/documentos/es/empleo_y_becas/empleo_publico/oposiciones/grupo_a1/otras_convocatorias/ex_met_lib_2014.pdf,https://www.miteco.gob.es/content/dam/miteco/es/ministerio/servicios/empleo-publico/plantilla%20respuestas_tcm30-92321.pdf,text_extracted
2014,AEMET A1 Acceso Libre — Primer ejercicio,44,"Las coordenadas (ordenada, abscisa) en el diagrama oblicuo son:","- p k, T","ln θ, T","- ln p, T","- p, ln T siendo p = presión; T = temperatura; θ = temperatura potencial; k = 0.286",C,official,https://www.aemet.es/documentos/es/empleo_y_becas/empleo_publico/oposiciones/grupo_a1/otras_convocatorias/ex_met_lib_2014.pdf,https://www.miteco.gob.es/content/dam/miteco/es/ministerio/servicios/empleo-publico/plantilla%20respuestas_tcm30-92321.pdf,text_extracted
2014,AEMET A1 Acceso Libre — Primer ejercicio,45,¿Cuál es el intervalo espectral que incluye la radiación solar ultravioleta UVA y UVB?,10 – 200 nm,200 – 280 nm,280 – 400 nm,400 – 480 nm,C,official,https://www.aemet.es/documentos/es/empleo_y_becas/empleo_publico/oposiciones/grupo_a1/otras_convocatorias/ex_met_lib_2014.pdf,https://www.miteco.gob.es/content/dam/miteco/es/ministerio/servicios/empleo-publico/plantilla%20respuestas_tcm30-92321.pdf,text_extracted
2014,AEMET A1 Acceso Libre — Primer ejercicio,46,La estimación de perfiles atmosféricos de temperatura a partir de la información captada por sensores a bordo de satélites de observación de la Tierra se basa en obtener la solución de:,la ley de Beer,la ecuación de transferencia radiativa,la ley de Kirchhoff,la función de Planck,B,official,https://www.aemet.es/documentos/es/empleo_y_becas/empleo_publico/oposiciones/grupo_a1/otras_convocatorias/ex_met_lib_2014.pdf,https://www.miteco.gob.es/content/dam/miteco/es/ministerio/servicios/empleo-publico/plantilla%20respuestas_tcm30-92321.pdf,text_extracted
2014,AEMET A1 Acceso Libre — Primer ejercicio,47,El efecto invernadero atmosférico se debe a:,la absorción neta de radiación solar e infrarroja por gases atmosféricos,la absorción neta de radiación solar e infrarroja por gases atmosféricos y nubes,la absorción y re-emisión de radiación infrarroja por gases atmosféricos y nubes,la absorción de radiación solar por gases atmosféricos,C,official,https://www.aemet.es/documentos/es/empleo_y_becas/empleo_publico/oposiciones/grupo_a1/otras_convocatorias/ex_met_lib_2014.pdf,https://www.miteco.gob.es/content/dam/miteco/es/ministerio/servicios/empleo-publico/plantilla%20respuestas_tcm30-92321.pdf,text_extracted
2014,AEMET A1 Acceso Libre — Primer ejercicio,48,En la nucleación heterogénea en fase hielo por deposición:,cuanto más baja sea la temperatura mayor es la velocidad de nucleación,la velocidad de nucleación es independiente del parámetro de contacto del núcleo glaciógeno,la velocidad de nucleación disminuye al aumentar el parámetro de contacto del núcleo glaciógeno,la velocidad de nucleación es independiente de la temperatura Proceso selectivo para ingreso por el sistema general de acceso libre en el Cuerpo Superior de Meteorólogos del Estado Orden AAA/1183/2014 de 26 de junio (BOE nº 166 de 9 de julio de 2014) Primer ejercicio Página 11 de 19,A,official,https://www.aemet.es/documentos/es/empleo_y_becas/empleo_publico/oposiciones/grupo_a1/otras_convocatorias/ex_met_lib_2014.pdf,https://www.miteco.gob.es/content/dam/miteco/es/ministerio/servicios/empleo-publico/plantilla%20respuestas_tcm30-92321.pdf,text_extracted
2014,AEMET A1 Acceso Libre — Primer ejercicio,49,"En relación con el crecimiento de las gotitas nubosas en el seno de una nube cálida, señale la respuesta correcta:",El ritmo de crecimiento por difusión de vapor de agua y por colisión-coalescencia es menor para las gotas mayores,El ritmo de crecimiento por difusión de vapor de agua es igual al del crecimiento por colisión-coalescencia para todo el rango de tamaños de gotitas,El ritmo de crecimiento por difusión de vapor de agua es mayor para las gotitas menores mientras que el de colisión-coalescencia es menor para dichas gotitas,El ritmo de crecimiento por difusión de vapor de agua es igual al del crecimiento por acreción para todo el rango de tamaños de gotitas,C,official,https://www.aemet.es/documentos/es/empleo_y_becas/empleo_publico/oposiciones/grupo_a1/otras_convocatorias/ex_met_lib_2014.pdf,https://www.miteco.gob.es/content/dam/miteco/es/ministerio/servicios/empleo-publico/plantilla%20respuestas_tcm30-92321.pdf,text_extracted
2014,AEMET A1 Acceso Libre — Primer ejercicio,50,El fenómeno óptico de las coronas se produce:,por difracción de la luz en las gotitas de agua,por refracción de la luz en los cristales de hielo,por reflexión de la luz en los cristales de hielo,por refracción de la luz en gotitas de agua,A,official,https://www.aemet.es/documentos/es/empleo_y_becas/empleo_publico/oposiciones/grupo_a1/otras_convocatorias/ex_met_lib_2014.pdf,https://www.miteco.gob.es/content/dam/miteco/es/ministerio/servicios/empleo-publico/plantilla%20respuestas_tcm30-92321.pdf,text_extracted
2014,AEMET A1 Acceso Libre — Primer ejercicio,51,El campo eléctrico de buen tiempo cerca de la superficie terrestre:,tiene un valor promedio de 1000 V m-1,tiene un valor promedio de 130 V m-1 sobre los océanos y aumenta hasta los 360 V m-1 sobre zonas industrializadas,tiene un valor promedio de 100 V m-1 sobre los océanos y disminuye hasta los 50 V m-1 sobre zonas industrializadas,tiene un valor promedio de 1000 V m-1 sobre los océanos y puede aumentar hasta los 10000 V m-1 sobre zonas industrializadas,B,official,https://www.aemet.es/documentos/es/empleo_y_becas/empleo_publico/oposiciones/grupo_a1/otras_convocatorias/ex_met_lib_2014.pdf,https://www.miteco.gob.es/content/dam/miteco/es/ministerio/servicios/empleo-publico/plantilla%20respuestas_tcm30-92321.pdf,text_extracted
2014,AEMET A1 Acceso Libre — Primer ejercicio,52,La distancia máxima de operación de un radar meteorológico depende de:,la longitud del pulso,la distancia a la que los lóbulos laterales interfieren en el haz principal,la distancia a la que la razón señal-ruido es inferior a un valor de umbral proporcionado por el fabricante,"la frecuencia de repetición del pulso (PRF, de sus siglas en inglés)",D,official,https://www.aemet.es/documentos/es/empleo_y_becas/empleo_publico/oposiciones/grupo_a1/otras_convocatorias/ex_met_lib_2014.pdf,https://www.miteco.gob.es/content/dam/miteco/es/ministerio/servicios/empleo-publico/plantilla%20respuestas_tcm30-92321.pdf,text_extracted
2014,AEMET A1 Acceso Libre — Primer ejercicio,53,¿Qué nombre reciben los métodos que permiten determinar la temperatura de la superficie del mar o de la tierra a partir de la combinación de las medidas de dos canales de un radiómetro embarcado en un satélite que trabaje dentro de la ventana de 8 a 13 µm?,Dual-signal,Bi-angulares,Tasseled-cap,Split-window Proceso selectivo para ingreso por el sistema general de acceso libre en el Cuerpo Superior de Meteorólogos del Estado Orden AAA/1183/2014 de 26 de junio (BOE nº 166 de 9 de julio de 2014) Primer ejercicio Página 12 de 19,D,official,https://www.aemet.es/documentos/es/empleo_y_becas/empleo_publico/oposiciones/grupo_a1/otras_convocatorias/ex_met_lib_2014.pdf,https://www.miteco.gob.es/content/dam/miteco/es/ministerio/servicios/empleo-publico/plantilla%20respuestas_tcm30-92321.pdf,text_extracted
2014,AEMET A1 Acceso Libre — Primer ejercicio,54,Suponga que tiene la posibilidad de combinar diferentes canales del sensor de un satélite meteorológico para detectar diferentes tipos de coberturas nubosas. ¿Cuál de las siguientes combinaciones sería la más adecuada para detectar nubes bajas cuya cima presente gotas de agua?,Diferencia entre la temperatura de brillo de los canales 0.64 y 1.64 µm,Diferencia entre la temperatura de brillo de los canales 3.9 y 10.8 µm,Diferencia entre la temperatura de brillo de los canales 6.3 y 7.4 µm,Diferencia entre la temperatura de brillo de los canales 12.0 y 13.4 µm,B,official,https://www.aemet.es/documentos/es/empleo_y_becas/empleo_publico/oposiciones/grupo_a1/otras_convocatorias/ex_met_lib_2014.pdf,https://www.miteco.gob.es/content/dam/miteco/es/ministerio/servicios/empleo-publico/plantilla%20respuestas_tcm30-92321.pdf,text_extracted
2014,AEMET A1 Acceso Libre — Primer ejercicio,55,"El efecto de una cizalladura vertical del viento sobre un avión que está despegando, si el viento es de cara y disminuye su velocidad con la altura a lo largo de la trayectoria de despegue es que:",tiende a desviar al avión hacia arriba de la trayectoria de despegue,tiende a desviar al avión hacia abajo de la trayectoria de despegue,tiende a desviar al avión hacia la derecha de la trayectoria de despegue,tiende a desviar al avión hacia la izquierda de la trayectoria de despegue g ∂θ ∂u ∂v 2 2,B,official,https://www.aemet.es/documentos/es/empleo_y_becas/empleo_publico/oposiciones/grupo_a1/otras_convocatorias/ex_met_lib_2014.pdf,https://www.miteco.gob.es/content/dam/miteco/es/ministerio/servicios/empleo-publico/plantilla%20respuestas_tcm30-92321.pdf,text_extracted
2014,AEMET A1 Acceso Libre — Primer ejercicio,56,"En una zona inicialmente con N = 2 > 0 , el valor de N2 y el de S v2 = + θ ∂z ∂z ∂z van a aumentar o a disminuir un 50%. ¿Cuál de los siguientes cambios tenderá a aumentar la intensidad de la posible turbulencia en aire claro?",Aumentan N2 y Sv2,Disminuyen N2 y Sv2,Aumenta N2 y disminuye Sv2,Disminuye N2 y aumenta Sv2,D,official,https://www.aemet.es/documentos/es/empleo_y_becas/empleo_publico/oposiciones/grupo_a1/otras_convocatorias/ex_met_lib_2014.pdf,https://www.miteco.gob.es/content/dam/miteco/es/ministerio/servicios/empleo-publico/plantilla%20respuestas_tcm30-92321.pdf,text_extracted
2014,AEMET A1 Acceso Libre — Primer ejercicio,58,Señale la afirmación correcta:,La fuerza del gradiente de presión es proporcional al campo de presión,La transferencia de momento lineal en la atmósfera por debajo de 100 km de altura se produce por remolinos turbulentos,"La dirección de la plomada no apunta hacia el centro de la Tierra, excepto en los polos y en el ecuador",Todas son falsas,C,official,https://www.aemet.es/documentos/es/empleo_y_becas/empleo_publico/oposiciones/grupo_a1/otras_convocatorias/ex_met_lib_2014.pdf,https://www.miteco.gob.es/content/dam/miteco/es/ministerio/servicios/empleo-publico/plantilla%20respuestas_tcm30-92321.pdf,text_extracted
2014,AEMET A1 Acceso Libre — Primer ejercicio,59,La aproximación geostrófica es más válida cuando el número de Rossby es:,un número grande y negativo,un número grande y positivo,un número pequeño y positivo,un número pequeño y negativo Proceso selectivo para ingreso por el sistema general de acceso libre en el Cuerpo Superior de Meteorólogos del Estado Orden AAA/1183/2014 de 26 de junio (BOE nº 166 de 9 de julio de 2014) Primer ejercicio Página 13 de 19,C,official,https://www.aemet.es/documentos/es/empleo_y_becas/empleo_publico/oposiciones/grupo_a1/otras_convocatorias/ex_met_lib_2014.pdf,https://www.miteco.gob.es/content/dam/miteco/es/ministerio/servicios/empleo-publico/plantilla%20respuestas_tcm30-92321.pdf,text_extracted
2014,AEMET A1 Acceso Libre — Primer ejercicio,60,"La relación matemática que expresa la conservación de la masa en un fluido, en un sistema de coordenadas fijo, recibe el nombre de ecuación de continuidad. Para deducirla se pueden emplear dos métodos: el lagrangiano y el euleriano. Señale la opción correcta:",Un volumen de control euleriano está fijo en el sistema de coordenadas,Un volumen de control lagrangiano está fijo en el sistema de coordenadas,Un volumen de control euleriano de masa fija se mueve con el fluido,Ninguna de las anteriores,A,official,https://www.aemet.es/documentos/es/empleo_y_becas/empleo_publico/oposiciones/grupo_a1/otras_convocatorias/ex_met_lib_2014.pdf,https://www.miteco.gob.es/content/dam/miteco/es/ministerio/servicios/empleo-publico/plantilla%20respuestas_tcm30-92321.pdf,text_extracted
2014,AEMET A1 Acceso Libre — Primer ejercicio,61,"En una zona del hemisferio norte en la que se puede despreciar el gradiente de presión y el rozamiento, el viento horizontal es de 3 m/s y el parámetro f de Coriolis es de 10-4 s-1. La trayectoria local de ese viento será:",circular ciclónica con radio 3 km,circular anticiclónica con radio 30 km,circular anticiclónica con radio 10 km,rectilínea con velocidad constante,B,official,https://www.aemet.es/documentos/es/empleo_y_becas/empleo_publico/oposiciones/grupo_a1/otras_convocatorias/ex_met_lib_2014.pdf,https://www.miteco.gob.es/content/dam/miteco/es/ministerio/servicios/empleo-publico/plantilla%20respuestas_tcm30-92321.pdf,text_extracted
2014,AEMET A1 Acceso Libre — Primer ejercicio,62,"Un lugar P en el hemisferio norte, donde el parámetro de Coriolis es f=10-4 s-1 y la densidad del aire es 1 kg/m3, se encuentra en un anticiclón circular sin rozamiento, a 1000 km de su centro. El gradiente máximo de presión posible en P es:",5 Pa/km,3.5 Pa/km,1 hPa/100 km,2.5 hPa/100 km,D,official,https://www.aemet.es/documentos/es/empleo_y_becas/empleo_publico/oposiciones/grupo_a1/otras_convocatorias/ex_met_lib_2014.pdf,https://www.miteco.gob.es/content/dam/miteco/es/ministerio/servicios/empleo-publico/plantilla%20respuestas_tcm30-92321.pdf,text_extracted
2014,AEMET A1 Acceso Libre — Primer ejercicio,63,"Dos capas atmosféricas, una limitada por las superficies isobáricas p1 y p2 (p1 > p2) y otra por p3 y p4 (p3 > p4), tienen el mismo espesor y la misma temperatura virtual media. Suponiendo g (aceleración de la gravedad) constante, se verifica necesariamente:",p1 − p 2 = p3 − p 4,p1 ⋅ p 2 = p3 ⋅ p 4 p1 p,= 3 p2 p4,p1 + p 2 = p 3 + p 4,C,official,https://www.aemet.es/documentos/es/empleo_y_becas/empleo_publico/oposiciones/grupo_a1/otras_convocatorias/ex_met_lib_2014.pdf,https://www.miteco.gob.es/content/dam/miteco/es/ministerio/servicios/empleo-publico/plantilla%20respuestas_tcm30-92321.pdf,text_extracted
2014,AEMET A1 Acceso Libre — Primer ejercicio,64,"Suponga que un circuito cerrado de área unidad a 30º de latitud norte duplica su superficie ¿Cuál es la variación, en valor absoluto, de la circulación del viento a lo largo del circuito si la atmósfera es barotrópica?",La mitad de la velocidad angular de rotación terrestre,"No cambia, pues se conserva",Igual a la velocidad angular de rotación terrestre,El doble de la velocidad angular de rotación terrestre Proceso selectivo para ingreso por el sistema general de acceso libre en el Cuerpo Superior de Meteorólogos del Estado Orden AAA/1183/2014 de 26 de junio (BOE nº 166 de 9 de julio de 2014) Primer ejercicio Página 14 de 19,C,official,https://www.aemet.es/documentos/es/empleo_y_becas/empleo_publico/oposiciones/grupo_a1/otras_convocatorias/ex_met_lib_2014.pdf,https://www.miteco.gob.es/content/dam/miteco/es/ministerio/servicios/empleo-publico/plantilla%20respuestas_tcm30-92321.pdf,text_extracted
2014,AEMET A1 Acceso Libre — Primer ejercicio,65,"Considerando la aproximación cuasigeostrófica, ¿cuál de los términos de la ecuación de la tendencia del geopotencial explica el mecanismo más importante en la amplificación y decaimiento de los sistemas sinópticos en latitudes medias?",La distribución de advección de vorticidad,La advección diferencial de espesores,El término solenoidal,El término de Bernoulli,B,official,https://www.aemet.es/documentos/es/empleo_y_becas/empleo_publico/oposiciones/grupo_a1/otras_convocatorias/ex_met_lib_2014.pdf,https://www.miteco.gob.es/content/dam/miteco/es/ministerio/servicios/empleo-publico/plantilla%20respuestas_tcm30-92321.pdf,text_extracted
2014,AEMET A1 Acceso Libre — Primer ejercicio,66,Las ondas de Rossby son ondas:,baroclinas,de escala planetaria,independientes del efecto de Coriolis,que se desplazan hacia el este con respecto al flujo zonal medio ∂u g,B,official,https://www.aemet.es/documentos/es/empleo_y_becas/empleo_publico/oposiciones/grupo_a1/otras_convocatorias/ex_met_lib_2014.pdf,https://www.miteco.gob.es/content/dam/miteco/es/ministerio/servicios/empleo-publico/plantilla%20respuestas_tcm30-92321.pdf,text_extracted
2014,AEMET A1 Acceso Libre — Primer ejercicio,67,"Un flujo zonal medio que satisface f − < 0 , donde f>0 es el parámetro de Coriolis y ∂y ug es la componente zonal del viento geostrófico, se puede afirmar que presenta una inestabilidad hidrodinámica:",anticiclónica,baroclina,inercial,barotrópica,C,official,https://www.aemet.es/documentos/es/empleo_y_becas/empleo_publico/oposiciones/grupo_a1/otras_convocatorias/ex_met_lib_2014.pdf,https://www.miteco.gob.es/content/dam/miteco/es/ministerio/servicios/empleo-publico/plantilla%20respuestas_tcm30-92321.pdf,text_extracted
2014,AEMET A1 Acceso Libre — Primer ejercicio,68,¿Cuál de las siguientes afirmaciones se da en un frente cálido?,Presenta una inversión térmica en altura,Cuando alcanza a un frente frío se produce un frente ocluído,Se caracteriza por la aparición de precipitación tras el paso del frente,Tanto la temperatura como su derivada en dirección perpendicular al frente se consideran funciones continuas,A,official,https://www.aemet.es/documentos/es/empleo_y_becas/empleo_publico/oposiciones/grupo_a1/otras_convocatorias/ex_met_lib_2014.pdf,https://www.miteco.gob.es/content/dam/miteco/es/ministerio/servicios/empleo-publico/plantilla%20respuestas_tcm30-92321.pdf,text_extracted
2014,AEMET A1 Acceso Libre — Primer ejercicio,69,"En general, la corriente en chorro polar del hemisferio norte:",Circula hacia el oeste,Se encuentra a mayor altitud que la corriente en chorro subtropical,Es más intensa que la corriente en chorro subtropical,Circula en sentido contrario que la del hemisferio sur,C,official,https://www.aemet.es/documentos/es/empleo_y_becas/empleo_publico/oposiciones/grupo_a1/otras_convocatorias/ex_met_lib_2014.pdf,https://www.miteco.gob.es/content/dam/miteco/es/ministerio/servicios/empleo-publico/plantilla%20respuestas_tcm30-92321.pdf,text_extracted
2014,AEMET A1 Acceso Libre — Primer ejercicio,70,"En la capa límite planetaria, la longitud de mezcla:",es constante con la altura,es independiente de la estabilidad de estratificación,disminuye con la altura,es dependiente de la estabilidad de estratificación Proceso selectivo para ingreso por el sistema general de acceso libre en el Cuerpo Superior de Meteorólogos del Estado Orden AAA/1183/2014 de 26 de junio (BOE nº 166 de 9 de julio de 2014) Primer ejercicio Página 15 de 19,D,official,https://www.aemet.es/documentos/es/empleo_y_becas/empleo_publico/oposiciones/grupo_a1/otras_convocatorias/ex_met_lib_2014.pdf,https://www.miteco.gob.es/content/dam/miteco/es/ministerio/servicios/empleo-publico/plantilla%20respuestas_tcm30-92321.pdf,text_extracted
2014,AEMET A1 Acceso Libre — Primer ejercicio,71,Los calentamientos súbitos estratosféricos observados en el hemisferio norte ocurren:,en latitudes tropicales asociados a la fase cálida del ENSO (El Niño-South Oscillation),en latitudes tropicales asociados a una máxima actividad solar,en latitudes altas y ocasionalmente en invierno,en latitudes altas y cada año en la transición del régimen de insolación invernal al estival,C,official,https://www.aemet.es/documentos/es/empleo_y_becas/empleo_publico/oposiciones/grupo_a1/otras_convocatorias/ex_met_lib_2014.pdf,https://www.miteco.gob.es/content/dam/miteco/es/ministerio/servicios/empleo-publico/plantilla%20respuestas_tcm30-92321.pdf,text_extracted
2014,AEMET A1 Acceso Libre — Primer ejercicio,72,Un sistema en el que se alcanzan velocidades de hasta 120km/h se modeliza mediante una ecuación en derivadas parciales. El método de resolución numérica empleado tiene un paso espacial de 5 km y el número de Courant-Friedrich-Levy (CFL) es igual a 1. Elija el paso de tiempo más adecuado:,24 minutos,5 minutos,120 segundos,10 segundos,C,official,https://www.aemet.es/documentos/es/empleo_y_becas/empleo_publico/oposiciones/grupo_a1/otras_convocatorias/ex_met_lib_2014.pdf,https://www.miteco.gob.es/content/dam/miteco/es/ministerio/servicios/empleo-publico/plantilla%20respuestas_tcm30-92321.pdf,text_extracted
2014,AEMET A1 Acceso Libre — Primer ejercicio,73,"Suponga que la concentración de CO2 atmosférico se duplica, incrementándose la temperatura en la superficie terrestre 2 K. En ausencia de retroalimentaciones, ¿cuánto valdría el parámetro de sensibilidad climática si el forzamiento radiativo es de 4W⋅m-2?",8 K⋅ W⋅m-2,0.5 K⋅ W-1⋅m2,2 K-1⋅ W⋅m-2,0.125 K⋅ W⋅m-2,B,official,https://www.aemet.es/documentos/es/empleo_y_becas/empleo_publico/oposiciones/grupo_a1/otras_convocatorias/ex_met_lib_2014.pdf,https://www.miteco.gob.es/content/dam/miteco/es/ministerio/servicios/empleo-publico/plantilla%20respuestas_tcm30-92321.pdf,text_extracted
2014,AEMET A1 Acceso Libre — Primer ejercicio,74,"En relación con la Teoría de Milankovitch, considere la siguiente notación para los periodos de los elementos orbitales de la Tierra: T1: oblicuidad de la órbita, T2: excentricidad y T3: precesión de los equinoccios. Seleccione la opción correcta:",T1> T2> T3,T2> T1> T3,T3> T1> T2,T3> T2> T1,B,official,https://www.aemet.es/documentos/es/empleo_y_becas/empleo_publico/oposiciones/grupo_a1/otras_convocatorias/ex_met_lib_2014.pdf,https://www.miteco.gob.es/content/dam/miteco/es/ministerio/servicios/empleo-publico/plantilla%20respuestas_tcm30-92321.pdf,text_extracted
2014,AEMET A1 Acceso Libre — Primer ejercicio,75,"Dentro de los procesos externos que afectan al sistema climático, la escala de tiempo de la deriva continental es de:",1011 años,entre 106 y 109 años,104 años,102 - 104 años,B,official,https://www.aemet.es/documentos/es/empleo_y_becas/empleo_publico/oposiciones/grupo_a1/otras_convocatorias/ex_met_lib_2014.pdf,https://www.miteco.gob.es/content/dam/miteco/es/ministerio/servicios/empleo-publico/plantilla%20respuestas_tcm30-92321.pdf,text_extracted
2014,AEMET A1 Acceso Libre — Primer ejercicio,76,¿Qué método isotópico es más apropiado para conocer el paleoclima de un sedimento marino?,C12/C14,K/Ar,O16/O18,Rb/Sr Proceso selectivo para ingreso por el sistema general de acceso libre en el Cuerpo Superior de Meteorólogos del Estado Orden AAA/1183/2014 de 26 de junio (BOE nº 166 de 9 de julio de 2014) Primer ejercicio Página 16 de 19,C,official,https://www.aemet.es/documentos/es/empleo_y_becas/empleo_publico/oposiciones/grupo_a1/otras_convocatorias/ex_met_lib_2014.pdf,https://www.miteco.gob.es/content/dam/miteco/es/ministerio/servicios/empleo-publico/plantilla%20respuestas_tcm30-92321.pdf,text_extracted
2014,AEMET A1 Acceso Libre — Primer ejercicio,77,Señale la opción verdadera:,El río Alberche pertenece a la cuenca hidrográfica del Duero,El río Miño forma parte de la cuenca hidrográfica del Cantábrico,El río Almanzora pertenece a la cuenca hidrográfica del Guadalquivir,El río Bullaque forma parte de la cuenca hidrográfica del Guadiana,D,official,https://www.aemet.es/documentos/es/empleo_y_becas/empleo_publico/oposiciones/grupo_a1/otras_convocatorias/ex_met_lib_2014.pdf,https://www.miteco.gob.es/content/dam/miteco/es/ministerio/servicios/empleo-publico/plantilla%20respuestas_tcm30-92321.pdf,text_extracted
2014,AEMET A1 Acceso Libre — Primer ejercicio,78,¿Cómo se indica el clima mediterráneo según la clasificación de Köppen?,Bw,Cw,Cs,Bs,C,official,https://www.aemet.es/documentos/es/empleo_y_becas/empleo_publico/oposiciones/grupo_a1/otras_convocatorias/ex_met_lib_2014.pdf,https://www.miteco.gob.es/content/dam/miteco/es/ministerio/servicios/empleo-publico/plantilla%20respuestas_tcm30-92321.pdf,text_extracted
2014,AEMET A1 Acceso Libre — Primer ejercicio,79,"Seleccione la secuencia correcta, ordenada atendiendo a la cantidad de energía absorbida por la atmósfera en el balance de energía global:",IRs < solar < SH+LH,SH+LH < IRs < solar,solar < SH+LH < IRs,SH+LH < solar < IRs siendo: IRs: radiación infrarroja emitida por la superficie terrestre; SH: flujo de calor sensible; LH: flujo de calor latente.,C,official,https://www.aemet.es/documentos/es/empleo_y_becas/empleo_publico/oposiciones/grupo_a1/otras_convocatorias/ex_met_lib_2014.pdf,https://www.miteco.gob.es/content/dam/miteco/es/ministerio/servicios/empleo-publico/plantilla%20respuestas_tcm30-92321.pdf,text_extracted
2014,AEMET A1 Acceso Libre — Primer ejercicio,80,La superficie terrestre absorbe:,casi el doble de radiación infrarroja que solar,casi el 50% más de radiación solar que infrarroja,casi el doble de radiación solar que infrarroja,casi el 50% más de radiación infrarroja que solar,A,official,https://www.aemet.es/documentos/es/empleo_y_becas/empleo_publico/oposiciones/grupo_a1/otras_convocatorias/ex_met_lib_2014.pdf,https://www.miteco.gob.es/content/dam/miteco/es/ministerio/servicios/empleo-publico/plantilla%20respuestas_tcm30-92321.pdf,text_extracted
2014,AEMET A1 Acceso Libre — Primer ejercicio,81,"Complete la siguiente frase con la opción correcta: “El efecto dominante de las erupciones volcánicas en la temperatura global del planeta en superficie es el debido a la emisión de …, lo que supone un efecto neto de … en dicha temperatura global”.","gases de efecto invernadero, disminución","gases de efecto invernadero, aumento","aerosoles, aumento","aerosoles, disminución",D,official,https://www.aemet.es/documentos/es/empleo_y_becas/empleo_publico/oposiciones/grupo_a1/otras_convocatorias/ex_met_lib_2014.pdf,https://www.miteco.gob.es/content/dam/miteco/es/ministerio/servicios/empleo-publico/plantilla%20respuestas_tcm30-92321.pdf,text_extracted
2014,AEMET A1 Acceso Libre — Primer ejercicio,82,"Considerando promedios latitudinales, la precipitación media anual es:","máxima en latitudes subpolares, asociada a los movimientos ascendentes en las células de Ferrel","máxima en regiones subtropicales, asociada a los movimientos ascendentes en las células de Ferrel","máxima en la región ecuatorial, asociada a los movimientos ascendentes en la Zona de Convergencia Intertropical","máxima en regiones subtropicales, asociada a los movimientos ascendentes en las células de Hadley Proceso selectivo para ingreso por el sistema general de acceso libre en el Cuerpo Superior de Meteorólogos del Estado Orden AAA/1183/2014 de 26 de junio (BOE nº 166 de 9 de julio de 2014) Primer ejercicio Página 17 de 19",C,official,https://www.aemet.es/documentos/es/empleo_y_becas/empleo_publico/oposiciones/grupo_a1/otras_convocatorias/ex_met_lib_2014.pdf,https://www.miteco.gob.es/content/dam/miteco/es/ministerio/servicios/empleo-publico/plantilla%20respuestas_tcm30-92321.pdf,text_extracted
2014,AEMET A1 Acceso Libre — Primer ejercicio,83,"Complete la siguiente frase con la opción correcta: “En promedio anual, la evaporación es muy superior a la precipitación en los océanos …”","Pacífico e Índico, siendo el Pacífico el océano más salino","Atlántico e Índico, siendo el Atlántico el océano más salino","Pacífico y Atlántico, siendo el Atlántico el océano más salino","Atlántico e Índico, siendo el Índico el océano más salino",B,official,https://www.aemet.es/documentos/es/empleo_y_becas/empleo_publico/oposiciones/grupo_a1/otras_convocatorias/ex_met_lib_2014.pdf,https://www.miteco.gob.es/content/dam/miteco/es/ministerio/servicios/empleo-publico/plantilla%20respuestas_tcm30-92321.pdf,text_extracted
2014,AEMET A1 Acceso Libre — Primer ejercicio,84,Complete la siguiente frase con la opción correcta: “Un acusado fortalecimiento de los alisios en la región del Pacífico ecuatorial está asociado a la ocurrencia de un episodio …”,El Niño y un valor positivo del índice de la Oscilación del Sur,El Niño y un valor negativo del índice de la Oscilación del Sur,La Niña y un valor positivo del índice de la Oscilación del Sur,La Niña y un valor negativo del índice de la Oscilación del Sur,C,official,https://www.aemet.es/documentos/es/empleo_y_becas/empleo_publico/oposiciones/grupo_a1/otras_convocatorias/ex_met_lib_2014.pdf,https://www.miteco.gob.es/content/dam/miteco/es/ministerio/servicios/empleo-publico/plantilla%20respuestas_tcm30-92321.pdf,text_extracted
2014,AEMET A1 Acceso Libre — Primer ejercicio,85,"Suponiendo que la excentricidad de la órbita terrestre variase, la diferencia de energía solar que incidiría en el tope de la atmósfera en el perihelio y en el afelio:",aumentaría cuando la excentricidad de la órbita fuese mayor,disminuiría cuando la excentricidad de la órbita fuese mayor,sería independiente de la excentricidad de la órbita,sería máxima si la excentricidad de la órbita fuese cero,A,official,https://www.aemet.es/documentos/es/empleo_y_becas/empleo_publico/oposiciones/grupo_a1/otras_convocatorias/ex_met_lib_2014.pdf,https://www.miteco.gob.es/content/dam/miteco/es/ministerio/servicios/empleo-publico/plantilla%20respuestas_tcm30-92321.pdf,text_extracted
2014,AEMET A1 Acceso Libre — Primer ejercicio,86,Señale la opción FALSA:,Una disminución de la criosfera reduce el valor del albedo planetario,El incremento de CO2 troposférico aumenta el efecto invernadero,No existe relación entre el número de manchas solares y la intensidad de flujo de radiación solar,La desertización y la deforestación pueden ser causas de cambios climáticos,C,official,https://www.aemet.es/documentos/es/empleo_y_becas/empleo_publico/oposiciones/grupo_a1/otras_convocatorias/ex_met_lib_2014.pdf,https://www.miteco.gob.es/content/dam/miteco/es/ministerio/servicios/empleo-publico/plantilla%20respuestas_tcm30-92321.pdf,text_extracted
2014,AEMET A1 Acceso Libre — Primer ejercicio,87,Los modelos climáticos bidimensionales representan:,las dos dimensiones horizontales o una dimensión horizontal más la vertical,únicamente las dos dimensiones horizontales,únicamente una dimensión horizontal y la vertical,una dimensión horizontal frente al tiempo,A,official,https://www.aemet.es/documentos/es/empleo_y_becas/empleo_publico/oposiciones/grupo_a1/otras_convocatorias/ex_met_lib_2014.pdf,https://www.miteco.gob.es/content/dam/miteco/es/ministerio/servicios/empleo-publico/plantilla%20respuestas_tcm30-92321.pdf,text_extracted
2014,AEMET A1 Acceso Libre — Primer ejercicio,88,"En programación, señale el tipo de paso de argumentos que se está utilizando cuando, en la llamada de una función con una variable, lo que recibe dicha función es la dirección de memoria de la variable:",Paso de argumentos por referencia,Paso de argumentos por memoria,Paso de argumentos implícito,Paso de argumentos por valor Proceso selectivo para ingreso por el sistema general de acceso libre en el Cuerpo Superior de Meteorólogos del Estado Orden AAA/1183/2014 de 26 de junio (BOE nº 166 de 9 de julio de 2014) Primer ejercicio Página 18 de 19,A,official,https://www.aemet.es/documentos/es/empleo_y_becas/empleo_publico/oposiciones/grupo_a1/otras_convocatorias/ex_met_lib_2014.pdf,https://www.miteco.gob.es/content/dam/miteco/es/ministerio/servicios/empleo-publico/plantilla%20respuestas_tcm30-92321.pdf,text_extracted
2014,AEMET A1 Acceso Libre — Primer ejercicio,89,¿Cuál de los siguientes algoritmos de ordenación tiene menor coste computacional?,Inserción,Selección,Método de la burbuja,Mergesort,D,official,https://www.aemet.es/documentos/es/empleo_y_becas/empleo_publico/oposiciones/grupo_a1/otras_convocatorias/ex_met_lib_2014.pdf,https://www.miteco.gob.es/content/dam/miteco/es/ministerio/servicios/empleo-publico/plantilla%20respuestas_tcm30-92321.pdf,text_extracted
2014,AEMET A1 Acceso Libre — Primer ejercicio,90,¿Cuál es el comando linux que permite generar las claves RSA pública y privada para un usuario de una máquina?,rsa-pp,ssh-generator,rsa-key,ssh-keygen,D,official,https://www.aemet.es/documentos/es/empleo_y_becas/empleo_publico/oposiciones/grupo_a1/otras_convocatorias/ex_met_lib_2014.pdf,https://www.miteco.gob.es/content/dam/miteco/es/ministerio/servicios/empleo-publico/plantilla%20respuestas_tcm30-92321.pdf,text_extracted
2014,AEMET A1 Acceso Libre — Primer ejercicio,91,"Según el modelo OSI de ISO, la tarea de asegurar que los datos lleguen correctamente de un sistema a otro sistema está asignado a la capa de:",sesión,transporte,red,enlace de datos,B,official,https://www.aemet.es/documentos/es/empleo_y_becas/empleo_publico/oposiciones/grupo_a1/otras_convocatorias/ex_met_lib_2014.pdf,https://www.miteco.gob.es/content/dam/miteco/es/ministerio/servicios/empleo-publico/plantilla%20respuestas_tcm30-92321.pdf,text_extracted
2014,AEMET A1 Acceso Libre — Primer ejercicio,92,¿Cuál de las siguientes afirmaciones es cierta en relación con la tecnología ATM (modo de transferencia asíncrono)?,Tiene velocidades de acceso menores que X.25,No permite la difusión de audio y video en tiempo real,Está basada en la conmutación de circuitos,Transmite la información en paquetes denominados celdas,D,official,https://www.aemet.es/documentos/es/empleo_y_becas/empleo_publico/oposiciones/grupo_a1/otras_convocatorias/ex_met_lib_2014.pdf,https://www.miteco.gob.es/content/dam/miteco/es/ministerio/servicios/empleo-publico/plantilla%20respuestas_tcm30-92321.pdf,text_extracted
2014,AEMET A1 Acceso Libre — Primer ejercicio,93,Señale quién nombra a los presidentes de las agencias estatales:,El órgano que así lo establezca el estatuto de la Agencia,El ministro del cual dependa la Agencia,El Consejo de Ministros,El Consejo Rector de la Agencia,C,official,https://www.aemet.es/documentos/es/empleo_y_becas/empleo_publico/oposiciones/grupo_a1/otras_convocatorias/ex_met_lib_2014.pdf,https://www.miteco.gob.es/content/dam/miteco/es/ministerio/servicios/empleo-publico/plantilla%20respuestas_tcm30-92321.pdf,text_extracted
2014,AEMET A1 Acceso Libre — Primer ejercicio,94,¿Qué órgano realiza el control interno de la gestión económico-financiera de las Agencias Estatales?,El Consejo Rector,La Comisión de Control,La Intervención Delegada,El Tribunal de Cuentas Proceso selectivo para ingreso por el sistema general de acceso libre en el Cuerpo Superior de Meteorólogos del Estado Orden AAA/1183/2014 de 26 de junio (BOE nº 166 de 9 de julio de 2014) Primer ejercicio Página 19 de 19,C,official,https://www.aemet.es/documentos/es/empleo_y_becas/empleo_publico/oposiciones/grupo_a1/otras_convocatorias/ex_met_lib_2014.pdf,https://www.miteco.gob.es/content/dam/miteco/es/ministerio/servicios/empleo-publico/plantilla%20respuestas_tcm30-92321.pdf,text_extracted
2014,AEMET A1 Acceso Libre — Primer ejercicio,96,"Según la Ley 3/2007, de 22 de marzo, para la igualdad efectiva entre mujeres y hombres, el trato desfavorable a las mujeres relacionado con la maternidad constituye:",acoso sexual,acoso por razón de sexo,discriminación directa por razón de sexo,discriminación indirecta por razón de sexo,C,official,https://www.aemet.es/documentos/es/empleo_y_becas/empleo_publico/oposiciones/grupo_a1/otras_convocatorias/ex_met_lib_2014.pdf,https://www.miteco.gob.es/content/dam/miteco/es/ministerio/servicios/empleo-publico/plantilla%20respuestas_tcm30-92321.pdf,text_extracted
2014,AEMET A1 Acceso Libre — Primer ejercicio,97,"En relación con el derecho a sindicarse libremente, recogido en el art. 28 de la Constitución Española de 1978:",Es un derecho de todos los trabajadores,El ejercicio de tal derecho por parte de los funcionarios no presenta peculiaridad alguna,"Podrá ser limitado, o exceptuado, a las Fuerzas Armadas","Su ejercicio no podrá ser restringido a ningún cuerpo, aunque esté sometido a la disciplina militar",C,official,https://www.aemet.es/documentos/es/empleo_y_becas/empleo_publico/oposiciones/grupo_a1/otras_convocatorias/ex_met_lib_2014.pdf,https://www.miteco.gob.es/content/dam/miteco/es/ministerio/servicios/empleo-publico/plantilla%20respuestas_tcm30-92321.pdf,text_extracted
2014,AEMET A1 Acceso Libre — Primer ejercicio,98,"Dentro de la estructura de un Ministerio, ¿qué Órgano es responsable de la dirección de los servicios comunes y del ejercicio de las competencias correspondientes a dichos servicios?","El Ministro, como titular del Departamento Ministerial","El Secretario de Estado, en aquellos Departamentos en que exista esta figura",El Subsecretario,Estas competencias están dispersas entre todos los Órganos del Ministerio,C,official,https://www.aemet.es/documentos/es/empleo_y_becas/empleo_publico/oposiciones/grupo_a1/otras_convocatorias/ex_met_lib_2014.pdf,https://www.miteco.gob.es/content/dam/miteco/es/ministerio/servicios/empleo-publico/plantilla%20respuestas_tcm30-92321.pdf,text_extracted
2014,AEMET A1 Acceso Libre — Primer ejercicio,99,"Según lo establecido en el Estatuto Básico del Empleado Público, los Órganos específicos de representación de los funcionarios son:",Juntas de Personal y Delegados de Personal,Delegados de Personal y Comités de Empresa,"Delegados de Personal, Juntas de Personal y Comités de Empresa",Comités de Empresa y Juntas de Personal,A,official,https://www.aemet.es/documentos/es/empleo_y_becas/empleo_publico/oposiciones/grupo_a1/otras_convocatorias/ex_met_lib_2014.pdf,https://www.miteco.gob.es/content/dam/miteco/es/ministerio/servicios/empleo-publico/plantilla%20respuestas_tcm30-92321.pdf,text_extracted
2014,AEMET A1 Acceso Libre — Primer ejercicio,100,"En el marco de la Unión Europea, el instrumento normativo que se dirige exclusivamente a los Estados miembros y obliga a estos a llevar a cabo una actuación positiva denominada trasposición se denomina:",Directiva,Reglamento,Decisión,Recomendación Proceso selectivo para ingreso por el sistema general de acceso libre en el Cuerpo Superior de Meteorólogos del Estado Orden AAA/1183/2014 de 26 de junio (BOE nº 166 de 9 de julio de 2014),A,official,https://www.aemet.es/documentos/es/empleo_y_becas/empleo_publico/oposiciones/grupo_a1/otras_convocatorias/ex_met_lib_2014.pdf,https://www.miteco.gob.es/content/dam/miteco/es/ministerio/servicios/empleo-publico/plantilla%20respuestas_tcm30-92321.pdf,text_extracted
2015,AEMET A1 Acceso Libre — Primer ejercicio,1,"En el mundo de la orientación a objetos, el fenómeno que permite que el mismo mensaje pueda originar conductas completamente diferentes al ser recibido por diferentes objetos se denomina:",abstracción.,encapsulación.,polimorfismo.,extensibilidad.,C,official,https://www.aemet.es/documentos/es/empleo_y_becas/empleo_publico/oposiciones/grupo_a1/otras_convocatorias/ex_met_lib_2015.pdf,https://www.miteco.gob.es/content/dam/miteco/es/ministerio/empleo-publico/personal-funcionario/plantilla_ejercicio1_meteorologos_libre_tcm30-94710.pdf,text_extracted
2015,AEMET A1 Acceso Libre — Primer ejercicio,3,"Conforme a lo establecido en su Estatuto, la Agencia tiene encomendada la representación del Estado, sin perjuicio de las competencias del Ministerio de Asuntos Exteriores y Cooperación, en los siguientes organismos:","Organización Meteorológica Mundial (OMM), Grupo para la Observación de la Tierra (GEO) y Centro Europeo de Predicciones Meteorológicas a Plazo Medio (CEPPM).","Organización Europea para la Explotación de Satélites Meteorológicos (EUMETSAT), Cumbre de las Naciones Unidas sobre Cambio Climático y Centro Europeo de Predicciones Meteorológicas a Plazo Medio (CEPPM).","Organización Meteorológica Mundial (OMM), Cumbre de las Naciones Unidas sobre Cambio Climático y Centro Europeo de Predicciones Meteorológicas a Plazo Medio (CEPPM).","Grupo para la Observación de la Tierra (GEO), Red Iberoamericana de Oficinas de Cambio Climático (RIOCC) y Organización Meteorológica Mundial (OMM). __________________________________________________________________________________________ 1 Tribunal Calificador de las Pruebas Selectivas para el acceso al Cuerpo Superior de Meteorólogos del Estado, por el sistema general de acceso libre (Orden AAA/1378/2015 de 26 de junio; BOE 164, de 10 de julio de 2015) ______________________________________________________________________ PRIMER EJERCICIO (las respuestas ha de marcarlas en la Hoja de Examen) ___________________________________________________________________________________________",A,official,https://www.aemet.es/documentos/es/empleo_y_becas/empleo_publico/oposiciones/grupo_a1/otras_convocatorias/ex_met_lib_2015.pdf,https://www.miteco.gob.es/content/dam/miteco/es/ministerio/empleo-publico/personal-funcionario/plantilla_ejercicio1_meteorologos_libre_tcm30-94710.pdf,text_extracted
2015,AEMET A1 Acceso Libre — Primer ejercicio,4,Las ondas acústicas se caracterizan por:,Sólo pueden existir en un fluido con estratificación estable.,Son ondas longitudinales que consisten en compresiones y expansiones adiabáticas del medio.,Son ondas transversales que consisten en compresiones y expansiones adiabáticas del medio.,Son ondas estacionarias que conservan la vorticidad absoluta.,B,official,https://www.aemet.es/documentos/es/empleo_y_becas/empleo_publico/oposiciones/grupo_a1/otras_convocatorias/ex_met_lib_2015.pdf,https://www.miteco.gob.es/content/dam/miteco/es/ministerio/empleo-publico/personal-funcionario/plantilla_ejercicio1_meteorologos_libre_tcm30-94710.pdf,text_extracted
2015,AEMET A1 Acceso Libre — Primer ejercicio,5,"El ozono en la atmósfera se mide en Unidades Dobson (UD). Una medida de 1UD en un lugar que se encuentra a 1 atm de presión y 273K de temperatura, equivale a un espesor de ozono de:",1mm,10 mm,"0,1 mm","0,01 mm",D,official,https://www.aemet.es/documentos/es/empleo_y_becas/empleo_publico/oposiciones/grupo_a1/otras_convocatorias/ex_met_lib_2015.pdf,https://www.miteco.gob.es/content/dam/miteco/es/ministerio/empleo-publico/personal-funcionario/plantilla_ejercicio1_meteorologos_libre_tcm30-94710.pdf,text_extracted
2015,AEMET A1 Acceso Libre — Primer ejercicio,6,"La potencia recibida por la antena de un radar meteorológico debida a la atenuación del haz causada por la absorción y la dispersión del medio que se encuentra entre el radar y el blanco, que se encuentra a una distancia r, viene dada por: r ò",P0 - 2k L dr 0 ær ö,P0 logç ò - 2k L dr ÷ ç ÷ è0 ø r ò - 2 k L dr,P0 e 0 r ò,"P0 k L dr 0 Siendo P0 la potencia que hubiera sido recibida sin atenuación y kL el coeficiente de atenuación. __________________________________________________________________________________________ 2 Tribunal Calificador de las Pruebas Selectivas para el acceso al Cuerpo Superior de Meteorólogos del Estado, por el sistema general de acceso libre (Orden AAA/1378/2015 de 26 de junio; BOE 164, de 10 de julio de 2015) ______________________________________________________________________ PRIMER EJERCICIO (las respuestas ha de marcarlas en la Hoja de Examen) ___________________________________________________________________________________________",C,official,https://www.aemet.es/documentos/es/empleo_y_becas/empleo_publico/oposiciones/grupo_a1/otras_convocatorias/ex_met_lib_2015.pdf,https://www.miteco.gob.es/content/dam/miteco/es/ministerio/empleo-publico/personal-funcionario/plantilla_ejercicio1_meteorologos_libre_tcm30-94710.pdf,text_extracted
2015,AEMET A1 Acceso Libre — Primer ejercicio,7,"Se dispone de un ordenador monoprocesador que permite multiprogramación, para lo cual es preciso:",utilizar técnicas de multiplexación en el tiempo.,utilizar técnicas de ejecución de programas en tiempo real.,utilizar técnicas de ejecución en tiempo compartido.,fragmentar de forma lógica la memoria caché en tantas partes como programas en ejecución tengamos.,C,official,https://www.aemet.es/documentos/es/empleo_y_becas/empleo_publico/oposiciones/grupo_a1/otras_convocatorias/ex_met_lib_2015.pdf,https://www.miteco.gob.es/content/dam/miteco/es/ministerio/empleo-publico/personal-funcionario/plantilla_ejercicio1_meteorologos_libre_tcm30-94710.pdf,text_extracted
2015,AEMET A1 Acceso Libre — Primer ejercicio,8,"Respecto al episodio NAO, se puede decir que:",La fase NAO positiva conlleva inviernos secos en el sur de Europa.,La fase NAO positiva conlleva inviernos húmedos en el sur de Europa.,La fase NAO positiva disminuye la intensidad de los vientos del oeste a través del Atlántico.,La fase NAO negativa se caracteriza por una diferencia de presiones mayor de lo habitual entre la baja de Islandia y la alta de las Azores.,A,official,https://www.aemet.es/documentos/es/empleo_y_becas/empleo_publico/oposiciones/grupo_a1/otras_convocatorias/ex_met_lib_2015.pdf,https://www.miteco.gob.es/content/dam/miteco/es/ministerio/empleo-publico/personal-funcionario/plantilla_ejercicio1_meteorologos_libre_tcm30-94710.pdf,text_extracted
2015,AEMET A1 Acceso Libre — Primer ejercicio,9,"¿En qué unidad deberían expresarse, en el Sistema Internacional, los diversos módulos de elasticidad?",N/m,N m-2,N m2,N m,B,official,https://www.aemet.es/documentos/es/empleo_y_becas/empleo_publico/oposiciones/grupo_a1/otras_convocatorias/ex_met_lib_2015.pdf,https://www.miteco.gob.es/content/dam/miteco/es/ministerio/empleo-publico/personal-funcionario/plantilla_ejercicio1_meteorologos_libre_tcm30-94710.pdf,text_extracted
2015,AEMET A1 Acceso Libre — Primer ejercicio,10,"Según el artículo 161 de la Constitución, el Tribunal Constitucional es competente para conocer de:",la cuestión de ilegalidad.,el recurso de alzada frente a las resoluciones recaídas en todo tipo de procesos por el Tribunal Supremo.,el recurso constitucional de casación.,"los conflictos de competencias entre el Estado y las Comunidades Autónomas. __________________________________________________________________________________________ 3 Tribunal Calificador de las Pruebas Selectivas para el acceso al Cuerpo Superior de Meteorólogos del Estado, por el sistema general de acceso libre (Orden AAA/1378/2015 de 26 de junio; BOE 164, de 10 de julio de 2015) ______________________________________________________________________ PRIMER EJERCICIO (las respuestas ha de marcarlas en la Hoja de Examen) ___________________________________________________________________________________________",D,official,https://www.aemet.es/documentos/es/empleo_y_becas/empleo_publico/oposiciones/grupo_a1/otras_convocatorias/ex_met_lib_2015.pdf,https://www.miteco.gob.es/content/dam/miteco/es/ministerio/empleo-publico/personal-funcionario/plantilla_ejercicio1_meteorologos_libre_tcm30-94710.pdf,text_extracted
2015,AEMET A1 Acceso Libre — Primer ejercicio,11,¿Cuál de las siguientes no es una herramienta de copia remota de ficheros?,rcp,rsync,ftp,vtam,D,official,https://www.aemet.es/documentos/es/empleo_y_becas/empleo_publico/oposiciones/grupo_a1/otras_convocatorias/ex_met_lib_2015.pdf,https://www.miteco.gob.es/content/dam/miteco/es/ministerio/empleo-publico/personal-funcionario/plantilla_ejercicio1_meteorologos_libre_tcm30-94710.pdf,text_extracted
2015,AEMET A1 Acceso Libre — Primer ejercicio,12,Señale el tipo de engelamiento menos peligroso para el vuelo:,Hielo debido a precipitación helada.,Cencellada blanca.,Hielo mixto.,Hielo transparente.,B,official,https://www.aemet.es/documentos/es/empleo_y_becas/empleo_publico/oposiciones/grupo_a1/otras_convocatorias/ex_met_lib_2015.pdf,https://www.miteco.gob.es/content/dam/miteco/es/ministerio/empleo-publico/personal-funcionario/plantilla_ejercicio1_meteorologos_libre_tcm30-94710.pdf,text_extracted
2015,AEMET A1 Acceso Libre — Primer ejercicio,13,"En relación con el derecho a acceder a la información pública, en los términos previstos en el artículo 105.b) de la Constitución Española y desarrollados por la Ley 19/2013, de 9 de diciembre, de Transparencia, Acceso a la Información Pública y Buen Gobierno, marque aquella información en la que podrá limitarse el derecho de acceso:",El organigrama actualizado que identifique a los responsables de los diferentes órganos y su perfil y trayectoria profesional.,"Las memorias e informes que conformen los expedientes de elaboración de los textos normativos, en particular, la memoria del análisis de impacto normativo regulada por el Real Decreto 1083/2009, de 3 de julio.","La relación de los convenios suscritos por AEMET, con mención de las otras partes firmantes, su objeto, plazo de duración, modificaciones realizadas, obligados a la realización de las prestaciones y, en su caso, las obligaciones económicas convenidas.","La información meteorológica necesaria para las Fuerzas Armadas, la defensa nacional y para las Fuerzas y Cuerpos de Seguridad del Estado, así como la prestación del apoyo meteorológico adecuado para el cumplimiento de sus misiones. __________________________________________________________________________________________ 4 Tribunal Calificador de las Pruebas Selectivas para el acceso al Cuerpo Superior de Meteorólogos del Estado, por el sistema general de acceso libre (Orden AAA/1378/2015 de 26 de junio; BOE 164, de 10 de julio de 2015) ______________________________________________________________________ PRIMER EJERCICIO (las respuestas ha de marcarlas en la Hoja de Examen) ___________________________________________________________________________________________",D,official,https://www.aemet.es/documentos/es/empleo_y_becas/empleo_publico/oposiciones/grupo_a1/otras_convocatorias/ex_met_lib_2015.pdf,https://www.miteco.gob.es/content/dam/miteco/es/ministerio/empleo-publico/personal-funcionario/plantilla_ejercicio1_meteorologos_libre_tcm30-94710.pdf,text_extracted
2015,AEMET A1 Acceso Libre — Primer ejercicio,14,El gradiente térmico establecido para una atmósfera estándar en una capa que va desde la superficie a la tropopausa es:,"– 0,65 K/km",-10 K/km,"-6,5 K/km",-1 K/km,C,official,https://www.aemet.es/documentos/es/empleo_y_becas/empleo_publico/oposiciones/grupo_a1/otras_convocatorias/ex_met_lib_2015.pdf,https://www.miteco.gob.es/content/dam/miteco/es/ministerio/empleo-publico/personal-funcionario/plantilla_ejercicio1_meteorologos_libre_tcm30-94710.pdf,text_extracted
2015,AEMET A1 Acceso Libre — Primer ejercicio,15,Las corrientes en chorro polar y subtropical en el hemisferio norte se caracterizan por:,Las dos corrientes se localizan muy próximas a la tropopausa.,Son perfectamente distinguibles durante todo el año.,El chorro polar se intensifica en invierno y el subtropical se intensifica en verano.,El número de Rossby es muy grande y no se mantiene el equilibrio geostrófico a lo largo de la corriente.,A,official,https://www.aemet.es/documentos/es/empleo_y_becas/empleo_publico/oposiciones/grupo_a1/otras_convocatorias/ex_met_lib_2015.pdf,https://www.miteco.gob.es/content/dam/miteco/es/ministerio/empleo-publico/personal-funcionario/plantilla_ejercicio1_meteorologos_libre_tcm30-94710.pdf,text_extracted
2015,AEMET A1 Acceso Libre — Primer ejercicio,16,De los teoremas de circulación podemos concluir que:,"Para un fluido barotrópico en movimiento, se mantiene constante la circulación absoluta.","Para un fluido barotrópico en movimiento, se mantiene constante la circulación relativa.",La circulación relativa permanecerá constante si el término solenoidal es nulo.,La circulación relativa no depende del término solenoidal.,A,official,https://www.aemet.es/documentos/es/empleo_y_becas/empleo_publico/oposiciones/grupo_a1/otras_convocatorias/ex_met_lib_2015.pdf,https://www.miteco.gob.es/content/dam/miteco/es/ministerio/empleo-publico/personal-funcionario/plantilla_ejercicio1_meteorologos_libre_tcm30-94710.pdf,text_extracted
2015,AEMET A1 Acceso Libre — Primer ejercicio,17,"Siendo εr y μr la permitividad y la permeabilidad relativas del medio respectivamente, el índice de refracción absoluto del medio se puede expresar como:",( εr μr )1/2,( εr μr )-1/2,( εr / μr )1/2,"( εr / μr )-1/2 __________________________________________________________________________________________ 5 Tribunal Calificador de las Pruebas Selectivas para el acceso al Cuerpo Superior de Meteorólogos del Estado, por el sistema general de acceso libre (Orden AAA/1378/2015 de 26 de junio; BOE 164, de 10 de julio de 2015) ______________________________________________________________________ PRIMER EJERCICIO (las respuestas ha de marcarlas en la Hoja de Examen) ___________________________________________________________________________________________",A,official,https://www.aemet.es/documentos/es/empleo_y_becas/empleo_publico/oposiciones/grupo_a1/otras_convocatorias/ex_met_lib_2015.pdf,https://www.miteco.gob.es/content/dam/miteco/es/ministerio/empleo-publico/personal-funcionario/plantilla_ejercicio1_meteorologos_libre_tcm30-94710.pdf,text_extracted
2015,AEMET A1 Acceso Libre — Primer ejercicio,18,"¿Qué consecuencias tiene en el valor de la media aritmética, la desviación típica y el coeficiente de variación de Pearson, el que a todos los elementos de la muestra se les reste una constante?",Ninguno de los tres estadísticos varía.,Sólo varía la media.,Los tres estadísticos varían.,"La media y el coeficiente de variación varían, la desviación típica no.",D,official,https://www.aemet.es/documentos/es/empleo_y_becas/empleo_publico/oposiciones/grupo_a1/otras_convocatorias/ex_met_lib_2015.pdf,https://www.miteco.gob.es/content/dam/miteco/es/ministerio/empleo-publico/personal-funcionario/plantilla_ejercicio1_meteorologos_libre_tcm30-94710.pdf,text_extracted
2015,AEMET A1 Acceso Libre — Primer ejercicio,19,"En un proceso de nucleación heterogénea la curva de Köhler, que proporciona la razón de saturación de equilibrio en función del tamaño de las gotitas de disolución, indica que:","para radios muy pequeños de gotitas de disolución, prevalece el efecto de curvatura al de disolución, por lo que, para humedades inferiores al 100%, estas gotitas tienden a evaporarse.","para gotitas con radios mayores que r*, para que la gotita crezca, es necesario un aumento de la razón de saturación ambiental.",las gotitas con radios ligeramente inferiores a r* crecen a causa de un aumento de la humedad relativa.,la razón de saturación crítica es inferior a 1 Siendo r* el radio de equilibrio que se alcanza para la razón de saturación crítica.,C,official,https://www.aemet.es/documentos/es/empleo_y_becas/empleo_publico/oposiciones/grupo_a1/otras_convocatorias/ex_met_lib_2015.pdf,https://www.miteco.gob.es/content/dam/miteco/es/ministerio/empleo-publico/personal-funcionario/plantilla_ejercicio1_meteorologos_libre_tcm30-94710.pdf,text_extracted
2015,AEMET A1 Acceso Libre — Primer ejercicio,20,¿En qué condiciones se localiza a mayor profundidad la termoclina en el Pacífico tropical oriental durante los meses de enero a febrero?:,Cuando la circulación de Walker es más intensa.,Durante un episodio La Niña.,Durante un episodio El Niño.,"En condiciones normales, sin situación Niño ni Niña.",C,official,https://www.aemet.es/documentos/es/empleo_y_becas/empleo_publico/oposiciones/grupo_a1/otras_convocatorias/ex_met_lib_2015.pdf,https://www.miteco.gob.es/content/dam/miteco/es/ministerio/empleo-publico/personal-funcionario/plantilla_ejercicio1_meteorologos_libre_tcm30-94710.pdf,text_extracted
2015,AEMET A1 Acceso Libre — Primer ejercicio,21,"Considerando una onda electromagnética que se propaga en un medio dispersivo y homogéneo, indique cuál de las siguientes afirmaciones es correcta:",La velocidad de fase de la onda electromagnética en dicho medio es independiente de su frecuencia.,Cuando la velocidad de grupo es menor que la velocidad de fase se produce la dispersión anómala.,Cuando la velocidad de grupo es mayor que la velocidad de fase se produce la dispersión normal.,"La ecuación de onda de Maxwell se reemplaza por la ecuación de onda con un término disipativo. __________________________________________________________________________________________ 6 Tribunal Calificador de las Pruebas Selectivas para el acceso al Cuerpo Superior de Meteorólogos del Estado, por el sistema general de acceso libre (Orden AAA/1378/2015 de 26 de junio; BOE 164, de 10 de julio de 2015) ______________________________________________________________________ PRIMER EJERCICIO (las respuestas ha de marcarlas en la Hoja de Examen) ___________________________________________________________________________________________",D,official,https://www.aemet.es/documentos/es/empleo_y_becas/empleo_publico/oposiciones/grupo_a1/otras_convocatorias/ex_met_lib_2015.pdf,https://www.miteco.gob.es/content/dam/miteco/es/ministerio/empleo-publico/personal-funcionario/plantilla_ejercicio1_meteorologos_libre_tcm30-94710.pdf,text_extracted
2015,AEMET A1 Acceso Libre — Primer ejercicio,22,Un piloto vuela en el hemisferio norte con viento de cola dentro de una corriente en chorro del frente polar. En un determinado momento la temperatura exterior empieza a disminuir rápidamente al tiempo que la turbulencia aumenta significativamente. ¿Con qué maniobra logrará el piloto salir de la zona de turbulencia lo más rápidamente posible?,Corrigiendo el rumbo hacia el norte.,Corrigiendo el rumbo hacia el sur.,Perdiendo altura.,Ganando altura.,B,official,https://www.aemet.es/documentos/es/empleo_y_becas/empleo_publico/oposiciones/grupo_a1/otras_convocatorias/ex_met_lib_2015.pdf,https://www.miteco.gob.es/content/dam/miteco/es/ministerio/empleo-publico/personal-funcionario/plantilla_ejercicio1_meteorologos_libre_tcm30-94710.pdf,text_extracted
2015,AEMET A1 Acceso Libre — Primer ejercicio,24,Imagine una isla en el Índico Sur cuya costa oriental se extiende durante unos cientos de kilómetros en la dirección norte-sur de manera aproximadamente rectilínea. Diga de qué rumbo proceden los vientos habituales en la zona si sabemos que las corrientes marinas que generan dan lugar a un afloramiento en esas costas.,Del sur.,Del sudeste.,Del este.,Del norte.,D,official,https://www.aemet.es/documentos/es/empleo_y_becas/empleo_publico/oposiciones/grupo_a1/otras_convocatorias/ex_met_lib_2015.pdf,https://www.miteco.gob.es/content/dam/miteco/es/ministerio/empleo-publico/personal-funcionario/plantilla_ejercicio1_meteorologos_libre_tcm30-94710.pdf,text_extracted
2015,AEMET A1 Acceso Libre — Primer ejercicio,25,Si en un test de hipótesis disminuimos la probabilidad de error tipo I entonces:,disminuye la probabilidad de error tipo II.,aumenta la potencia del test.,disminuye la potencia del test.,"la potencia del test permanece constante. __________________________________________________________________________________________ 7 Tribunal Calificador de las Pruebas Selectivas para el acceso al Cuerpo Superior de Meteorólogos del Estado, por el sistema general de acceso libre (Orden AAA/1378/2015 de 26 de junio; BOE 164, de 10 de julio de 2015) ______________________________________________________________________ PRIMER EJERCICIO (las respuestas ha de marcarlas en la Hoja de Examen) ___________________________________________________________________________________________",C,official,https://www.aemet.es/documentos/es/empleo_y_becas/empleo_publico/oposiciones/grupo_a1/otras_convocatorias/ex_met_lib_2015.pdf,https://www.miteco.gob.es/content/dam/miteco/es/ministerio/empleo-publico/personal-funcionario/plantilla_ejercicio1_meteorologos_libre_tcm30-94710.pdf,text_extracted
2015,AEMET A1 Acceso Libre — Primer ejercicio,26,"Supongamos que la órbita solar variase produciendo un aumento de la distancia media entre la Tierra y el Sol. Admitiendo que la constante solar se mantuviese constante, la fracción entre el flujo solar total en la cima de la atmósfera terrestre y el interceptado por la Tierra:",se mantendría constante.,dependería del albedo terrestre.,aumentaría.,disminuiría.,A,official,https://www.aemet.es/documentos/es/empleo_y_becas/empleo_publico/oposiciones/grupo_a1/otras_convocatorias/ex_met_lib_2015.pdf,https://www.miteco.gob.es/content/dam/miteco/es/ministerio/empleo-publico/personal-funcionario/plantilla_ejercicio1_meteorologos_libre_tcm30-94710.pdf,text_extracted
2015,AEMET A1 Acceso Libre — Primer ejercicio,27,Los frentes se caracterizan por poseer:,"intensos gradientes verticales de temperatura, alta inestabilidad estática y fuerte cizalladura horizontal y vertical del viento.","intensos gradientes horizontales de temperatura, alta estabilidad estática y fuerte cizalladura horizontal y vertical del viento.","suaves gradientes horizontales de temperatura, alta inestabilidad estática y fuerte cizalladura horizontal y vertical del viento.","intensos gradientes horizontales de temperatura, alta inestabilidad estática y fuerte cizalladura horizontal y vertical del viento.",B,official,https://www.aemet.es/documentos/es/empleo_y_becas/empleo_publico/oposiciones/grupo_a1/otras_convocatorias/ex_met_lib_2015.pdf,https://www.miteco.gob.es/content/dam/miteco/es/ministerio/empleo-publico/personal-funcionario/plantilla_ejercicio1_meteorologos_libre_tcm30-94710.pdf,text_extracted
2015,AEMET A1 Acceso Libre — Primer ejercicio,28,"Según la teoría cinética de los gases, la temperatura absoluta de un cuerpo es una medida de:",la energía cinética total de las partículas del gas.,la energía cinética media de las partículas del gas.,la energía potencial media de las partículas del gas,la energía potencial de las partículas del gas.,B,official,https://www.aemet.es/documentos/es/empleo_y_becas/empleo_publico/oposiciones/grupo_a1/otras_convocatorias/ex_met_lib_2015.pdf,https://www.miteco.gob.es/content/dam/miteco/es/ministerio/empleo-publico/personal-funcionario/plantilla_ejercicio1_meteorologos_libre_tcm30-94710.pdf,text_extracted
2015,AEMET A1 Acceso Libre — Primer ejercicio,29,"Si f es un campo de fuerzas en R3 tal que su circulación entre dos puntos cualesquiera del espacio no depende de la trayectoria, se cumple necesariamente que:",Ñ ´ f = Ñ·(Ñ·f),Ñ ´ f = -f·(Ñ·f),Ñ ´ f = 0,"Ñ ´ f = Ñ2·f __________________________________________________________________________________________ 8 Tribunal Calificador de las Pruebas Selectivas para el acceso al Cuerpo Superior de Meteorólogos del Estado, por el sistema general de acceso libre (Orden AAA/1378/2015 de 26 de junio; BOE 164, de 10 de julio de 2015) ______________________________________________________________________ PRIMER EJERCICIO (las respuestas ha de marcarlas en la Hoja de Examen) ___________________________________________________________________________________________",C,official,https://www.aemet.es/documentos/es/empleo_y_becas/empleo_publico/oposiciones/grupo_a1/otras_convocatorias/ex_met_lib_2015.pdf,https://www.miteco.gob.es/content/dam/miteco/es/ministerio/empleo-publico/personal-funcionario/plantilla_ejercicio1_meteorologos_libre_tcm30-94710.pdf,text_extracted
2015,AEMET A1 Acceso Libre — Primer ejercicio,30,Respecto al viento geostrófico se puede decir que:,"para movimientos a escala sinóptica en latitudes medias, el viento geostrófico es una estimación por exceso del viento equilibrado en una región de curvatura ciclónico.","para movimientos a escala sinóptica en latitudes medias, el viento geostrófico es una estimación por exceso del viento equilibrado en una región de curvatura anticiclónica.",se obtiene de suponer equilibrio entre la fuerza del gradiente de presión y la fuerza centrífuga.,se obtiene de considerar un campo de presión uniforme.,A,official,https://www.aemet.es/documentos/es/empleo_y_becas/empleo_publico/oposiciones/grupo_a1/otras_convocatorias/ex_met_lib_2015.pdf,https://www.miteco.gob.es/content/dam/miteco/es/ministerio/empleo-publico/personal-funcionario/plantilla_ejercicio1_meteorologos_libre_tcm30-94710.pdf,text_extracted
2015,AEMET A1 Acceso Libre — Primer ejercicio,31,Indica cuál de las siguientes afirmaciones es correcta:,La resistencia al movimiento en un fluido con movimiento laminar es directamente proporcional a la velocidad y al coeficiente de viscosidad del medio.,La resistencia al movimiento en un fluido con movimiento turbulento es directamente proporcional al cuadrado de la velocidad y al coeficiente de viscosidad del medio.,La resistencia al movimiento en un fluido con movimiento laminar es directamente proporcional a la velocidad e independiente de la viscosidad del medio.,La resistencia al movimiento en un fluido con movimiento laminar es inversamente proporcional a la velocidad y al coeficiente de viscosidad del medio.,A,official,https://www.aemet.es/documentos/es/empleo_y_becas/empleo_publico/oposiciones/grupo_a1/otras_convocatorias/ex_met_lib_2015.pdf,https://www.miteco.gob.es/content/dam/miteco/es/ministerio/empleo-publico/personal-funcionario/plantilla_ejercicio1_meteorologos_libre_tcm30-94710.pdf,text_extracted
2015,AEMET A1 Acceso Libre — Primer ejercicio,32,"Para calcular la velocidad terminal de caída de una gotita de agua de radio r hay que igualar la fuerza de arrastre ejercida sobre una esfera de radio r por un fluido viscoso con la fuerza de la gravedad sobre dicha esfera. En el caso de gotitas con radios menores de 40 micras, la Ley de Stokes considera que dicha velocidad terminal de caída es proporcional a: -1",r,r,r2,"r1/2 __________________________________________________________________________________________ 9 Tribunal Calificador de las Pruebas Selectivas para el acceso al Cuerpo Superior de Meteorólogos del Estado, por el sistema general de acceso libre (Orden AAA/1378/2015 de 26 de junio; BOE 164, de 10 de julio de 2015) ______________________________________________________________________ PRIMER EJERCICIO (las respuestas ha de marcarlas en la Hoja de Examen) ___________________________________________________________________________________________",C,official,https://www.aemet.es/documentos/es/empleo_y_becas/empleo_publico/oposiciones/grupo_a1/otras_convocatorias/ex_met_lib_2015.pdf,https://www.miteco.gob.es/content/dam/miteco/es/ministerio/empleo-publico/personal-funcionario/plantilla_ejercicio1_meteorologos_libre_tcm30-94710.pdf,text_extracted
2015,AEMET A1 Acceso Libre — Primer ejercicio,33,La energía procedente del sol que llega a la tierra se distribuye de la siguiente manera:,60% llega a la superficie terrestre (40% directa + 20% difusa); 10% devuelta al espacio por el sistema tierra-atmósfera; 30% absorbida por la atmósfera.,80% llega a la superficie terrestre (40% directa + 40% difusa); 5% devuelta al espacio por el sistema tierra-atmósfera; 15% absorbida por la atmósfera.,80% llega a la superficie terrestre (40% directa + 40% difusa); 15% devuelta al espacio por el sistema tierra-atmósfera; 5% absorbida por la atmósfera.,50% llega a la superficie terrestre (25% directa + 25% difusa); 30% devuelta al espacio por el sistema tierra-atmósfera; 20% absorbida por la atmósfera.,D,official,https://www.aemet.es/documentos/es/empleo_y_becas/empleo_publico/oposiciones/grupo_a1/otras_convocatorias/ex_met_lib_2015.pdf,https://www.miteco.gob.es/content/dam/miteco/es/ministerio/empleo-publico/personal-funcionario/plantilla_ejercicio1_meteorologos_libre_tcm30-94710.pdf,text_extracted
2015,AEMET A1 Acceso Libre — Primer ejercicio,34,"Sobre las curvas de temperatura del punto de rocío y temperatura de una burbuja de aire en un diagrama termodinámico, se necesitan dos puntos en este para representar el estado termodinámico de la burbuja de aire. Si este estado viene representado por dos ternas de valores, la primera terna referida a la curva de temperatura de rocío y la segunda terna a la curva de la temperatura, señale cual de estas opciones es la correcta para representar el estado de la burbuja:","(p, Td, rs), (p, T, rs)","(p, T, rs), (p, Td, rs)","(p, T, rs), (p, T, r)","(p, Td, r), (p, T, rs) Donde p es la presión del aire, T su temperatura, Td su temperatura de rocío; r y rs sus razones de mezcla actual y saturante, respectivamente.",D,official,https://www.aemet.es/documentos/es/empleo_y_becas/empleo_publico/oposiciones/grupo_a1/otras_convocatorias/ex_met_lib_2015.pdf,https://www.miteco.gob.es/content/dam/miteco/es/ministerio/empleo-publico/personal-funcionario/plantilla_ejercicio1_meteorologos_libre_tcm30-94710.pdf,text_extracted
2015,AEMET A1 Acceso Libre — Primer ejercicio,35,"Entre los siguientes gastos necesarios para el ejercicio de las actividades AEMET, NO son imputables al capítulo 2 los originados por:",la adquisición de bienes fungibles.,el abono de Indemnizaciones por razón del servicio.,la adquisición de bienes susceptibles de inclusión en inventario.,"la edición y distribución de publicaciones. __________________________________________________________________________________________ 10 Tribunal Calificador de las Pruebas Selectivas para el acceso al Cuerpo Superior de Meteorólogos del Estado, por el sistema general de acceso libre (Orden AAA/1378/2015 de 26 de junio; BOE 164, de 10 de julio de 2015) ______________________________________________________________________ PRIMER EJERCICIO (las respuestas ha de marcarlas en la Hoja de Examen) ___________________________________________________________________________________________",C,official,https://www.aemet.es/documentos/es/empleo_y_becas/empleo_publico/oposiciones/grupo_a1/otras_convocatorias/ex_met_lib_2015.pdf,https://www.miteco.gob.es/content/dam/miteco/es/ministerio/empleo-publico/personal-funcionario/plantilla_ejercicio1_meteorologos_libre_tcm30-94710.pdf,text_extracted
2015,AEMET A1 Acceso Libre — Primer ejercicio,36,"En el hemisferio norte, en ocasiones, los vórtices zonales del oeste son interrumpidos en medio del invierno. Como consecuencia se destruye el vórtice y se produce un calentamiento a gran escala de la atmósfera polar que tiene las siguientes consecuencias:",Se invierte el gradiente meridional de temperatura y se crea una corriente circumpolar del oeste.,Se invierte el gradiente meridional de temperatura y se crea una corriente circumpolar del este.,Se invierte el gradiente zonal de temperatura y se crea una corriente circumpolar del oeste.,Se invierte el gradiente zonal de temperatura y se crea una corriente circumpolar del este.,B,official,https://www.aemet.es/documentos/es/empleo_y_becas/empleo_publico/oposiciones/grupo_a1/otras_convocatorias/ex_met_lib_2015.pdf,https://www.miteco.gob.es/content/dam/miteco/es/ministerio/empleo-publico/personal-funcionario/plantilla_ejercicio1_meteorologos_libre_tcm30-94710.pdf,text_extracted
2015,AEMET A1 Acceso Libre — Primer ejercicio,37,"Por lo común, ¿Cuál es la variable espacial en los modelos de balance de energía de una dimensión, empleados en los estudio de retroalimentación hielo-albedo?",Elevación sobre la superficie.,Longitud.,Latitud.,Acimut respecto al meridiano de la posición de referencia.,C,official,https://www.aemet.es/documentos/es/empleo_y_becas/empleo_publico/oposiciones/grupo_a1/otras_convocatorias/ex_met_lib_2015.pdf,https://www.miteco.gob.es/content/dam/miteco/es/ministerio/empleo-publico/personal-funcionario/plantilla_ejercicio1_meteorologos_libre_tcm30-94710.pdf,text_extracted
2015,AEMET A1 Acceso Libre — Primer ejercicio,38,Señale la afirmación correcta referente al campo eléctrico de buen tiempo:,El campo eléctrico de buen tiempo es tal que la atmósfera está cargada negativamente respecto al suelo.,El campo eléctrico de buen tiempo no es lineal con la altitud.,En condiciones de buen tiempo el potencial se hace más negativo con la altitud.,"Los iones grandes, debido a su masa, adquieren velocidades mayores que los iones pequeños.",B,official,https://www.aemet.es/documentos/es/empleo_y_becas/empleo_publico/oposiciones/grupo_a1/otras_convocatorias/ex_met_lib_2015.pdf,https://www.miteco.gob.es/content/dam/miteco/es/ministerio/empleo-publico/personal-funcionario/plantilla_ejercicio1_meteorologos_libre_tcm30-94710.pdf,text_extracted
2015,AEMET A1 Acceso Libre — Primer ejercicio,39,"Según el artículo 1.1 de la Constitución Española de 1978, los valores superiores del Ordenamiento Jurídico son:","la justicia, la igualdad y el Estado social y democrático de Derecho.","la libertad, la justicia, la igualdad y el pluralismo político.","la libertad, la justicia, la proporcionalidad y el pluralismo político.","la igualdad, el pluralismo político y la monarquía parlamentaria. __________________________________________________________________________________________ 11 Tribunal Calificador de las Pruebas Selectivas para el acceso al Cuerpo Superior de Meteorólogos del Estado, por el sistema general de acceso libre (Orden AAA/1378/2015 de 26 de junio; BOE 164, de 10 de julio de 2015) ______________________________________________________________________ PRIMER EJERCICIO (las respuestas ha de marcarlas en la Hoja de Examen) ___________________________________________________________________________________________",B,official,https://www.aemet.es/documentos/es/empleo_y_becas/empleo_publico/oposiciones/grupo_a1/otras_convocatorias/ex_met_lib_2015.pdf,https://www.miteco.gob.es/content/dam/miteco/es/ministerio/empleo-publico/personal-funcionario/plantilla_ejercicio1_meteorologos_libre_tcm30-94710.pdf,text_extracted
2015,AEMET A1 Acceso Libre — Primer ejercicio,40,¿Cuál de los siguientes factores NO es atendido en la cuantía y estructura de las retribuciones complementarias de los funcionarios que se establecen por las correspondientes leyes de cada Administración Pública?,La progresión alcanzada por el funcionario dentro del sistema de carrera administrativa.,"La especial dificultad técnica, responsabilidad, dedicación, incompatibilidad exigible para el desempeño de determinados puestos de trabajo o las condiciones en que se desarrolla el trabajo.","El grado de interés, iniciativa o esfuerzo con que el funcionario desempeña su trabajo y el rendimiento o resultados obtenidos.","Los trienios, cuya cuantía será igual para cada Subgrupo o Grupo de clasificación profesional, en el supuesto de que este no tenga Subgrupo, por cada tres años de servicio.",D,official,https://www.aemet.es/documentos/es/empleo_y_becas/empleo_publico/oposiciones/grupo_a1/otras_convocatorias/ex_met_lib_2015.pdf,https://www.miteco.gob.es/content/dam/miteco/es/ministerio/empleo-publico/personal-funcionario/plantilla_ejercicio1_meteorologos_libre_tcm30-94710.pdf,text_extracted
2015,AEMET A1 Acceso Libre — Primer ejercicio,41,¿Cambiaría la luz amarillenta del farol de un tren si éste se acercara a nosotros con suficiente velocidad?,"No, el efecto Doppler no se produce en ondas electromagnéticas debido a su alta velocidad de propagación.","Sí, aunque para que se apreciara el efecto Doppler, la velocidad del tren debería ser próxima a la de la luz y, en ese caso, la luz se haría más verdosa.","Sí, aunque para que se apreciara el efecto Doppler, la velocidad del tren debería ser próxima a la de la luz, y, en ese caso, la luz se haría más rojiza.","No, el efecto Doppler no se produce en ondas transversales, sólo en ondas longitudinales como el sonido.",B,official,https://www.aemet.es/documentos/es/empleo_y_becas/empleo_publico/oposiciones/grupo_a1/otras_convocatorias/ex_met_lib_2015.pdf,https://www.miteco.gob.es/content/dam/miteco/es/ministerio/empleo-publico/personal-funcionario/plantilla_ejercicio1_meteorologos_libre_tcm30-94710.pdf,text_extracted
2015,AEMET A1 Acceso Libre — Primer ejercicio,42,Señale la afirmación correcta referente al arco iris:,Se forma por difracción de la luz solar al atravesar las gotas de lluvia.,"Se forma por la refracción de la luz al atravesar las gotas de lluvia, produciéndose en cada una de ellas una reflexión interna total.",La longitud del radio del arco iris varía en forma proporcional al tamaño de las gotas de lluvia.,"La longitud del radio del arco iris varía en forma inversa al tamaño de las gotas de lluvia. __________________________________________________________________________________________ 12 Tribunal Calificador de las Pruebas Selectivas para el acceso al Cuerpo Superior de Meteorólogos del Estado, por el sistema general de acceso libre (Orden AAA/1378/2015 de 26 de junio; BOE 164, de 10 de julio de 2015) ______________________________________________________________________ PRIMER EJERCICIO (las respuestas ha de marcarlas en la Hoja de Examen) ___________________________________________________________________________________________",B,official,https://www.aemet.es/documentos/es/empleo_y_becas/empleo_publico/oposiciones/grupo_a1/otras_convocatorias/ex_met_lib_2015.pdf,https://www.miteco.gob.es/content/dam/miteco/es/ministerio/empleo-publico/personal-funcionario/plantilla_ejercicio1_meteorologos_libre_tcm30-94710.pdf,text_extracted
2015,AEMET A1 Acceso Libre — Primer ejercicio,43,"Un cuerpo a temperatura T1 cede Q calorías al medio ambiente de temperatura T2, siendo la temperatura del cuerpo mayor que la del ambiente. ¿Qué ocurrirá con la entropía del cuerpo en esta transformación irreversible?",La entropía aumenta.,La entropía disminuye.,La entropía permanece constante.,Depende del valor de las temperaturas.,B,official,https://www.aemet.es/documentos/es/empleo_y_becas/empleo_publico/oposiciones/grupo_a1/otras_convocatorias/ex_met_lib_2015.pdf,https://www.miteco.gob.es/content/dam/miteco/es/ministerio/empleo-publico/personal-funcionario/plantilla_ejercicio1_meteorologos_libre_tcm30-94710.pdf,text_extracted
2015,AEMET A1 Acceso Libre — Primer ejercicio,44,"Según el artículo 137 de la Constitución, el Estado se organiza territorialmente en:","municipios, provincias y las Comunidades Autónomas que se constituyan.","municipios, mancomunidades de municipios y las Comunidades Autónomas que sucedan a las regiones.","provincias, regiones y las Comunidades Autónomas.","entidades locales, autonómicas e internacionales, en su caso.",A,official,https://www.aemet.es/documentos/es/empleo_y_becas/empleo_publico/oposiciones/grupo_a1/otras_convocatorias/ex_met_lib_2015.pdf,https://www.miteco.gob.es/content/dam/miteco/es/ministerio/empleo-publico/personal-funcionario/plantilla_ejercicio1_meteorologos_libre_tcm30-94710.pdf,text_extracted
2015,AEMET A1 Acceso Libre — Primer ejercicio,46,"Según la clasificación de Koppen, el subgrupo “f”, referente al régimen de precipitaciones, se corresponde a:",precipitaciones constantes a lo largo de todo el año.,presencia de estación seca en verano.,presencia de estación seca en invierno.,"precipitación de tipo monzónico. __________________________________________________________________________________________ 13 Tribunal Calificador de las Pruebas Selectivas para el acceso al Cuerpo Superior de Meteorólogos del Estado, por el sistema general de acceso libre (Orden AAA/1378/2015 de 26 de junio; BOE 164, de 10 de julio de 2015) ______________________________________________________________________ PRIMER EJERCICIO (las respuestas ha de marcarlas en la Hoja de Examen) ___________________________________________________________________________________________",A,official,https://www.aemet.es/documentos/es/empleo_y_becas/empleo_publico/oposiciones/grupo_a1/otras_convocatorias/ex_met_lib_2015.pdf,https://www.miteco.gob.es/content/dam/miteco/es/ministerio/empleo-publico/personal-funcionario/plantilla_ejercicio1_meteorologos_libre_tcm30-94710.pdf,text_extracted
2015,AEMET A1 Acceso Libre — Primer ejercicio,47,El mecanismo de retroalimentación hielo-albedo:,es un mecanismo de retroalimentación positivo.,provoca una disminución de las áreas de nieve y hielo sobre la superficie terrestre.,provoca un aumento de las áreas de nieve y hielo sobre la superficie terrestre.,es un mecanismo de retroalimentación negativo.,A,official,https://www.aemet.es/documentos/es/empleo_y_becas/empleo_publico/oposiciones/grupo_a1/otras_convocatorias/ex_met_lib_2015.pdf,https://www.miteco.gob.es/content/dam/miteco/es/ministerio/empleo-publico/personal-funcionario/plantilla_ejercicio1_meteorologos_libre_tcm30-94710.pdf,text_extracted
2015,AEMET A1 Acceso Libre — Primer ejercicio,48,El proceso ciclogenético más importante en latitudes medias es:,las ondas de Rossby barotrópicas.,la inestabilidad barotrópica.,la inestabilidad baroclina.,la corriente en chorro polar.,C,official,https://www.aemet.es/documentos/es/empleo_y_becas/empleo_publico/oposiciones/grupo_a1/otras_convocatorias/ex_met_lib_2015.pdf,https://www.miteco.gob.es/content/dam/miteco/es/ministerio/empleo-publico/personal-funcionario/plantilla_ejercicio1_meteorologos_libre_tcm30-94710.pdf,text_extracted
2015,AEMET A1 Acceso Libre — Primer ejercicio,49,"En la clasificación de los aerosoles atmosféricos por su tamaño, se denominan núcleos de Aitken a aquellas partículas cuyo radio está comprendido entre:","0,1 mm y 1 mm",1mm y 10 mm,"0,1 mm y 10 mm","0,001 mm y 0,1 mm",D,official,https://www.aemet.es/documentos/es/empleo_y_becas/empleo_publico/oposiciones/grupo_a1/otras_convocatorias/ex_met_lib_2015.pdf,https://www.miteco.gob.es/content/dam/miteco/es/ministerio/empleo-publico/personal-funcionario/plantilla_ejercicio1_meteorologos_libre_tcm30-94710.pdf,text_extracted
2015,AEMET A1 Acceso Libre — Primer ejercicio,51,"En un hemisferio, los episodios de niebla por advección ocurren con mayor frecuencia:",durante la estación cálida.,durante la estación fría.,cerca de los trópicos.,en el interior de los continentes.,A,official,https://www.aemet.es/documentos/es/empleo_y_becas/empleo_publico/oposiciones/grupo_a1/otras_convocatorias/ex_met_lib_2015.pdf,https://www.miteco.gob.es/content/dam/miteco/es/ministerio/empleo-publico/personal-funcionario/plantilla_ejercicio1_meteorologos_libre_tcm30-94710.pdf,text_extracted
2015,AEMET A1 Acceso Libre — Primer ejercicio,52,El campo de velocidades de un fluido incompresible cuyo potencial vector es A = ( 1 2 2p x + y 2 )k es:,independiente del punto.,unidimensional.,bidimensional.,tridimensional.,C,official,https://www.aemet.es/documentos/es/empleo_y_becas/empleo_publico/oposiciones/grupo_a1/otras_convocatorias/ex_met_lib_2015.pdf,https://www.miteco.gob.es/content/dam/miteco/es/ministerio/empleo-publico/personal-funcionario/plantilla_ejercicio1_meteorologos_libre_tcm30-94710.pdf,text_extracted
2015,AEMET A1 Acceso Libre — Primer ejercicio,53,¿Qué se entiende por firma electrónica avanzada?,"Firma electrónica que permite la identificación del signatario y ha sido creada por medios que éste mantiene bajo su exclusivo control, de manera que esté vinculada únicamente al mismo y a los datos a los que se refiere.","Conjunto de datos, en forma electrónica, anejos a otros datos electrónicos o asociados funcionalmente a ellos, como medio para identificar formalmente al autor del documento que la recoge.",Certificación electrónica que vincula unos datos de verificación de firma a un signatario y confirma su identidad.,"Persona física o jurídica que expide certificados, pudiendo prestar además otros servicios en relación con la firma electrónica.",A,official,https://www.aemet.es/documentos/es/empleo_y_becas/empleo_publico/oposiciones/grupo_a1/otras_convocatorias/ex_met_lib_2015.pdf,https://www.miteco.gob.es/content/dam/miteco/es/ministerio/empleo-publico/personal-funcionario/plantilla_ejercicio1_meteorologos_libre_tcm30-94710.pdf,text_extracted
2015,AEMET A1 Acceso Libre — Primer ejercicio,54,"El dióxido de carbono de carácter antropogénico emitido desde la era industrial hasta el 2013, según datos del IPCC:",se ha acumulado en mayor cantidad en la atmósfera que en el océano.,se ha acumulado en menor cantidad en la atmósfera que en el océano.,se ha acumulado en cantidades aproximadamente iguales en la atmósfera y en el océano.,"existe cierta controversia, ya que dependiendo de las mediciones, unas apuntan a una mayor cantidad en la atmósfera que en océano, y en otras lo opuesto. __________________________________________________________________________________________ 15 Tribunal Calificador de las Pruebas Selectivas para el acceso al Cuerpo Superior de Meteorólogos del Estado, por el sistema general de acceso libre (Orden AAA/1378/2015 de 26 de junio; BOE 164, de 10 de julio de 2015) ______________________________________________________________________ PRIMER EJERCICIO (las respuestas ha de marcarlas en la Hoja de Examen) ___________________________________________________________________________________________",A,official,https://www.aemet.es/documentos/es/empleo_y_becas/empleo_publico/oposiciones/grupo_a1/otras_convocatorias/ex_met_lib_2015.pdf,https://www.miteco.gob.es/content/dam/miteco/es/ministerio/empleo-publico/personal-funcionario/plantilla_ejercicio1_meteorologos_libre_tcm30-94710.pdf,text_extracted
2015,AEMET A1 Acceso Libre — Primer ejercicio,56,Los movimientos atmosféricos se rigen por las leyes físicas fundamentales de conservación de:,"masa, momento y energía.","masa, fuerza de Coriolis y energía.","masa, fuerza centrípeta y energía.","masa, gradiente de presión y energía.",A,official,https://www.aemet.es/documentos/es/empleo_y_becas/empleo_publico/oposiciones/grupo_a1/otras_convocatorias/ex_met_lib_2015.pdf,https://www.miteco.gob.es/content/dam/miteco/es/ministerio/empleo-publico/personal-funcionario/plantilla_ejercicio1_meteorologos_libre_tcm30-94710.pdf,text_extracted
2015,AEMET A1 Acceso Libre — Primer ejercicio,57,"Conforme a las competencias y funciones encomendadas a AEMET mediante el Real Decreto 186/2008, de 8 de febrero, por el que se aprueba su Estatuto, ¿cuál de los siguientes servicios no puede ser considerado como esencial?",Apoyo meteorológico a la seguridad y a la defensa.,Elaboración y actualización de los escenarios climáticos regionalizados.,Apoyo meteorológico a la navegación aérea.,Elaboración y emisión de avisos y predicciones en situaciones de emergencia,B,official,https://www.aemet.es/documentos/es/empleo_y_becas/empleo_publico/oposiciones/grupo_a1/otras_convocatorias/ex_met_lib_2015.pdf,https://www.miteco.gob.es/content/dam/miteco/es/ministerio/empleo-publico/personal-funcionario/plantilla_ejercicio1_meteorologos_libre_tcm30-94710.pdf,text_extracted
2015,AEMET A1 Acceso Libre — Primer ejercicio,58,"Si f y g representan campos escalares, Ñ ´ [Ñ(f·g)] vale:",0,Ñf ´ Ñg,Ñf + Ñg,"Ñf - Ñg __________________________________________________________________________________________ 16 Tribunal Calificador de las Pruebas Selectivas para el acceso al Cuerpo Superior de Meteorólogos del Estado, por el sistema general de acceso libre (Orden AAA/1378/2015 de 26 de junio; BOE 164, de 10 de julio de 2015) ______________________________________________________________________ PRIMER EJERCICIO (las respuestas ha de marcarlas en la Hoja de Examen) ___________________________________________________________________________________________",A,official,https://www.aemet.es/documentos/es/empleo_y_becas/empleo_publico/oposiciones/grupo_a1/otras_convocatorias/ex_met_lib_2015.pdf,https://www.miteco.gob.es/content/dam/miteco/es/ministerio/empleo-publico/personal-funcionario/plantilla_ejercicio1_meteorologos_libre_tcm30-94710.pdf,text_extracted
2015,AEMET A1 Acceso Libre — Primer ejercicio,59,¿Qué sucedería si todos los habitantes de la Tierra comenzasen a andar en dirección contraria a la de rotación de la misma?,No pasaría nada porque la masa de los habitantes de la Tierra es despreciable comparada con la masa de la Tierra.,"El momento de inercia del sistema variaría en el tiempo y, por tanto, la velocidad angular de la Tierra dejaría de ser constante.","Por el principio de conservación del momento angular o cinético, al no existir momentos de fuerza externos al sistema, el momento angular permanecerá constante y por tanto, la velocidad angular.","Por el principio de conservación del momento angular o cinético, al introducirse uno en sentido contrario, la velocidad angular de la Tierra debe aumentar para compensarlo y los días serían más cortos.",D,official,https://www.aemet.es/documentos/es/empleo_y_becas/empleo_publico/oposiciones/grupo_a1/otras_convocatorias/ex_met_lib_2015.pdf,https://www.miteco.gob.es/content/dam/miteco/es/ministerio/empleo-publico/personal-funcionario/plantilla_ejercicio1_meteorologos_libre_tcm30-94710.pdf,text_extracted
2015,AEMET A1 Acceso Libre — Primer ejercicio,60,"En relación con el contrato de gestión de servicios públicos, señale la respuesta verdadera:","La Administración podrá gestionar indirectamente, mediante contrato, los servicios de su competencia, salvo que tengan un contenido económico que los haga susceptibles de explotación por empresarios particulares.","Son aquellos contratos mediante los que las Administraciones Públicas encomienden a una persona, natural o jurídica, la gestión de un servicio público.",No? será de aplicación su régimen a los supuestos en que la gestión del servicio público se efectúe mediante la creación de Entidades de Derecho público destinadas a este fin ni a aquellos en que la misma se atribuya a una sociedad de Derecho privado en cuyo capital sea exclusiva la participación de la Administración o de un ente público de la misma.,"Su duración será, en todo caso, de cincuenta años en los contratos que comprendan la ejecución de obras y la explotación de servicio público.",B,official,https://www.aemet.es/documentos/es/empleo_y_becas/empleo_publico/oposiciones/grupo_a1/otras_convocatorias/ex_met_lib_2015.pdf,https://www.miteco.gob.es/content/dam/miteco/es/ministerio/empleo-publico/personal-funcionario/plantilla_ejercicio1_meteorologos_libre_tcm30-94710.pdf,text_extracted
2015,AEMET A1 Acceso Libre — Primer ejercicio,61,La energía mecánica de un satélite en una órbita de radio R es:,2 veces la energía potencial en dicha órbita.,-2 veces la energía potencial en dicha órbita.,- ½ de la energía potencial en dicha órbita.,"½ de la energía potencial en dicha órbita. __________________________________________________________________________________________ 17 Tribunal Calificador de las Pruebas Selectivas para el acceso al Cuerpo Superior de Meteorólogos del Estado, por el sistema general de acceso libre (Orden AAA/1378/2015 de 26 de junio; BOE 164, de 10 de julio de 2015) ______________________________________________________________________ PRIMER EJERCICIO (las respuestas ha de marcarlas en la Hoja de Examen) ___________________________________________________________________________________________",D,official,https://www.aemet.es/documentos/es/empleo_y_becas/empleo_publico/oposiciones/grupo_a1/otras_convocatorias/ex_met_lib_2015.pdf,https://www.miteco.gob.es/content/dam/miteco/es/ministerio/empleo-publico/personal-funcionario/plantilla_ejercicio1_meteorologos_libre_tcm30-94710.pdf,text_extracted
2015,AEMET A1 Acceso Libre — Primer ejercicio,62,En la compresión adiabática de un gas ideal:,aumentan tanto la temperatura como la energía interna de la parcela de gas.,disminuyen tanto la temperatura como la energía interna de la parcela de gas.,aumenta la temperatura y disminuye la energía interna de la parcela de gas.,disminuye la temperatura y aumenta la energía interna de la parcela de gas.,A,official,https://www.aemet.es/documentos/es/empleo_y_becas/empleo_publico/oposiciones/grupo_a1/otras_convocatorias/ex_met_lib_2015.pdf,https://www.miteco.gob.es/content/dam/miteco/es/ministerio/empleo-publico/personal-funcionario/plantilla_ejercicio1_meteorologos_libre_tcm30-94710.pdf,text_extracted
2015,AEMET A1 Acceso Libre — Primer ejercicio,63,"Supongamos una masa de aire seca que asciende en bloque al remontar una barrera orográfica. Si dicha masa de aire alcanza la saturación y es potencialmente estable, entonces, a partir de dicha masa de aire:",no se puede formar ningún tipo de nube.,solo se pueden formar nubes de tipo estratiforme.,solo se pueden formar nubes de tipo cumuliforme.,se pueden formar nubes tanto estratiformes como cumuliformes.,B,official,https://www.aemet.es/documentos/es/empleo_y_becas/empleo_publico/oposiciones/grupo_a1/otras_convocatorias/ex_met_lib_2015.pdf,https://www.miteco.gob.es/content/dam/miteco/es/ministerio/empleo-publico/personal-funcionario/plantilla_ejercicio1_meteorologos_libre_tcm30-94710.pdf,text_extracted
2015,AEMET A1 Acceso Libre — Primer ejercicio,64,Se puede observar en los mapas de circulación general que:,hay una inclinación hacia el oeste con la altura para las vaguadas y dorsales en la troposfera de latitudes altas.,hay una inclinación hacia el este con la altura para las vaguadas y dorsales en la troposfera de latitudes altas.,hay una inclinación hacia el norte con la altura para las vaguadas y dorsales en la troposfera de latitudes altas.,hay una inclinación hacia el sur con la altura para las vaguadas y dorsales en la troposfera de latitudes altas.,A,official,https://www.aemet.es/documentos/es/empleo_y_becas/empleo_publico/oposiciones/grupo_a1/otras_convocatorias/ex_met_lib_2015.pdf,https://www.miteco.gob.es/content/dam/miteco/es/ministerio/empleo-publico/personal-funcionario/plantilla_ejercicio1_meteorologos_libre_tcm30-94710.pdf,text_extracted
2015,AEMET A1 Acceso Libre — Primer ejercicio,65,"Según el artículo 103.1 de la Constitución, la Administración Pública sirve con objetividad los intereses generales y actúa de acuerdo con una serie de principios mencionados en dicho precepto. Indique cuál de los siguientes no se establece en dicho artículo:",Lealtad institucional.,Eficacia.,Coordinación.,"Jerarquía. __________________________________________________________________________________________ 18 Tribunal Calificador de las Pruebas Selectivas para el acceso al Cuerpo Superior de Meteorólogos del Estado, por el sistema general de acceso libre (Orden AAA/1378/2015 de 26 de junio; BOE 164, de 10 de julio de 2015) ______________________________________________________________________ PRIMER EJERCICIO (las respuestas ha de marcarlas en la Hoja de Examen) ___________________________________________________________________________________________",A,official,https://www.aemet.es/documentos/es/empleo_y_becas/empleo_publico/oposiciones/grupo_a1/otras_convocatorias/ex_met_lib_2015.pdf,https://www.miteco.gob.es/content/dam/miteco/es/ministerio/empleo-publico/personal-funcionario/plantilla_ejercicio1_meteorologos_libre_tcm30-94710.pdf,text_extracted
2015,AEMET A1 Acceso Libre — Primer ejercicio,66,La oscilación cuasibienal se caracteriza por:,ser zonalmente simétrica con alternancias del régimen de vientos hacia el este y el oeste.,ser zonalmente simétrica con vientos hacia el este.,el viento médio meridional y el campo de temperatura satisfacen la ecuación de equilíbrio del viento térmico.,el viento zonal no está en equilíbrio geostrófico.,A,official,https://www.aemet.es/documentos/es/empleo_y_becas/empleo_publico/oposiciones/grupo_a1/otras_convocatorias/ex_met_lib_2015.pdf,https://www.miteco.gob.es/content/dam/miteco/es/ministerio/empleo-publico/personal-funcionario/plantilla_ejercicio1_meteorologos_libre_tcm30-94710.pdf,text_extracted
2015,AEMET A1 Acceso Libre — Primer ejercicio,67,El umbral de la nucleación homogénea por sublimación en la atmósfera se sitúa en torno a la temperatura de:,–15°C,–60°C,0°C,–40°C,B,official,https://www.aemet.es/documentos/es/empleo_y_becas/empleo_publico/oposiciones/grupo_a1/otras_convocatorias/ex_met_lib_2015.pdf,https://www.miteco.gob.es/content/dam/miteco/es/ministerio/empleo-publico/personal-funcionario/plantilla_ejercicio1_meteorologos_libre_tcm30-94710.pdf,text_extracted
2015,AEMET A1 Acceso Libre — Primer ejercicio,68,"De acuerdo con un modelo climático cero-dimensional, ¿cuál es el factor planetario de control que afecta a la temperatura de equilibrio de la superficie terrestre?",La constante solar.,Los flujos convectivos.,El albedo terrestre.,La constante de Stefan-Boltzmann.,C,official,https://www.aemet.es/documentos/es/empleo_y_becas/empleo_publico/oposiciones/grupo_a1/otras_convocatorias/ex_met_lib_2015.pdf,https://www.miteco.gob.es/content/dam/miteco/es/ministerio/empleo-publico/personal-funcionario/plantilla_ejercicio1_meteorologos_libre_tcm30-94710.pdf,text_extracted
2015,AEMET A1 Acceso Libre — Primer ejercicio,69,¿Cuál de las siguientes direcciones IPv6 es correcta?,:FF56::12::13D4,15::78A1:9982,AAB2:12::15H3:149,"1234:5678:9012:3456:7890:1234:5678 __________________________________________________________________________________________ 19 Tribunal Calificador de las Pruebas Selectivas para el acceso al Cuerpo Superior de Meteorólogos del Estado, por el sistema general de acceso libre (Orden AAA/1378/2015 de 26 de junio; BOE 164, de 10 de julio de 2015) ______________________________________________________________________ PRIMER EJERCICIO (las respuestas ha de marcarlas en la Hoja de Examen) ___________________________________________________________________________________________",B,official,https://www.aemet.es/documentos/es/empleo_y_becas/empleo_publico/oposiciones/grupo_a1/otras_convocatorias/ex_met_lib_2015.pdf,https://www.miteco.gob.es/content/dam/miteco/es/ministerio/empleo-publico/personal-funcionario/plantilla_ejercicio1_meteorologos_libre_tcm30-94710.pdf,text_extracted
2015,AEMET A1 Acceso Libre — Primer ejercicio,70,La función de peso que aparece en el término de contribución atmosférica en la ecuación de transferencia radiativa:,se aproxima a cero y su contribución puede ser despreciada para longitudes de onda comprendidas entre 3 mm y 30 mm.,es un indicador de la capa o capas de donde viene la mayor parte de la radiación.,depende básicamente de la cantidad de energía emitida por la superficie.,se aproxima a cero y su contribución puede ser despreciada para las longitudes de onda del espectro electromagnético con fuertes bandas de absorción.,B,official,https://www.aemet.es/documentos/es/empleo_y_becas/empleo_publico/oposiciones/grupo_a1/otras_convocatorias/ex_met_lib_2015.pdf,https://www.miteco.gob.es/content/dam/miteco/es/ministerio/empleo-publico/personal-funcionario/plantilla_ejercicio1_meteorologos_libre_tcm30-94710.pdf,text_extracted
2015,AEMET A1 Acceso Libre — Primer ejercicio,71,Sean A y B dos sucesos tales que P(A)=1/2 y P(B)=3/5. Entonces si P(A U B)=4/5,A y B son complementarios.,A y B son independientes.,A y B son dependientes.,A y B son incompatibles.,B,official,https://www.aemet.es/documentos/es/empleo_y_becas/empleo_publico/oposiciones/grupo_a1/otras_convocatorias/ex_met_lib_2015.pdf,https://www.miteco.gob.es/content/dam/miteco/es/ministerio/empleo-publico/personal-funcionario/plantilla_ejercicio1_meteorologos_libre_tcm30-94710.pdf,text_extracted
2015,AEMET A1 Acceso Libre — Primer ejercicio,72,En el análisis discriminante:,los grupos son conocidos a priori.,los grupos no son conocidos a priori.,se encuentra una combinación lineal de variables que no permite diferenciar a los grupos.,se aprovechan las relaciones existentes entre variables de forma que se minimice la capacidad de discriminación.,A,official,https://www.aemet.es/documentos/es/empleo_y_becas/empleo_publico/oposiciones/grupo_a1/otras_convocatorias/ex_met_lib_2015.pdf,https://www.miteco.gob.es/content/dam/miteco/es/ministerio/empleo-publico/personal-funcionario/plantilla_ejercicio1_meteorologos_libre_tcm30-94710.pdf,text_extracted
2015,AEMET A1 Acceso Libre — Primer ejercicio,73,Los modelos numéricos globales se fundamentan en:,"la ecuación de estado y la conservación de momento, masa y energía.",la ecuación de estado y la conservación de momento y energía.,"la conservación de momento, masa y energía.","la ecuación de estado y la conservación de momento y masa. __________________________________________________________________________________________ 20 Tribunal Calificador de las Pruebas Selectivas para el acceso al Cuerpo Superior de Meteorólogos del Estado, por el sistema general de acceso libre (Orden AAA/1378/2015 de 26 de junio; BOE 164, de 10 de julio de 2015) ______________________________________________________________________ PRIMER EJERCICIO (las respuestas ha de marcarlas en la Hoja de Examen) ___________________________________________________________________________________________",A,official,https://www.aemet.es/documentos/es/empleo_y_becas/empleo_publico/oposiciones/grupo_a1/otras_convocatorias/ex_met_lib_2015.pdf,https://www.miteco.gob.es/content/dam/miteco/es/ministerio/empleo-publico/personal-funcionario/plantilla_ejercicio1_meteorologos_libre_tcm30-94710.pdf,text_extracted
2015,AEMET A1 Acceso Libre — Primer ejercicio,74,Indique cuál de las siguientes afirmaciones es cierta:,Las ligaduras holónomas de un sistema de Lagrange son aquellas que en su expresión no aparece explícitamente el tiempo.,"Las ligaduras esclerónomas también se conocen con el nombre de ligaduras fijas, y en ellas no aparece explícitamente el tiempo.",La hamiltoniana de un sistema es siempre igual a la energía total del mismo.,El conjunto de coordenadas generalizadas que puede describir un sistema es único.,B,official,https://www.aemet.es/documentos/es/empleo_y_becas/empleo_publico/oposiciones/grupo_a1/otras_convocatorias/ex_met_lib_2015.pdf,https://www.miteco.gob.es/content/dam/miteco/es/ministerio/empleo-publico/personal-funcionario/plantilla_ejercicio1_meteorologos_libre_tcm30-94710.pdf,text_extracted
2015,AEMET A1 Acceso Libre — Primer ejercicio,75,"En relación con el daño indemnizable a través de la institución de la responsabilidad patrimonial de las Administraciones Públicas, aquél habrá de ser:",daño emergente pero no lucro cesante.,efectivo e individualizado con relación a una persona o grupo de personas pero no necesariamente evaluable económicamente.,el causado sólo por la Administración pública pero nunca el causado por la Administración de justicia.,Sólo serán indemnizables las lesiones producidas al particular provenientes de daños que éste no tenga el deber de soportar de acuerdo con la ley.,D,official,https://www.aemet.es/documentos/es/empleo_y_becas/empleo_publico/oposiciones/grupo_a1/otras_convocatorias/ex_met_lib_2015.pdf,https://www.miteco.gob.es/content/dam/miteco/es/ministerio/empleo-publico/personal-funcionario/plantilla_ejercicio1_meteorologos_libre_tcm30-94710.pdf,text_extracted
2015,AEMET A1 Acceso Libre — Primer ejercicio,76,Respecto a la función de autocorrelación:,Es la estandarización de la función de varianzas.,Es la estandarización de la función de autocovarianzas.,Su estimación no requiere que la serie permanezca estable a lo largo del tiempo.,Requiere que la función de autocovarianzas sea positiva.,B,official,https://www.aemet.es/documentos/es/empleo_y_becas/empleo_publico/oposiciones/grupo_a1/otras_convocatorias/ex_met_lib_2015.pdf,https://www.miteco.gob.es/content/dam/miteco/es/ministerio/empleo-publico/personal-funcionario/plantilla_ejercicio1_meteorologos_libre_tcm30-94710.pdf,text_extracted
2015,AEMET A1 Acceso Libre — Primer ejercicio,77,No es una institución comunitaria:,el consejo de la Unión Europea.,la comisión de la Unión Europea.,la Secretaría General de la Unión Europea.,"el Tribunal de Justicia de la Unión Europea. __________________________________________________________________________________________ 21 Tribunal Calificador de las Pruebas Selectivas para el acceso al Cuerpo Superior de Meteorólogos del Estado, por el sistema general de acceso libre (Orden AAA/1378/2015 de 26 de junio; BOE 164, de 10 de julio de 2015) ______________________________________________________________________ PRIMER EJERCICIO (las respuestas ha de marcarlas en la Hoja de Examen) ___________________________________________________________________________________________",C,official,https://www.aemet.es/documentos/es/empleo_y_becas/empleo_publico/oposiciones/grupo_a1/otras_convocatorias/ex_met_lib_2015.pdf,https://www.miteco.gob.es/content/dam/miteco/es/ministerio/empleo-publico/personal-funcionario/plantilla_ejercicio1_meteorologos_libre_tcm30-94710.pdf,text_extracted
2015,AEMET A1 Acceso Libre — Primer ejercicio,78,Según el artículo 97 de la Constitución:,"El Gobierno dirige la política interior y exterior, la Administración civil y militar y la defensa del Estado. Ejerce la función ejecutiva y la potestad reglamentaria de acuerdo con la Constitución y las leyes.","El Gobierno dirige la política nacional, comunitaria e internacional, la Administración civil y la defensa del Estado. Ejerce la función ejecutiva y la potestad reglamentaria de acuerdo con la Constitución y las leyes.","El Gobierno dirige la política nacional y autonómica, la Administración militar y la defensa del Estado. Ejerce la función ejecutiva y la potestad legislativa de acuerdo con la Constitución y las leyes.","El Gobierno dirige las políticas del Estado, la Administración Pública y la defensa del Estado. Ejerce la función ejecutiva y la potestad disciplinaria de acuerdo con la Constitución y las leyes.",A,official,https://www.aemet.es/documentos/es/empleo_y_becas/empleo_publico/oposiciones/grupo_a1/otras_convocatorias/ex_met_lib_2015.pdf,https://www.miteco.gob.es/content/dam/miteco/es/ministerio/empleo-publico/personal-funcionario/plantilla_ejercicio1_meteorologos_libre_tcm30-94710.pdf,text_extracted
2015,AEMET A1 Acceso Libre — Primer ejercicio,79,"Cuál de los siguientes, NO es un mecanismo de separación de cargas eléctricas de signo opuesto en una nube:",Rotura de una gota de lluvia grande.,Astillamiento de gotas subfundidas al congelarse.,Separación de electrones debido a las ondas acústicas que generan los truenos.,Colisiones entre partículas de hielo de diferente temperatura.,C,official,https://www.aemet.es/documentos/es/empleo_y_becas/empleo_publico/oposiciones/grupo_a1/otras_convocatorias/ex_met_lib_2015.pdf,https://www.miteco.gob.es/content/dam/miteco/es/ministerio/empleo-publico/personal-funcionario/plantilla_ejercicio1_meteorologos_libre_tcm30-94710.pdf,text_extracted
2015,AEMET A1 Acceso Libre — Primer ejercicio,80,Cuál de las siguientes afirmaciones es correcta:,La constante específica de los gases del aire seco toma valores mayores que la del aire húmedo.,"Si forzamos la elevación de una parcela de aire cuya temperatura virtual es menor que la del ambiente que la rodea, dicha parcela acelerará hacia arriba ya que se encuentra en condiciones de inestabilidad.","A temperaturas por debajo del punto de congelación, la presión saturante del vapor de agua sobre hielo es menor que sobre agua subfundida a la misma temperatura.","Si forzamos el descenso de una parcela de aire cuya temperatura virtual es menor que la del ambiente que la rodea, dicha parcela volverá a su punto de partida ya que se encuentra en condiciones de estabilidad. __________________________________________________________________________________________ 22 Tribunal Calificador de las Pruebas Selectivas para el acceso al Cuerpo Superior de Meteorólogos del Estado, por el sistema general de acceso libre (Orden AAA/1378/2015 de 26 de junio; BOE 164, de 10 de julio de 2015) ______________________________________________________________________ PRIMER EJERCICIO (las respuestas ha de marcarlas en la Hoja de Examen) ___________________________________________________________________________________________",C,official,https://www.aemet.es/documentos/es/empleo_y_becas/empleo_publico/oposiciones/grupo_a1/otras_convocatorias/ex_met_lib_2015.pdf,https://www.miteco.gob.es/content/dam/miteco/es/ministerio/empleo-publico/personal-funcionario/plantilla_ejercicio1_meteorologos_libre_tcm30-94710.pdf,text_extracted
2015,AEMET A1 Acceso Libre — Primer ejercicio,81,"La evolución de una variable f viene descrita por la ecuación de la advección ft + vfx = 0 con velocidad v = 2 m/s constante. Si desea predecir los valores de f para los próximos 5 días con un detalle geográfico de 1000 m en un área del tamaño de la península ibérica mediante un esquema explícito de diferencias finitas, ¿cuál es el paso de tiempo más alto que podrá usar?",1000 s,750 s,500 s,250 s,C,official,https://www.aemet.es/documentos/es/empleo_y_becas/empleo_publico/oposiciones/grupo_a1/otras_convocatorias/ex_met_lib_2015.pdf,https://www.miteco.gob.es/content/dam/miteco/es/ministerio/empleo-publico/personal-funcionario/plantilla_ejercicio1_meteorologos_libre_tcm30-94710.pdf,text_extracted
2015,AEMET A1 Acceso Libre — Primer ejercicio,82,"Si T(x,y)=ex+2y representa la temperatura en R2. Indique, de entre los propuestos, el conjunto de puntos (x,y) en los que la derivada direccional de T según el vector v=(4,3) vale 2e:",2x-y = 1,y-2x = 1,2y-x = 1,2y+x = 1,D,official,https://www.aemet.es/documentos/es/empleo_y_becas/empleo_publico/oposiciones/grupo_a1/otras_convocatorias/ex_met_lib_2015.pdf,https://www.miteco.gob.es/content/dam/miteco/es/ministerio/empleo-publico/personal-funcionario/plantilla_ejercicio1_meteorologos_libre_tcm30-94710.pdf,text_extracted
2015,AEMET A1 Acceso Libre — Primer ejercicio,83,La fuerza que ejerce la radiación solar cuando incide perpendicularmente sobre una vela espacial de 100 m2 y coeficiente de reflexión 0.9 situada en una posición en la que la intensidad de esa radiación vale 1370 W/m2 es aproximadamente de:,2·10-3 N,9·10-4 N,4·10-4 N,6·10-5 N,B,official,https://www.aemet.es/documentos/es/empleo_y_becas/empleo_publico/oposiciones/grupo_a1/otras_convocatorias/ex_met_lib_2015.pdf,https://www.miteco.gob.es/content/dam/miteco/es/ministerio/empleo-publico/personal-funcionario/plantilla_ejercicio1_meteorologos_libre_tcm30-94710.pdf,text_extracted
2015,AEMET A1 Acceso Libre — Primer ejercicio,84,¿Qué dimensiones tiene la entropía? (M=masa; L=longitud; t=tiempo; T=temperatura),M L2 t2 T1,M L2 t2 T-1 2 -2 1,M L t T 2 -2 -1,"M L t T __________________________________________________________________________________________ 23 Tribunal Calificador de las Pruebas Selectivas para el acceso al Cuerpo Superior de Meteorólogos del Estado, por el sistema general de acceso libre (Orden AAA/1378/2015 de 26 de junio; BOE 164, de 10 de julio de 2015) ______________________________________________________________________ PRIMER EJERCICIO (las respuestas ha de marcarlas en la Hoja de Examen) ___________________________________________________________________________________________",D,official,https://www.aemet.es/documentos/es/empleo_y_becas/empleo_publico/oposiciones/grupo_a1/otras_convocatorias/ex_met_lib_2015.pdf,https://www.miteco.gob.es/content/dam/miteco/es/ministerio/empleo-publico/personal-funcionario/plantilla_ejercicio1_meteorologos_libre_tcm30-94710.pdf,text_extracted
2015,AEMET A1 Acceso Libre — Primer ejercicio,85,"El módulo del vector desplazamiento, ¿es siempre igual a la distancia recorrida sobre la trayectoria?","Sí, siempre.","No, nunca.","No, solo si el vector velocidad es acelerado.","No, solo si el vector velocidad es constante.",D,official,https://www.aemet.es/documentos/es/empleo_y_becas/empleo_publico/oposiciones/grupo_a1/otras_convocatorias/ex_met_lib_2015.pdf,https://www.miteco.gob.es/content/dam/miteco/es/ministerio/empleo-publico/personal-funcionario/plantilla_ejercicio1_meteorologos_libre_tcm30-94710.pdf,text_extracted
2015,AEMET A1 Acceso Libre — Primer ejercicio,87,Si y(-1) = (e-1)/e2; y(0) = 0 y y’’ -3y’+2y = 0. El valor de y(1) es:,e - e2,e(e-1),e2 + e 2,e + 2e,A,official,https://www.aemet.es/documentos/es/empleo_y_becas/empleo_publico/oposiciones/grupo_a1/otras_convocatorias/ex_met_lib_2015.pdf,https://www.miteco.gob.es/content/dam/miteco/es/ministerio/empleo-publico/personal-funcionario/plantilla_ejercicio1_meteorologos_libre_tcm30-94710.pdf,text_extracted
2015,AEMET A1 Acceso Libre — Primer ejercicio,88,En una atmósfera estática se cumple que:,la fuerza de la gravedad debe estar en equilibrio exacto con la componente vertical de la fuerza del gradiente de presión.,la fuerza de la gravedad debe estar en equilibrio exacto con la componente vertical de la fuerza de la presión.,la fuerza de la gravedad es un valor constante en todos lo puntos de la atmósfera.,"para los movimientos a escala sinóptica las aceleraciones horizontales son despreciables. __________________________________________________________________________________________ 24 Tribunal Calificador de las Pruebas Selectivas para el acceso al Cuerpo Superior de Meteorólogos del Estado, por el sistema general de acceso libre (Orden AAA/1378/2015 de 26 de junio; BOE 164, de 10 de julio de 2015) ______________________________________________________________________ PRIMER EJERCICIO (las respuestas ha de marcarlas en la Hoja de Examen) ___________________________________________________________________________________________",A,official,https://www.aemet.es/documentos/es/empleo_y_becas/empleo_publico/oposiciones/grupo_a1/otras_convocatorias/ex_met_lib_2015.pdf,https://www.miteco.gob.es/content/dam/miteco/es/ministerio/empleo-publico/personal-funcionario/plantilla_ejercicio1_meteorologos_libre_tcm30-94710.pdf,text_extracted
2015,AEMET A1 Acceso Libre — Primer ejercicio,89,Señale la opción correcta:,El color de las estrellas está relacionado con su temperatura mientras que el de los planetas no lo está.,El color de las estrellas está relacionado con su temperatura y el de los planetas también.,El color de las estrellas no está relacionado con su temperatura y el de los planetas sí lo está.,El color de las estrellas no está relacionado con su temperatura y el de los planetas tampoco.,A,official,https://www.aemet.es/documentos/es/empleo_y_becas/empleo_publico/oposiciones/grupo_a1/otras_convocatorias/ex_met_lib_2015.pdf,https://www.miteco.gob.es/content/dam/miteco/es/ministerio/empleo-publico/personal-funcionario/plantilla_ejercicio1_meteorologos_libre_tcm30-94710.pdf,text_extracted
2015,AEMET A1 Acceso Libre — Primer ejercicio,90,Todos los fluidos reales poseen viscosidad y el flujo puede considerarse irrotacional solamente:,a altos números de Reynolds y en regiones carentes de gradientes de velocidad.,a bajos números de Reynolds y en regiones carentes de gradientes de velocidad.,a altos números de Reynolds y en regiones con gradientes de velocidad.,a bajos números de Reynolds y en regiones con gradientes de velocidad.,B,official,https://www.aemet.es/documentos/es/empleo_y_becas/empleo_publico/oposiciones/grupo_a1/otras_convocatorias/ex_met_lib_2015.pdf,https://www.miteco.gob.es/content/dam/miteco/es/ministerio/empleo-publico/personal-funcionario/plantilla_ejercicio1_meteorologos_libre_tcm30-94710.pdf,text_extracted
2015,AEMET A1 Acceso Libre — Primer ejercicio,91,"Sea una parcela de aire que asciende siguiendo un proceso adiabático seco. En cierto instante la parcela se encuentra a 300 metros por encima del nivel de mar, su temperatura es 11°C y su temperatura del punto de rocío es 1°C. ¿A qué altitud alcanzará aproximadamente la saturación?",800 metros,1200 metros,1500 metros,2100 metros,C,official,https://www.aemet.es/documentos/es/empleo_y_becas/empleo_publico/oposiciones/grupo_a1/otras_convocatorias/ex_met_lib_2015.pdf,https://www.miteco.gob.es/content/dam/miteco/es/ministerio/empleo-publico/personal-funcionario/plantilla_ejercicio1_meteorologos_libre_tcm30-94710.pdf,text_extracted
2015,AEMET A1 Acceso Libre — Primer ejercicio,92,Seleccione la afirmación correcta referente a los modos de exploración de un radar meteorológico:,El PPI es la exploración realizada por el radar a una elevación dada alrededor de su eje unos 360°,"La precipitación detectada por el PPI de una elevación determinada, se encuentra a la misma altura sobre el nivel del mar.",El PPI es el Indicador de Posición del Plan de Altitud Constante.,"Los datos tomados en el modo PPI vienen de diferentes distancias al radar correspondientes a una misma altura del terreno. __________________________________________________________________________________________ 25 Tribunal Calificador de las Pruebas Selectivas para el acceso al Cuerpo Superior de Meteorólogos del Estado, por el sistema general de acceso libre (Orden AAA/1378/2015 de 26 de junio; BOE 164, de 10 de julio de 2015) ______________________________________________________________________ PRIMER EJERCICIO (las respuestas ha de marcarlas en la Hoja de Examen) ___________________________________________________________________________________________",A,official,https://www.aemet.es/documentos/es/empleo_y_becas/empleo_publico/oposiciones/grupo_a1/otras_convocatorias/ex_met_lib_2015.pdf,https://www.miteco.gob.es/content/dam/miteco/es/ministerio/empleo-publico/personal-funcionario/plantilla_ejercicio1_meteorologos_libre_tcm30-94710.pdf,text_extracted
2015,AEMET A1 Acceso Libre — Primer ejercicio,93,En un frente ocluido:,la distribución de advección de vorticidad absoluta ciclónica presenta un máximo en altura sobre la zona ocluida solamente en el caso de oclusión fría.,la distribución de advección de vorticidad absoluta ciclónica presenta un mínimo en altura sobre la zona ocluida indistintamente del carácter térmico de la oclusión.,la distribución de advección de vorticidad absoluta ciclónica presenta un máximo en altura sobre la zona ocluida indistintamente del carácter térmico de la oclusión.,la distribución de advección de vorticidad absoluta ciclónica presenta un mínimo en altura sobre la zona ocluida solamente en el caso de oclusión fría.,C,official,https://www.aemet.es/documentos/es/empleo_y_becas/empleo_publico/oposiciones/grupo_a1/otras_convocatorias/ex_met_lib_2015.pdf,https://www.miteco.gob.es/content/dam/miteco/es/ministerio/empleo-publico/personal-funcionario/plantilla_ejercicio1_meteorologos_libre_tcm30-94710.pdf,text_extracted
2015,AEMET A1 Acceso Libre — Primer ejercicio,94,¿Qué ocurre con los grandes anticiclones subtropicales de los dos hemisferios durante el verano en el hemisferio norte?,se desplazan hacia el polo en los dos hemisferios.,en el hemisferio norte se desplazan hacia el polo y en el hemisferio sur se desplazan hacia el ecuador.,se desplazan hacia el ecuador en los dos hemisferios.,en el hemisferio norte se desplazan hacia el ecuador y en el hemisferio sur se desplazan hacia el polo.,B,official,https://www.aemet.es/documentos/es/empleo_y_becas/empleo_publico/oposiciones/grupo_a1/otras_convocatorias/ex_met_lib_2015.pdf,https://www.miteco.gob.es/content/dam/miteco/es/ministerio/empleo-publico/personal-funcionario/plantilla_ejercicio1_meteorologos_libre_tcm30-94710.pdf,text_extracted
2015,AEMET A1 Acceso Libre — Primer ejercicio,95,La hidrosfera y la criosfera son los dos grandes almacenes de agua dulce del planeta y se caracterizan por:,La hidrosfera está fuertemente estratificada y la criosfera tiene baja reflectividad de la radiación solar.,La hidrosfera tiene baja conductividad térmica y la criosfera baja reflectividad de la radiación solar.,La hidrosfera tiene gran calor específico y la criosfera baja conductividad térmica.,La hidrosfera tiene bajo calor específico y la criosfera alta conductividad térmica.,C,official,https://www.aemet.es/documentos/es/empleo_y_becas/empleo_publico/oposiciones/grupo_a1/otras_convocatorias/ex_met_lib_2015.pdf,https://www.miteco.gob.es/content/dam/miteco/es/ministerio/empleo-publico/personal-funcionario/plantilla_ejercicio1_meteorologos_libre_tcm30-94710.pdf,text_extracted
2015,AEMET A1 Acceso Libre — Primer ejercicio,96,Un grafo dirigido que tiene un nodo especial desde el cual se puede alcanzar a cualquier otro nodo atravesando un número finito de arcos de forma única es:,un grafo orientado a procesos.,un grafo representado.,una pila.,"un árbol. __________________________________________________________________________________________ 26 Tribunal Calificador de las Pruebas Selectivas para el acceso al Cuerpo Superior de Meteorólogos del Estado, por el sistema general de acceso libre (Orden AAA/1378/2015 de 26 de junio; BOE 164, de 10 de julio de 2015) ______________________________________________________________________ PRIMER EJERCICIO (las respuestas ha de marcarlas en la Hoja de Examen) ___________________________________________________________________________________________",D,official,https://www.aemet.es/documentos/es/empleo_y_becas/empleo_publico/oposiciones/grupo_a1/otras_convocatorias/ex_met_lib_2015.pdf,https://www.miteco.gob.es/content/dam/miteco/es/ministerio/empleo-publico/personal-funcionario/plantilla_ejercicio1_meteorologos_libre_tcm30-94710.pdf,text_extracted
2015,AEMET A1 Acceso Libre — Primer ejercicio,97,"Sea p1, y p2 las presiones correspondientes a dos superficies de presión, que delimitan un estrato. Sea R la constante de los gases para el aire seco, y g la media global de la gravedad, y T la temperatura media del estrato. ¿Cual de las siguientes expresiones determinan el espesor del estrato mencionado? RT æ p1 ö",Δz = ln ç ÷ g 0 çè p 2 ÷ø ln ( p1 - p 2 ) RT,Δz = g0 R æ p1 ö,Δz = ln ç ÷ g 0T çè p 2 ÷ø ln ( p1 - p 2 ) R,Δz = g 0T,A,official,https://www.aemet.es/documentos/es/empleo_y_becas/empleo_publico/oposiciones/grupo_a1/otras_convocatorias/ex_met_lib_2015.pdf,https://www.miteco.gob.es/content/dam/miteco/es/ministerio/empleo-publico/personal-funcionario/plantilla_ejercicio1_meteorologos_libre_tcm30-94710.pdf,text_extracted
2015,AEMET A1 Acceso Libre — Primer ejercicio,98,"Sea P, la cantidad de precipitación en un área y periodo de tiempo, y sea E la cantidad de evaporación en dicha área y periodo de tiempo. Entonces, la relación de escorrentía se define como:",(P-E)/P,(P-E)/E,(P-E)/(P+E),P/(P-E),A,official,https://www.aemet.es/documentos/es/empleo_y_becas/empleo_publico/oposiciones/grupo_a1/otras_convocatorias/ex_met_lib_2015.pdf,https://www.miteco.gob.es/content/dam/miteco/es/ministerio/empleo-publico/personal-funcionario/plantilla_ejercicio1_meteorologos_libre_tcm30-94710.pdf,text_extracted
2015,AEMET A1 Acceso Libre — Primer ejercicio,99,"En meteorología, se define el vector viento térmico, que está relacionado con el viento geostrófico. Se puede afirmar que:","a partir de los datos obtenidos a través de un sondeo del perfil vertical del viento, es posible obtener una estimación razonable de la advección horizontal de temperatura.",el viento térmico es paralelo al gradiente de temperatura.,el viento térmico es perpendicular a las isolíneas de espesor.,"el viento térmico en el hemisferio norte, deja el aire cálido a la izquierda de su sentido. __________________________________________________________________________________________ 27 Tribunal Calificador de las Pruebas Selectivas para el acceso al Cuerpo Superior de Meteorólogos del Estado, por el sistema general de acceso libre (Orden AAA/1378/2015 de 26 de junio; BOE 164, de 10 de julio de 2015) ______________________________________________________________________ PRIMER EJERCICIO (las respuestas ha de marcarlas en la Hoja de Examen) ___________________________________________________________________________________________",A,official,https://www.aemet.es/documentos/es/empleo_y_becas/empleo_publico/oposiciones/grupo_a1/otras_convocatorias/ex_met_lib_2015.pdf,https://www.miteco.gob.es/content/dam/miteco/es/ministerio/empleo-publico/personal-funcionario/plantilla_ejercicio1_meteorologos_libre_tcm30-94710.pdf,text_extracted
2015,AEMET A1 Acceso Libre — Primer ejercicio,100,Un flujo se considera incompresible si:,la densidad del fluido no permanece constante a lo largo de todo el flujo.,la densidad del fluido permanece aproximadamente constante a lo largo de todo el flujo.,consideramos que el fluido es un gas y las velocidades son altas.,"consideramos que el fluido es un gas, en cualquier caso.",B,official,https://www.aemet.es/documentos/es/empleo_y_becas/empleo_publico/oposiciones/grupo_a1/otras_convocatorias/ex_met_lib_2015.pdf,https://www.miteco.gob.es/content/dam/miteco/es/ministerio/empleo-publico/personal-funcionario/plantilla_ejercicio1_meteorologos_libre_tcm30-94710.pdf,text_extracted
2015,AEMET A1 Acceso Libre — Primer ejercicio,101,La teoría cuasigeostrófica describe los sistemas dinámicos de movimiento en la atmósfera a escala sinóptica mediante dos ecuaciones:,Una ecuación de pronóstico para el geopotencial y una ecuación de diagnóstico para el cálculo del movimiento vertical.,Una ecuación de pronóstico para la tendencia del geopotencial y una ecuación de diagnóstico para el cálculo del movimiento horizontal.,Una ecuación de diagnóstico para el geopotencial y una ecuación de pronóstico para el cálculo del movimiento horizontal.,Una ecuación de pronóstico para la tendencia del geopotencial y una ecuación de diagnóstico para el cálculo del movimiento vertical.,D,official,https://www.aemet.es/documentos/es/empleo_y_becas/empleo_publico/oposiciones/grupo_a1/otras_convocatorias/ex_met_lib_2015.pdf,https://www.miteco.gob.es/content/dam/miteco/es/ministerio/empleo-publico/personal-funcionario/plantilla_ejercicio1_meteorologos_libre_tcm30-94710.pdf,text_extracted
2015,AEMET A1 Acceso Libre — Primer ejercicio,102,"Dado un sistema de ecuaciones diferenciales lineales x’ = A·x + f(t), la solución general del sistema homogéneo viene dada por:",x =A·f tA,x = e,x = tA A·f,x = e,B,official,https://www.aemet.es/documentos/es/empleo_y_becas/empleo_publico/oposiciones/grupo_a1/otras_convocatorias/ex_met_lib_2015.pdf,https://www.miteco.gob.es/content/dam/miteco/es/ministerio/empleo-publico/personal-funcionario/plantilla_ejercicio1_meteorologos_libre_tcm30-94710.pdf,text_extracted
2015,AEMET A1 Acceso Libre — Primer ejercicio,103,Las variaciones de geopotencial asociadas a perturbaciones tropicales a escala sinóptica son:,del mismo orden de magnitud que en latitudes medias.,un orden de magnitud mayor que en latitudes medias.,un orden de magnitud menor que en latitudes medias.,"del mismo valor que en latitudes medias. __________________________________________________________________________________________ 28 Tribunal Calificador de las Pruebas Selectivas para el acceso al Cuerpo Superior de Meteorólogos del Estado, por el sistema general de acceso libre (Orden AAA/1378/2015 de 26 de junio; BOE 164, de 10 de julio de 2015) ______________________________________________________________________ PRIMER EJERCICIO (las respuestas ha de marcarlas en la Hoja de Examen) ___________________________________________________________________________________________",C,official,https://www.aemet.es/documentos/es/empleo_y_becas/empleo_publico/oposiciones/grupo_a1/otras_convocatorias/ex_met_lib_2015.pdf,https://www.miteco.gob.es/content/dam/miteco/es/ministerio/empleo-publico/personal-funcionario/plantilla_ejercicio1_meteorologos_libre_tcm30-94710.pdf,text_extracted
2015,AEMET A1 Acceso Libre — Primer ejercicio,104,Hállese el polinomio interpolador de Lagrange de grado 2 para la función f(x) = e(x+1) conociéndose los 3 siguientes datos f ( 0) = e; f ( 1 ) = e 2 ; f (1) = e 2 2,P2 ( x ) = 2æç e - 2e 2 + e ö÷ x - æç e - 4e 2 + 3e ö÷ x + e 3 3 2 2 2 è ø è ø,P2 ( x ) = 2æç e + 2e 2 + e ö÷ x + æç e - 4e 2 + 3e ö÷ x + e 3 3 2 2 2 è ø è ø,P2 ( x ) = 2æç e - 2e 2 - e ö÷ x + æç e - 4e 2 + 3e ö÷ x + e 3 3 2 2 2 è ø è ø,P2 ( x ) = 2æç e - 2e 2 + e ö÷ x - æç e - 4e 2 - 3e ö÷ x + e 3 3 2 2 2 è ø è ø,A,official,https://www.aemet.es/documentos/es/empleo_y_becas/empleo_publico/oposiciones/grupo_a1/otras_convocatorias/ex_met_lib_2015.pdf,https://www.miteco.gob.es/content/dam/miteco/es/ministerio/empleo-publico/personal-funcionario/plantilla_ejercicio1_meteorologos_libre_tcm30-94710.pdf,text_extracted
2015,AEMET A1 Acceso Libre — Primer ejercicio,105,Señale la opción correcta:,La verosimilitud no varía en los parámetros mientras que en la muestra no permanece constante.,La estimación de máxima verosimilitud no siempre es un valor del espacio paramétrico.,La estimación de máxima verosimilitud no se usa para estimar los coeficientes de modelos estadísticos.,La estimación de máxima verosimilitud siempre es un valor del espacio paramétrico.,D,official,https://www.aemet.es/documentos/es/empleo_y_becas/empleo_publico/oposiciones/grupo_a1/otras_convocatorias/ex_met_lib_2015.pdf,https://www.miteco.gob.es/content/dam/miteco/es/ministerio/empleo-publico/personal-funcionario/plantilla_ejercicio1_meteorologos_libre_tcm30-94710.pdf,text_extracted
2015,AEMET A1 Acceso Libre — Primer ejercicio,106,"En unidades c.g.s, el movimiento de un fluido viene descrito por el potencial complejo W(z) = z2+3z. La magnitud de la velocidad del fluido en el punto P: (0,2) del plano vale:",4 cm/s,5 cm/s,6 cm/s,7 cm/s,B,official,https://www.aemet.es/documentos/es/empleo_y_becas/empleo_publico/oposiciones/grupo_a1/otras_convocatorias/ex_met_lib_2015.pdf,https://www.miteco.gob.es/content/dam/miteco/es/ministerio/empleo-publico/personal-funcionario/plantilla_ejercicio1_meteorologos_libre_tcm30-94710.pdf,text_extracted
2015,AEMET A1 Acceso Libre — Primer ejercicio,107,Según el artículo 117 de la Constitución:,La justicia emana de las leyes.,La justicia emana del Gobierno.,La justicia emana de la Constitución.,"La justicia emana del pueblo. __________________________________________________________________________________________ 29 Tribunal Calificador de las Pruebas Selectivas para el acceso al Cuerpo Superior de Meteorólogos del Estado, por el sistema general de acceso libre (Orden AAA/1378/2015 de 26 de junio; BOE 164, de 10 de julio de 2015) ______________________________________________________________________ PRIMER EJERCICIO (las respuestas ha de marcarlas en la Hoja de Examen) ___________________________________________________________________________________________",D,official,https://www.aemet.es/documentos/es/empleo_y_becas/empleo_publico/oposiciones/grupo_a1/otras_convocatorias/ex_met_lib_2015.pdf,https://www.miteco.gob.es/content/dam/miteco/es/ministerio/empleo-publico/personal-funcionario/plantilla_ejercicio1_meteorologos_libre_tcm30-94710.pdf,text_extracted
2015,AEMET A1 Acceso Libre — Primer ejercicio,108,El dispersómetro (scatterometer) ASCAT montado en la serie de satélites MetOp de EUMETSAT opera en la banda-C de microondas (4-8GHz) ¿En qué condiciones se puede depositar más confianza en las medidas de viento cerca de la superficie que proceden de ese instrumento cuando estas aparecen etiquetadas como ‘contaminadas’ por precipitación?,Con velocidades del viento inferiores a 10 kn,Con velocidades del viento entre 10 kn y 20 kn,Con velocidades del viento entre 20 kn y 30 kn,Con velocidades del viento superiores a 30 kn,D,official,https://www.aemet.es/documentos/es/empleo_y_becas/empleo_publico/oposiciones/grupo_a1/otras_convocatorias/ex_met_lib_2015.pdf,https://www.miteco.gob.es/content/dam/miteco/es/ministerio/empleo-publico/personal-funcionario/plantilla_ejercicio1_meteorologos_libre_tcm30-94710.pdf,text_extracted
2015,AEMET A1 Acceso Libre — Primer ejercicio,109,"Según la teoría de Monin-Obukov, en los remolinos turbulentos:",el flujo de energía turbulenta hacia las escalas más grandes se disipa por difusión viscosa.,el flujo de energía turbulenta hacia las escalas más grandes se disipa por intercambio turbulento.,el flujo de energía turbulenta hacia las escalas más pequeñas se disipa por difusión viscosa.,el flujo de energía turbulenta es hacia escalas más pequeñas donde se disipa por difusión laminar.,C,official,https://www.aemet.es/documentos/es/empleo_y_becas/empleo_publico/oposiciones/grupo_a1/otras_convocatorias/ex_met_lib_2015.pdf,https://www.miteco.gob.es/content/dam/miteco/es/ministerio/empleo-publico/personal-funcionario/plantilla_ejercicio1_meteorologos_libre_tcm30-94710.pdf,text_extracted
2015,AEMET A1 Acceso Libre — Primer ejercicio,110,El ozono es un componente de forzamiento radiativo,positivo en la troposfera y negativo en la estratosfera.,"positivo, tanto en la troposfera como en la estratosfera.","negativo, tanto en la troposfera como en la estratosfera.",negativo en la troposfera y positivo en la estratosfera.,A,official,https://www.aemet.es/documentos/es/empleo_y_becas/empleo_publico/oposiciones/grupo_a1/otras_convocatorias/ex_met_lib_2015.pdf,https://www.miteco.gob.es/content/dam/miteco/es/ministerio/empleo-publico/personal-funcionario/plantilla_ejercicio1_meteorologos_libre_tcm30-94710.pdf,text_extracted
2015,AEMET A1 Acceso Libre — Primer ejercicio,111,"En una distribución bidimensional (X,Y), las variables estadísticas X e Y son independientes si:",todas las distribuciones condicionadas no son iguales.,la frecuencia relativa conjunta es igual al cociente de las frecuencias relativas marginales.,la frecuencia relativa conjunta es igual al producto de las frecuencias relativas marginales.,"la frecuencia relativa conjunta es igual a la suma de las frecuencias relativas marginales. __________________________________________________________________________________________ 30 Tribunal Calificador de las Pruebas Selectivas para el acceso al Cuerpo Superior de Meteorólogos del Estado, por el sistema general de acceso libre (Orden AAA/1378/2015 de 26 de junio; BOE 164, de 10 de julio de 2015) ______________________________________________________________________ PRIMER EJERCICIO (las respuestas ha de marcarlas en la Hoja de Examen) ___________________________________________________________________________________________",C,official,https://www.aemet.es/documentos/es/empleo_y_becas/empleo_publico/oposiciones/grupo_a1/otras_convocatorias/ex_met_lib_2015.pdf,https://www.miteco.gob.es/content/dam/miteco/es/ministerio/empleo-publico/personal-funcionario/plantilla_ejercicio1_meteorologos_libre_tcm30-94710.pdf,text_extracted
2015,AEMET A1 Acceso Libre — Primer ejercicio,112,"Sea y una función de t que satisface la ecuación diferencial y’ = (t y+y2)/t2 para t > 0 y que cumple la condición 2 y(1) = 1. Entonces la función y, en el punto t = e , vale:",2e2 + 1,2e2 2,e,-e2,D,official,https://www.aemet.es/documentos/es/empleo_y_becas/empleo_publico/oposiciones/grupo_a1/otras_convocatorias/ex_met_lib_2015.pdf,https://www.miteco.gob.es/content/dam/miteco/es/ministerio/empleo-publico/personal-funcionario/plantilla_ejercicio1_meteorologos_libre_tcm30-94710.pdf,text_extracted
2015,AEMET A1 Acceso Libre — Primer ejercicio,113,Señale la contestación que proceda:,La Transformada de Laplace no es una transformación lineal.,La Transformada de Laplace no es una integral impropia y por lo tanto puede tanto converger como divergir. b,La transformada de Laplace puede escribirse en forma de límite como: lim òe - px f (x )dx b® ¥ 0 b,La transformada de Laplace puede escribirse en forma de límite como: lim b® ¥ ò f (x )dx 0,C,official,https://www.aemet.es/documentos/es/empleo_y_becas/empleo_publico/oposiciones/grupo_a1/otras_convocatorias/ex_met_lib_2015.pdf,https://www.miteco.gob.es/content/dam/miteco/es/ministerio/empleo-publico/personal-funcionario/plantilla_ejercicio1_meteorologos_libre_tcm30-94710.pdf,text_extracted
2015,AEMET A1 Acceso Libre — Primer ejercicio,114,No serán indemnizables:,los daños que no se hubieran causado como consecuencia de fuerza mayor o caso fortuito.,los daños derivados de hechos que no se hubieran podido prever o evitar según el estado de conocimientos de la ciencia o la técnica en el momento de su producción.,los daños morales.,los daños cuya indemnización pueda sustituirse por una compensación en especie o ser abonada mediante pagos periódicos.,B,official,https://www.aemet.es/documentos/es/empleo_y_becas/empleo_publico/oposiciones/grupo_a1/otras_convocatorias/ex_met_lib_2015.pdf,https://www.miteco.gob.es/content/dam/miteco/es/ministerio/empleo-publico/personal-funcionario/plantilla_ejercicio1_meteorologos_libre_tcm30-94710.pdf,text_extracted
2015,AEMET A1 Acceso Libre — Primer ejercicio,115,Si la atmósfera presenta estratificación estable se cumple que:,la temperatura potencial crece monótonamente con la altura.,la temperatura potencial decrece monótonamente con la altura.,la temperatura potencial se mantiene constante con la altura.,"el gradiente de temperatura potencial decrece monótonamente con la altura. __________________________________________________________________________________________ 31 Tribunal Calificador de las Pruebas Selectivas para el acceso al Cuerpo Superior de Meteorólogos del Estado, por el sistema general de acceso libre (Orden AAA/1378/2015 de 26 de junio; BOE 164, de 10 de julio de 2015) ______________________________________________________________________ PRIMER EJERCICIO (las respuestas ha de marcarlas en la Hoja de Examen) ___________________________________________________________________________________________",A,official,https://www.aemet.es/documentos/es/empleo_y_becas/empleo_publico/oposiciones/grupo_a1/otras_convocatorias/ex_met_lib_2015.pdf,https://www.miteco.gob.es/content/dam/miteco/es/ministerio/empleo-publico/personal-funcionario/plantilla_ejercicio1_meteorologos_libre_tcm30-94710.pdf,text_extracted
2015,AEMET A1 Acceso Libre — Primer ejercicio,116,"Cuando en su evolución, el clima de la Tierra atraviesa en una fase glaciar sucede lo siguiente:","Los chorros polares desaparecen, se intensifica la frontogénesis en latitudes medias y aumenta el contraste térmico polo-ecuador.","Los chorros polares se aceleran, se intensifica la frontogénesis en latitudes medias y aumenta el contraste térmico polo-ecuador.","Los chorros polares se frenan, disminuye la frontogénesis en latitudes medias y el contraste térmico polo-ecuador.","Los chorros polares se frenan, se intensifica la frontogénesis en latitudes medias y aumenta el contraste térmico polo-ecuador.",B,official,https://www.aemet.es/documentos/es/empleo_y_becas/empleo_publico/oposiciones/grupo_a1/otras_convocatorias/ex_met_lib_2015.pdf,https://www.miteco.gob.es/content/dam/miteco/es/ministerio/empleo-publico/personal-funcionario/plantilla_ejercicio1_meteorologos_libre_tcm30-94710.pdf,text_extracted
2015,AEMET A1 Acceso Libre — Primer ejercicio,117,Indique cual es la opción correcta:,El flujo radiante representa una densidad de energía radiante.,La irradiancia representa una densidad de energía radiante.,La radiancia representa una densidad de potencia radiante.,La irradiación representa una densidad de energía radiante.,D,official,https://www.aemet.es/documentos/es/empleo_y_becas/empleo_publico/oposiciones/grupo_a1/otras_convocatorias/ex_met_lib_2015.pdf,https://www.miteco.gob.es/content/dam/miteco/es/ministerio/empleo-publico/personal-funcionario/plantilla_ejercicio1_meteorologos_libre_tcm30-94710.pdf,text_extracted
2015,AEMET A1 Acceso Libre — Primer ejercicio,118,"Según el artículo 66 de la Constitución, las Cortes Generales:","ejercen la potestad legislativa del Estado, aprueban su régimen interior, controlan la acción del poder judicial y tienen las demás competencias que les atribuya la Constitución.","ejercen la potestad legislativa del Estado, aprueban sus reglamentos, controlan la acción del poder judicial y tienen las demás competencias que les atribuya la Constitución.","ejercen la potestad legislativa del Estado, aprueban sus presupuestos, controlan la acción del Gobierno y tienen las demás competencias que les atribuya la Constitución.",son la cámara de representación territorial del pueblo español donde reside la soberanía nacional.,C,official,https://www.aemet.es/documentos/es/empleo_y_becas/empleo_publico/oposiciones/grupo_a1/otras_convocatorias/ex_met_lib_2015.pdf,https://www.miteco.gob.es/content/dam/miteco/es/ministerio/empleo-publico/personal-funcionario/plantilla_ejercicio1_meteorologos_libre_tcm30-94710.pdf,text_extracted
2015,AEMET A1 Acceso Libre — Primer ejercicio,119,"¿Dónde hierve el agua a mayor temperatura, en Madrid o en Barcelona?","En Madrid, porque está a mayor altitud y al disminuir la presión, aumenta la temperatura de ebullición.",La temperatura de ebullición no varía porque es una propiedad característica de la materia.,No depende del lugar en el que se encuentre la materia sino de la cantidad de calor que se transfiere.,"En Barcelona, porque está a menor altitud y al aumentar la presión, aumenta la temperatura de ebullición. __________________________________________________________________________________________ 32 Tribunal Calificador de las Pruebas Selectivas para el acceso al Cuerpo Superior de Meteorólogos del Estado, por el sistema general de acceso libre (Orden AAA/1378/2015 de 26 de junio; BOE 164, de 10 de julio de 2015) ______________________________________________________________________ PRIMER EJERCICIO (las respuestas ha de marcarlas en la Hoja de Examen) ___________________________________________________________________________________________",D,official,https://www.aemet.es/documentos/es/empleo_y_becas/empleo_publico/oposiciones/grupo_a1/otras_convocatorias/ex_met_lib_2015.pdf,https://www.miteco.gob.es/content/dam/miteco/es/ministerio/empleo-publico/personal-funcionario/plantilla_ejercicio1_meteorologos_libre_tcm30-94710.pdf,text_extracted
2015,AEMET A1 Acceso Libre — Primer ejercicio,120,Una de las mayores ventajas de los sensores a bordo de satélites en orbitas geoestacionarias con respecto a aquellos que se encuentran en satélites en órbitas polares heliosíncronas es:,la resolución espacial de las imágenes en longitudes de onda en el rango infrarrojo cercano y medio es mucho mejor.,la resolución temporal de las imágenes tomadas permite la vigilancia de tormentas convectivas.,la posibilidad de utilizar sensores de microondas que permiten estimaciones de la precipitación más precisas que los sensores infrarrojos.,toman imágenes siempre con las mismas condiciones de iluminación independientemente de la hora del día.,B,official,https://www.aemet.es/documentos/es/empleo_y_becas/empleo_publico/oposiciones/grupo_a1/otras_convocatorias/ex_met_lib_2015.pdf,https://www.miteco.gob.es/content/dam/miteco/es/ministerio/empleo-publico/personal-funcionario/plantilla_ejercicio1_meteorologos_libre_tcm30-94710.pdf,text_extracted
2016,AEMET A1 Acceso Libre — Primer ejercicio,1,Sefiale cual de las siguientes identidades no es correcta; siendo ay b vectores y mun escalar,V-(@xb)=b-(Vxa)—a-(Vxb),Vx(a@xb)=-Vx(b xd) |,V(G-b) =(GV)b +(bV)G+4-Vxb +b-Vxa |,Vx (ga) =9Vxa+Voxa,C,official,https://www.miteco.gob.es/content/dam/miteco/es/ministerio/empleo-publico/personal-funcionario/cuestionario_tcm30-96165.pdf,https://www.miteco.gob.es/content/dam/miteco/es/ministerio/empleo-publico/personal-funcionario/resolucion__correccionplantilladefc_sup_meteorologos_libre_sf-fp_tcm30-96168.pdf,ocr_needs_visual_review
2016,AEMET A1 Acceso Libre — Primer ejercicio,2,Indique la afirmacion correcta. Si # = 7 /|r| es el vector unitario radial en el espacio: |,la divergencia de 7 vale 0 en todo el espacio. |,elrotacional de # vale 0 en todo el espacio.,ladivergencia de n vale 2r en todo el espacio.,la divergencia de n vale 2/r en todo el espacio salvo el origen.,D,official,https://www.miteco.gob.es/content/dam/miteco/es/ministerio/empleo-publico/personal-funcionario/cuestionario_tcm30-96165.pdf,https://www.miteco.gob.es/content/dam/miteco/es/ministerio/empleo-publico/personal-funcionario/resolucion__correccionplantilladefc_sup_meteorologos_libre_sf-fp_tcm30-96168.pdf,ocr_needs_visual_review
2016,AEMET A1 Acceso Libre — Primer ejercicio,3,"| En coordenadas esféricas (r,0,¢), el rotacional del campo vectorial dado por las | componentes (0,0, sen@) vale:","(2cos 6,-2sen6,0) ———— ) | DILIGENCIA: La presente documentacion se ent",= Ne nena eS ae,"(r cos@,0,0)","(0,0, cos ¢) | ee ee ee | | = Tribunal Calificador de las Pruebas Selectivas para el acceso al 5 * Cuerpo Superior de Meteordlogos del Estado, por el sistema general de acceso libre 2 itt |= (Orden AAA/902/2016, de 7 de junio; BOE 139, de 9 de junio) PRIMER EJERCICIO (las respuestas ha de marcarlas en la Hoja de Examen)",A,official,https://www.miteco.gob.es/content/dam/miteco/es/ministerio/empleo-publico/personal-funcionario/cuestionario_tcm30-96165.pdf,https://www.miteco.gob.es/content/dam/miteco/es/ministerio/empleo-publico/personal-funcionario/resolucion__correccionplantilladefc_sup_meteorologos_libre_sf-fp_tcm30-96168.pdf,ocr_needs_visual_review
2016,AEMET A1 Acceso Libre — Primer ejercicio,4,": ; u, =0 Sea el campo vectorial plano que en coordenadas polares viene dado por: u, =tir La circulacién en el circuito cerrado que se representa en la imagen de la derecha vale:",0,nQA2 >,22 A? cd,32Q A? 2A,D,official,https://www.miteco.gob.es/content/dam/miteco/es/ministerio/empleo-publico/personal-funcionario/cuestionario_tcm30-96165.pdf,https://www.miteco.gob.es/content/dam/miteco/es/ministerio/empleo-publico/personal-funcionario/resolucion__correccionplantilladefc_sup_meteorologos_libre_sf-fp_tcm30-96168.pdf,ocr_needs_visual_review
2016,AEMET A1 Acceso Libre — Primer ejercicio,5,"Dado el campo vectorial en coordenadas esféricas (r, 8, ¢), v (r, 8, b) =cos*h F4+2 6 senOé +r sen2o ¢ , siendo (7,6, d) la terna de vectores unitarios en las coordenadas esféricas, la circulacidn de » alrededor del paralelo 60° de la esfera centrada en el origen de radio 2, vale: A) 2 B) tt Cc) 27 D) 1?",,,,,C,official,https://www.miteco.gob.es/content/dam/miteco/es/ministerio/empleo-publico/personal-funcionario/cuestionario_tcm30-96165.pdf,https://www.miteco.gob.es/content/dam/miteco/es/ministerio/empleo-publico/personal-funcionario/resolucion__correccionplantilladefc_sup_meteorologos_libre_sf-fp_tcm30-96168.pdf,ocr_needs_visual_review
2016,AEMET A1 Acceso Libre — Primer ejercicio,6,": El campo de velocidades w,=Ax+3y u,=Ax—By u,=5 representa un campo conservativo si:",A=3,A=B-5,A=B,"A=-3 Oe er EE EEE —— es _— Tribunal Calificador de las Pruebas Selectivas para el acceso al & * =e"" Cuerpo Superior de Meteordlogos del Estado, por el sistema general de acceso libre a | i (Orden AAA/902/2016, de 7 de junio; BOE 139, de 9 de junio) PRIMER EJERCICIO (las respuestas ha de marcarlas en la Hoja de Examen)",A,official,https://www.miteco.gob.es/content/dam/miteco/es/ministerio/empleo-publico/personal-funcionario/cuestionario_tcm30-96165.pdf,https://www.miteco.gob.es/content/dam/miteco/es/ministerio/empleo-publico/personal-funcionario/resolucion__correccionplantilladefc_sup_meteorologos_libre_sf-fp_tcm30-96168.pdf,ocr_needs_visual_review
2016,AEMET A1 Acceso Libre — Primer ejercicio,7,La circulacidn de la velocidad correspondiente al flujo de potencial complejo Q(z) = e!™ In (z—-i) alrededor de la circunferencia de radio unidad centrada en z =i vale:,-2,-2 1,20,0,D,official,https://www.miteco.gob.es/content/dam/miteco/es/ministerio/empleo-publico/personal-funcionario/cuestionario_tcm30-96165.pdf,https://www.miteco.gob.es/content/dam/miteco/es/ministerio/empleo-publico/personal-funcionario/resolucion__correccionplantilladefc_sup_meteorologos_libre_sf-fp_tcm30-96168.pdf,ocr_needs_visual_review
2016,AEMET A1 Acceso Libre — Primer ejercicio,8,La ecuacion diferencial y''—-4y'+5y = 0. Tiene por primitiva:,"y=e** (C\senx +C, cosx)","y= Csenx + C, cos x","y=e* (C,sen2x+C, cos2x)","y=Ce* +C,e*",A,official,https://www.miteco.gob.es/content/dam/miteco/es/ministerio/empleo-publico/personal-funcionario/cuestionario_tcm30-96165.pdf,https://www.miteco.gob.es/content/dam/miteco/es/ministerio/empleo-publico/personal-funcionario/resolucion__correccionplantilladefc_sup_meteorologos_libre_sf-fp_tcm30-96168.pdf,ocr_needs_visual_review
2016,AEMET A1 Acceso Libre — Primer ejercicio,9,"Sean dos sucesos A y B. Si la probabilidad de A es P(A)=0.7 y la probabilidad de B es P(B)=0.6, entonces se cumple, necesariamente, que:",P(AUB)>0.7,P(A—B)<0.4,P(ANB)<0.5,"p(B| A)=6/7 3 _—— Tribunal Calificador de las Pruebas Selectivas para el acceso al pass Cuerpo Superior de Meteordlogos del Estado, por el sistema general de acceso libre = ic (Orden AAA/902/2016, de 7 de junio; BOE 139, de 9 de junio) eee PRIMER EJERCICIO (las respuestas ha de marcarlas en la Hoja de Examen) ee EEE",B,official,https://www.miteco.gob.es/content/dam/miteco/es/ministerio/empleo-publico/personal-funcionario/cuestionario_tcm30-96165.pdf,https://www.miteco.gob.es/content/dam/miteco/es/ministerio/empleo-publico/personal-funcionario/resolucion__correccionplantilladefc_sup_meteorologos_libre_sf-fp_tcm30-96168.pdf,ocr_needs_visual_review
2016,AEMET A1 Acceso Libre — Primer ejercicio,10,"Dada una variable aleatoria X de distribucién Poisson de parametro 1, la probabilidad P(X>0) vale:",1,0.85,0.63,0.28,C,official,https://www.miteco.gob.es/content/dam/miteco/es/ministerio/empleo-publico/personal-funcionario/cuestionario_tcm30-96165.pdf,https://www.miteco.gob.es/content/dam/miteco/es/ministerio/empleo-publico/personal-funcionario/resolucion__correccionplantilladefc_sup_meteorologos_libre_sf-fp_tcm30-96168.pdf,ocr_needs_visual_review
2016,AEMET A1 Acceso Libre — Primer ejercicio,12,Sefiale la afirmacidn correcta: |,"La distribucién exponencial “carece de memoria”, es decir, P(X<x+t| X>x)= P(X > t)","La distribucién exponencial “carece de memoria”, es decir, P(X >x+t | X>x) = P(X >t)","La distribucién exponencial “carece de memoria”, es decir, P(X>x+t | X>x) = P(X <t)","La distribucién exponencial “carece de memoria”, es decir, P(X>x+t | X>x)# P(X >t) ———— eee eee | _ Tribunal Calificador de las Pruebas Selectivas para el acceso al = rae b| Cuerpo Superior de Meteordélogos del Estado, por el sistema general de acceso libre = e (Orden AAA/902/2016, de 7 de junio; BOE 139, de 9 de junio) PRIMER EJERCICIO (las respuestas ha de marcarlas en la Hoja de Examen) en SSS SS",B,official,https://www.miteco.gob.es/content/dam/miteco/es/ministerio/empleo-publico/personal-funcionario/cuestionario_tcm30-96165.pdf,https://www.miteco.gob.es/content/dam/miteco/es/ministerio/empleo-publico/personal-funcionario/resolucion__correccionplantilladefc_sup_meteorologos_libre_sf-fp_tcm30-96168.pdf,ocr_needs_visual_review
2016,AEMET A1 Acceso Libre — Primer ejercicio,14,"Suponga que realiza 1000 aplicaciones de un test estadistico cumpliéndose en todas la hipétesis nula, trabajando al nivel de significacidn 0.05. Entonces, se puede afirmar que:",la hipotesis nula sera falsa en aproximadamente 50 casos.,la hipdtesis alternativa sera falsa en aproximadamente 50 casos.,el test sera significativo en aproximadamente 50 casos.,el test no sera aplicable en aproximadamente 50 casos.,C,official,https://www.miteco.gob.es/content/dam/miteco/es/ministerio/empleo-publico/personal-funcionario/cuestionario_tcm30-96165.pdf,https://www.miteco.gob.es/content/dam/miteco/es/ministerio/empleo-publico/personal-funcionario/resolucion__correccionplantilladefc_sup_meteorologos_libre_sf-fp_tcm30-96168.pdf,ocr_needs_visual_review
2016,AEMET A1 Acceso Libre — Primer ejercicio,15,"Dada una muestra x1, x2, ., Xn, el estadistico D que minimiza la suma de i cuadrados Liles, — DY es! i=l",la media,la mediana,la moda,"la varianza ee Se ee ee —— Tribunal Calificador de las Pruebas Selectivas para el acceso al al ic a Cuerpo Superior de Meteordlogos del Estado, por el sistema general de acceso libre =| ay (Orden AAA/902/2016, de 7 de junio; BOE 139, de 9 de junio) ee ee ee PRIMER EJERCICIO (las respuestas ha de marcarlas en la Hoja de Examen) eee eee ee eee",A,official,https://www.miteco.gob.es/content/dam/miteco/es/ministerio/empleo-publico/personal-funcionario/cuestionario_tcm30-96165.pdf,https://www.miteco.gob.es/content/dam/miteco/es/ministerio/empleo-publico/personal-funcionario/resolucion__correccionplantilladefc_sup_meteorologos_libre_sf-fp_tcm30-96168.pdf,ocr_needs_visual_review
2016,AEMET A1 Acceso Libre — Primer ejercicio,16,"Dadas dos variables aleatorias X e Y independientes, ambas con distribucién uniforme en [0, 1], la probabilidad P(X+ Y = 1.5) vale: | A) 0.225 | : B) 0.0625 | C) 0.125 D) 0.5 !",,,,,C,official,https://www.miteco.gob.es/content/dam/miteco/es/ministerio/empleo-publico/personal-funcionario/cuestionario_tcm30-96165.pdf,https://www.miteco.gob.es/content/dam/miteco/es/ministerio/empleo-publico/personal-funcionario/resolucion__correccionplantilladefc_sup_meteorologos_libre_sf-fp_tcm30-96168.pdf,ocr_needs_visual_review
2016,AEMET A1 Acceso Libre — Primer ejercicio,17,Sefale la afirmacién correcta. En el andlisis de componentes principales: |,los nuevos factores seran una combinacion lineal de variables originales y seran independientes entre si. |,los nuevos factores seran una combinacién lineal de variables originales y no seran independientes entre si.,se estudia las relaciones que se presentan entre variables no correlacionadas.,la interpretacién de los factores viene dada a priori.,A,official,https://www.miteco.gob.es/content/dam/miteco/es/ministerio/empleo-publico/personal-funcionario/cuestionario_tcm30-96165.pdf,https://www.miteco.gob.es/content/dam/miteco/es/ministerio/empleo-publico/personal-funcionario/resolucion__correccionplantilladefc_sup_meteorologos_libre_sf-fp_tcm30-96168.pdf,ocr_needs_visual_review
2016,AEMET A1 Acceso Libre — Primer ejercicio,18,"= | ee A oe = [- a,a] ; Sea lafunciédn f(x) = ; . La transformada de Fourier de f es: 0, ws x¢ [-a,a] » sen(@a) Ay a a , 2sen(@d) B) f(@)=——. rn) C) f(@)=2sen(aa) | , sen(a) | DD) fg)j=——— @ 6 SS ee SE ee | ; = Tribunal Calificador de las Pruebas Selectivas para el acceso al ‘5 is Cuerpo Superior de Meteorélogos del Estado, por el sistema general de acceso libre = * (Orden AAA/902/2016, de 7 de junio; BOE 139, de 9 de junio) PRIMER EJERCICIO (las respuestas ha de marcarlas en la Hoja de Examen)",,,,,B,official,https://www.miteco.gob.es/content/dam/miteco/es/ministerio/empleo-publico/personal-funcionario/cuestionario_tcm30-96165.pdf,https://www.miteco.gob.es/content/dam/miteco/es/ministerio/empleo-publico/personal-funcionario/resolucion__correccionplantilladefc_sup_meteorologos_libre_sf-fp_tcm30-96168.pdf,ocr_needs_visual_review
2016,AEMET A1 Acceso Libre — Primer ejercicio,19,"Hallese el polinomio interpolador de Lagrange de grado 2 para la funcién f(x) =—en los a nodosx, =1;x, =2;x, =3. 11 x? A} Pajs——4e4— 6 6 li x Bb) FSS 6 66 x? Q) P= 2S 6 11 er D) P(x)=—-—x+— 6 6",,,,,D,official,https://www.miteco.gob.es/content/dam/miteco/es/ministerio/empleo-publico/personal-funcionario/cuestionario_tcm30-96165.pdf,https://www.miteco.gob.es/content/dam/miteco/es/ministerio/empleo-publico/personal-funcionario/resolucion__correccionplantilladefc_sup_meteorologos_libre_sf-fp_tcm30-96168.pdf,ocr_needs_visual_review
2016,AEMET A1 Acceso Libre — Primer ejercicio,20,"Indique la afirmacién correcta. Dada la serie temporal X;, t= 1, 2, .., que satisface X,=a-X,,+Z,, donde Zes un ruido blanco gaussiano, y @ una constante.","Cuanto mayor es @, mayor es el coeficiente de autocorrelacién con retardo 1.",X; es un proceso de medias moviles de primer orden.,a debe ser estrictamente positivo para que X; sea estacionaria.,Z no tiene funcidn de autocorrelaci6n.,A,official,https://www.miteco.gob.es/content/dam/miteco/es/ministerio/empleo-publico/personal-funcionario/cuestionario_tcm30-96165.pdf,https://www.miteco.gob.es/content/dam/miteco/es/ministerio/empleo-publico/personal-funcionario/resolucion__correccionplantilladefc_sup_meteorologos_libre_sf-fp_tcm30-96168.pdf,ocr_needs_visual_review
2016,AEMET A1 Acceso Libre — Primer ejercicio,21,"Para un proceso espacial estacionario, siendo R(h) la funcién de covarianza con h la distancia, y y(h) el semivariograma, sefiale la relacidn correcta:",y(0) = -1,y(h) = R(h) -1,y(h) = R(O) — R(h),"y(h) = -R(h) — 2 R(O) (ee = Tribunal Calificador de las Pruebas Selectivas para el acceso al bal | Ke Cuerpo Superior de Meteordlogos del Estado, por el sistema general de acceso libre -| i. (Orden AAA/902/2016, de 7 de junio; BOE 139, de 9 de junio) ———— eee Eee PRIMER EJERCICIO (las respuestas ha de marcarlas en la Hoja de Examen) a eS",C,official,https://www.miteco.gob.es/content/dam/miteco/es/ministerio/empleo-publico/personal-funcionario/cuestionario_tcm30-96165.pdf,https://www.miteco.gob.es/content/dam/miteco/es/ministerio/empleo-publico/personal-funcionario/resolucion__correccionplantilladefc_sup_meteorologos_libre_sf-fp_tcm30-96168.pdf,ocr_needs_visual_review
2016,AEMET A1 Acceso Libre — Primer ejercicio,22,"En un punto de la Tierra de 60° de latitud norte, un mévil se dirige hacia el sur con una velocidad 400 ms™. Si wes la velocidad angular de la Tierra, el mdvil sufriraé una aceleracién de Coriolis de aproximadamente:",720w ms* hacia el este. ;,720w ms* hacia el oeste.,360w ms* hacia el este.,360w ms* hacia el oeste. |,B,official,https://www.miteco.gob.es/content/dam/miteco/es/ministerio/empleo-publico/personal-funcionario/cuestionario_tcm30-96165.pdf,https://www.miteco.gob.es/content/dam/miteco/es/ministerio/empleo-publico/personal-funcionario/resolucion__correccionplantilladefc_sup_meteorologos_libre_sf-fp_tcm30-96168.pdf,ocr_needs_visual_review
2016,AEMET A1 Acceso Libre — Primer ejercicio,23,"Una esfera, un cilindro y un anillo homogéneos y de igual radio y masa, ruedan simultaneamente y partiendo del reposo desde una altura ha lo largo de un plano inclinado ; sin rozamiento ni deslizamiento. La base del plano inclinado es alcanzada:","ala vez por la esfera, el cilindro y el anillo.",por el cilindro en primer lugar.,por el anillo en primer lugar. |,por la esfera en primer lugar.,D,official,https://www.miteco.gob.es/content/dam/miteco/es/ministerio/empleo-publico/personal-funcionario/cuestionario_tcm30-96165.pdf,https://www.miteco.gob.es/content/dam/miteco/es/ministerio/empleo-publico/personal-funcionario/resolucion__correccionplantilladefc_sup_meteorologos_libre_sf-fp_tcm30-96168.pdf,ocr_needs_visual_review
2016,AEMET A1 Acceso Libre — Primer ejercicio,24,El trabajo de escape desde una Orbita de radio R es:,2 veces la energia potencial en dicha drbita.,-2 veces la energia potencial en dicha 6rbita. |,— 1/2 de la energia potencial en dicha orbita.,"1/2 de la energia potencial en dicha orbita. 8 SS ee eee “<r Tribunal Calificador de las Pruebas Selectivas para el acceso al ""Fr = Cuerpo Superior de Meteordlogos del Estado, por el sistema general de acceso libre 4 "" 1 e (Orden AAA/902/2016, de 7 de junio; BOE 139, de 9 de junio) PRIMER EJERCICIO (las respuestas ha de marcarlas en la Hoja de Examen) rn SS See",C,official,https://www.miteco.gob.es/content/dam/miteco/es/ministerio/empleo-publico/personal-funcionario/cuestionario_tcm30-96165.pdf,https://www.miteco.gob.es/content/dam/miteco/es/ministerio/empleo-publico/personal-funcionario/resolucion__correccionplantilladefc_sup_meteorologos_libre_sf-fp_tcm30-96168.pdf,ocr_needs_visual_review
2016,AEMET A1 Acceso Libre — Primer ejercicio,27,"El tensor velocidad de deformacidn correspondiente al movimiento descrito por la expresion »x, =e"" X,6, +e""X,5,, +e""X,5,, con ie {l,2,3} y donde X. son las coordenadas materiales, viene dado por: 0 ev e"" I alt br A) d=-le 0 e 2 et At e @ 0 0 e” — e > I B) d=—| e” 0 =g* | 2 =e se 0 | a 0 0 dsl &@ v 0 0 ¢ 0 em —e"" ] at bt D) d=—| e 0 -e 2 — ef _ e”! 0",,,,,C,official,https://www.miteco.gob.es/content/dam/miteco/es/ministerio/empleo-publico/personal-funcionario/cuestionario_tcm30-96165.pdf,https://www.miteco.gob.es/content/dam/miteco/es/ministerio/empleo-publico/personal-funcionario/resolucion__correccionplantilladefc_sup_meteorologos_libre_sf-fp_tcm30-96168.pdf,ocr_needs_visual_review
2016,AEMET A1 Acceso Libre — Primer ejercicio,28,Sefale la afirmacion correcta con relaci6n al teorema de circulacién de Kelvin:,Es aplicable a fluidos en que la densidad depende de Ty p.,Es aplicable a fluidos viscosos.,Se refiere a la circulacién alrededor de una linea cerrada de particulas del fluido siguiendo el movimiento de las particulas.,"Se refiere a la circulacidn alrededor de una linea de corriente cerrada del fluido. | 10 ee ey ae Tribunal Calificador de las Pruebas Selectivas para el acceso al bia = Cuerpo Superior de Meteordlogos del Estado, por el sistema general de acceso libre |. es (Orden AAA/902/2016, de 7 de junio; BOE 139, de 9 de junio) ga: U0 i PRIMER EJERCICIO (las respuestas ha de marcarlas en la Hoja de Examen)",C,official,https://www.miteco.gob.es/content/dam/miteco/es/ministerio/empleo-publico/personal-funcionario/cuestionario_tcm30-96165.pdf,https://www.miteco.gob.es/content/dam/miteco/es/ministerio/empleo-publico/personal-funcionario/resolucion__correccionplantilladefc_sup_meteorologos_libre_sf-fp_tcm30-96168.pdf,ocr_needs_visual_review
2016,AEMET A1 Acceso Libre — Primer ejercicio,29,La funcién de corriente de un flujo plano incompresible y potencial viene dada por ‘¥ = Cxp. El potencial de velocidades asociado es (salvo una constante):,C(x—y)/2,Cx’y,CQ’ -y')/2,Cy’x,C,official,https://www.miteco.gob.es/content/dam/miteco/es/ministerio/empleo-publico/personal-funcionario/cuestionario_tcm30-96165.pdf,https://www.miteco.gob.es/content/dam/miteco/es/ministerio/empleo-publico/personal-funcionario/resolucion__correccionplantilladefc_sup_meteorologos_libre_sf-fp_tcm30-96168.pdf,ocr_needs_visual_review
2016,AEMET A1 Acceso Libre — Primer ejercicio,30,Sefiale la afirmacidn correcta. Si Cp es el coeficiente de arrastre del aire sobre una esfera que cae en la atmésfera:,Para caida en régimen laminar Cp es inversamente proporcional al numero de Reynolds.,Para caida en régimen laminar Cp es constante.,Para caida en régimen turbulento Cp crece con el cuadrado de la velocidad.,Para caida en régimen turbulento Cp crece con el radio de la esfera.,A,official,https://www.miteco.gob.es/content/dam/miteco/es/ministerio/empleo-publico/personal-funcionario/cuestionario_tcm30-96165.pdf,https://www.miteco.gob.es/content/dam/miteco/es/ministerio/empleo-publico/personal-funcionario/resolucion__correccionplantilladefc_sup_meteorologos_libre_sf-fp_tcm30-96168.pdf,ocr_needs_visual_review
2016,AEMET A1 Acceso Libre — Primer ejercicio,31,"Sefiale la afirmacién correcta. Dado el campo de velocidades ¥(/) =20i +3/7/, salvo constantes:",las lineas de corriente son y= a ; Las lineas de trayectoriason y=x 3 : é 5 . ; 3l,las lineas de corriente son y = x? ; Laslineas de trayectoria son y= a ES,las lineas de corriente y de trayectoria coinciden y son y = x’? a,"las Ifneas de corriente y de trayectoria coinciden y son y= x * 1] — Tribunal Calificador de las Pruebas Selectivas para el acceso al 7 7 Be Cuerpo Superior de Meteordélogos del Estado, por el sistema general de acceso libre =| = (Orden AAA/902/2016, de 7 de junio; BOE 139, de 9 de junio) : eee PRIMER EJERCICIO (las respuestas ha de marcarlas en la Hoja de Examen) ee eee",A,official,https://www.miteco.gob.es/content/dam/miteco/es/ministerio/empleo-publico/personal-funcionario/cuestionario_tcm30-96165.pdf,https://www.miteco.gob.es/content/dam/miteco/es/ministerio/empleo-publico/personal-funcionario/resolucion__correccionplantilladefc_sup_meteorologos_libre_sf-fp_tcm30-96168.pdf,ocr_needs_visual_review
2016,AEMET A1 Acceso Libre — Primer ejercicio,32,Sefiale la afirmacion correcta. En la interfaz entre dos medios no conductores:,la reflectancia nunca toma valor cero.,la reflectancia y la transmitancia suman 1 para cualquiera que sea la direccién de polarizacién de la onda incidente.,la reflectancia y la transmitancia suman 1 solo para ondas con polarizacién de la onda incidente paralela al plano de incidencia.,la reflectancia y la transmitancia suman 1 solo para ondas con polarizacién de la onda incidente perpendicular al plano de incidencia.,A,official,https://www.miteco.gob.es/content/dam/miteco/es/ministerio/empleo-publico/personal-funcionario/cuestionario_tcm30-96165.pdf,https://www.miteco.gob.es/content/dam/miteco/es/ministerio/empleo-publico/personal-funcionario/resolucion__correccionplantilladefc_sup_meteorologos_libre_sf-fp_tcm30-96168.pdf,ocr_needs_visual_review
2016,AEMET A1 Acceso Libre — Primer ejercicio,33,Sefiale la afirmacidn correcta:,"Normalmente, no se observan fenémenos de difraccidn con la luz porque es necesario que la dimension del obstaculo sea del mismo orden de magnitud que la longitud de onda de la radiacion incidente.",Las ondas sonoras no presentan fendmenos de difraccién porque son caracteristicos de ondas transversales.,Tanto las ondas luminosas y como las ondas sonoras pueden ser polarizadas.,La difraccién se produce cuando las ondas bordean obstaculos pero no al atravesar orificios o rendijas.,A,official,https://www.miteco.gob.es/content/dam/miteco/es/ministerio/empleo-publico/personal-funcionario/cuestionario_tcm30-96165.pdf,https://www.miteco.gob.es/content/dam/miteco/es/ministerio/empleo-publico/personal-funcionario/resolucion__correccionplantilladefc_sup_meteorologos_libre_sf-fp_tcm30-96168.pdf,ocr_needs_visual_review
2016,AEMET A1 Acceso Libre — Primer ejercicio,34,"El proceso politrépico obedece a la relacidn pv"" = C, donde p es la presion, v es un volumen especifico, n es el indice politrépico, que puede ser cualquier numero real y C es una constante. Indique cual de las afirmaciones referidas a procesos politrdpicos es cierta:","Cuando »=0, describe un proceso isotérmico.","Cuando » =o, describe un proceso isentrdpico,","Cuando »=1, describe un proceso isobarico.","Cuando m = 0, describe un proceso isocérico. 12 ee ee r N Tribunal Calificador de las Pruebas Selectivas para el acceso al Rell. if tel Cuerpo Superior de Meteordlogos del Estado, por el sistema general de acceso libre . a (Orden AAA/902/2016, de 7 de junio; BOE 139, de 9 de junio) PRIMER EJERCICIO (las respuestas ha de marcarlas en la Hoja de Examen) i ____ Ee",D,official,https://www.miteco.gob.es/content/dam/miteco/es/ministerio/empleo-publico/personal-funcionario/cuestionario_tcm30-96165.pdf,https://www.miteco.gob.es/content/dam/miteco/es/ministerio/empleo-publico/personal-funcionario/resolucion__correccionplantilladefc_sup_meteorologos_libre_sf-fp_tcm30-96168.pdf,ocr_needs_visual_review
2016,AEMET A1 Acceso Libre — Primer ejercicio,35,"Sefiale la afirmacién correcta, Seguin el segundo principio de la termodinamica:",en un sistema aislado los procesos que pueden ocurrir con mayor probabilidad son solo aquellos en los cuales la entropia aumenta.,en un sistema aislado los procesos que pueden ocurrir con mayor probabilidad son aquellos en los cuales la entropia aumenta 0 permanece constante.,en un sistema aislado los procesos que pueden ocurrir con mayor probabilidad son solo aquellos en los cuales la entropia permanece constante.,en un sistema aislado los procesos que pueden ocurrir con mayor probabilidad son s6lo aquellos en los cuales la entropfa disminuye o permanece constante. *,B,official,https://www.miteco.gob.es/content/dam/miteco/es/ministerio/empleo-publico/personal-funcionario/cuestionario_tcm30-96165.pdf,https://www.miteco.gob.es/content/dam/miteco/es/ministerio/empleo-publico/personal-funcionario/resolucion__correccionplantilladefc_sup_meteorologos_libre_sf-fp_tcm30-96168.pdf,ocr_needs_visual_review
2016,AEMET A1 Acceso Libre — Primer ejercicio,36,"Dos cuerpos, que forman un sistema aislado e inicialmente estan a distinta temperatura (T1>T2) se ponen en contacto hasta alcanzar el equilibrio térmico. é¢Qué les ha ocurrido a la energia interna y la entropia de ambos?","AU,= AU2<0 y ASi<0, AS2>0, | AS2| >| AS: |","AUs= -AU2<0 y AS1<0, AS2>0, | AS2|=| AS: |","AUi= -AU2<0 y AS1<0, AS2>0, | AS2|>| AS:|","AUs= -AU2<0 y ASi<0, AS2>0, | AS2|<| AS: |",C,official,https://www.miteco.gob.es/content/dam/miteco/es/ministerio/empleo-publico/personal-funcionario/cuestionario_tcm30-96165.pdf,https://www.miteco.gob.es/content/dam/miteco/es/ministerio/empleo-publico/personal-funcionario/resolucion__correccionplantilladefc_sup_meteorologos_libre_sf-fp_tcm30-96168.pdf,ocr_needs_visual_review
2016,AEMET A1 Acceso Libre — Primer ejercicio,37,"Supuestas sustancias cuya presién en el punto triple es menor que la atmosférica, équé relacién hay entre la temperatura de fusidn normal (a 1 atm) y la temperatura correspondiente al punto triple, en general?",No hay ninguna relacién general porque depende de cada sustancia.,La temperatura de fusidn es menor que la temperatura del punto triple.,La temperatura de fusién es mayor que la temperatura del punto triple.,"Es la misma siempre. 13. 7 Tribunal Calificador de las Pruebas Selectivas para el acceso al bf mE ml Cuerpo Superior de Meteordlogos del Estado, por el sistema general de acceso libre pam. (Orden AAA/902/2016, de 7 de junio; BOE 139, de 9 de junio) PRIMER EJERCICIO (las respuestas ha de marcarlas en la Hoja de Examen) See eee eee ee",C,official,https://www.miteco.gob.es/content/dam/miteco/es/ministerio/empleo-publico/personal-funcionario/cuestionario_tcm30-96165.pdf,https://www.miteco.gob.es/content/dam/miteco/es/ministerio/empleo-publico/personal-funcionario/resolucion__correccionplantilladefc_sup_meteorologos_libre_sf-fp_tcm30-96168.pdf,ocr_needs_visual_review
2016,AEMET A1 Acceso Libre — Primer ejercicio,38,éQué es la temperatura critica?,La temperatura por encima de la cual un gas no puede ser licuado al comprimirlo.,"La temperatura a la que coexisten las fases liquido, gas y sdlido.",La temperatura correspondiente al maximo volumen ocupado por un gas a presién atmosférica.,La temperatura correspondiente a la presidn de vapor del gas.,A,official,https://www.miteco.gob.es/content/dam/miteco/es/ministerio/empleo-publico/personal-funcionario/cuestionario_tcm30-96165.pdf,https://www.miteco.gob.es/content/dam/miteco/es/ministerio/empleo-publico/personal-funcionario/resolucion__correccionplantilladefc_sup_meteorologos_libre_sf-fp_tcm30-96168.pdf,ocr_needs_visual_review
2016,AEMET A1 Acceso Libre — Primer ejercicio,39,Por una espira circular de radio R pasa una corriente eléctrica de intensidad |. éQué le | sucede al campo magnético creado en el centro de la espira?,Se duplica cuando duplicamos el radio manteniendo la intensidad de la corriente.,"Se divide por 2 cuando mantenemos el radio y duplicamos la intensidad de la corriente,",Se duplica si el radio de la espira se divide por 2 pero se mantiene la intensidad de la corriente.,Se divide por 4 si el radio de la espira y a la intensidad de la corriente se dividen por 2.,C,official,https://www.miteco.gob.es/content/dam/miteco/es/ministerio/empleo-publico/personal-funcionario/cuestionario_tcm30-96165.pdf,https://www.miteco.gob.es/content/dam/miteco/es/ministerio/empleo-publico/personal-funcionario/resolucion__correccionplantilladefc_sup_meteorologos_libre_sf-fp_tcm30-96168.pdf,ocr_needs_visual_review
2016,AEMET A1 Acceso Libre — Primer ejercicio,40,Indique cual de las siguientes afirmaciones es correcta:,Recibe la denominacién de cuerpo gris aquel que tiene una emisividad tal que absorbe y refleja la misma cantidad de radiacién incidente para toda longitud de onda.,"La emisividad de un cuerpo gris es constante respecto a la longitud de onda, por lo que su espectro de emision no tiene maximo.","A bajas temperaturas, puede aproximarse un cuerpo real por un cuerpo gris tomando el valor medio de su poder emisivo espectral.","La potencia emisiva monocromatica de un cuerpo gris viene dada por la expresioén R= a,07"" | ee : Tribunal Calificador de las Pruebas Selectivas para el acceso al = ef Cuerpo Superior de Meteordélogos del Estado, por el sistema general de acceso libre = [ (Orden AAA/902/2016, de 7 de junio; BOE 139, de 9 de junio) PRIMER EJERCICIO (las respuestas ha de marcarlas en la Hoja de Examen)",C,official,https://www.miteco.gob.es/content/dam/miteco/es/ministerio/empleo-publico/personal-funcionario/cuestionario_tcm30-96165.pdf,https://www.miteco.gob.es/content/dam/miteco/es/ministerio/empleo-publico/personal-funcionario/resolucion__correccionplantilladefc_sup_meteorologos_libre_sf-fp_tcm30-96168.pdf,ocr_needs_visual_review
2016,AEMET A1 Acceso Libre — Primer ejercicio,41,"Sefiale con que presiones parciales contribuyen los siguientes gases, al valor medio global de la presidn de la atmosfera a nivel del mar:","El nitrogeno contribuye con 800 hPa, el oxigeno con 200 hPa y el vapor de agua con 10 ‘hPa.","El nitrégeno contribuye con 760 hPa, el oxigeno con 200 hPa y el vapor de agua con 50 hPa.","El nitrégeno contribuye con 720 hPa, el oxigeno con 240 hPa y el vapor de agua con 50 hPa.","El nitrogeno contribuye con 760 hPa, el oxigeno con 240 hPa y el vapor de agua con 10 hPa.",A,official,https://www.miteco.gob.es/content/dam/miteco/es/ministerio/empleo-publico/personal-funcionario/cuestionario_tcm30-96165.pdf,https://www.miteco.gob.es/content/dam/miteco/es/ministerio/empleo-publico/personal-funcionario/resolucion__correccionplantilladefc_sup_meteorologos_libre_sf-fp_tcm30-96168.pdf,ocr_needs_visual_review
2016,AEMET A1 Acceso Libre — Primer ejercicio,42,éEn qué capa de la atmdsfera se produce mas ozono?,Entre los 15 y los 30 km.,Entre los 80 y 100 km.,Entre los 30 y los 60km.,Entre los 20 y 25 km.,C,official,https://www.miteco.gob.es/content/dam/miteco/es/ministerio/empleo-publico/personal-funcionario/cuestionario_tcm30-96165.pdf,https://www.miteco.gob.es/content/dam/miteco/es/ministerio/empleo-publico/personal-funcionario/resolucion__correccionplantilladefc_sup_meteorologos_libre_sf-fp_tcm30-96168.pdf,ocr_needs_visual_review
2016,AEMET A1 Acceso Libre — Primer ejercicio,43,éCual de los siguientes pracesos contribuye mas a la formacién de metano en la atmdsfera?,La fermentacion entérica de los animales.,Los procesos anaerdbicos en los humedales naturales y en los arrozales.,La extraccién de carbon y petrdleo.,"La combustion de biomasa. 15 _ Tribunal Calificador de las Pruebas Selectivas para el acceso al 5 ir | Cuerpo Superior de Meteordlogos del Estado, por el sistema general de acceso libre 4 [> (Orden AAA/902/2016, de 7 de junio; BOE 139, de 9 de junio) ee ee eee eee eee PRIMER EJERCICIO (las respuestas ha de marcarlas en la Hoja de Examen) ——————————— ee ee",B,official,https://www.miteco.gob.es/content/dam/miteco/es/ministerio/empleo-publico/personal-funcionario/cuestionario_tcm30-96165.pdf,https://www.miteco.gob.es/content/dam/miteco/es/ministerio/empleo-publico/personal-funcionario/resolucion__correccionplantilladefc_sup_meteorologos_libre_sf-fp_tcm30-96168.pdf,ocr_needs_visual_review
2016,AEMET A1 Acceso Libre — Primer ejercicio,44,| Senale la afirmacién correcta respecto a los gradientes superadiabaticos:,Casi siempre se producen en las capas altas de la atmésfera.,Son muy frecuentes durante el invierno.,Casi siempre se producen en las capas bajas de la atmésfera.,No son posibles en la atmdsfera.,C,official,https://www.miteco.gob.es/content/dam/miteco/es/ministerio/empleo-publico/personal-funcionario/cuestionario_tcm30-96165.pdf,https://www.miteco.gob.es/content/dam/miteco/es/ministerio/empleo-publico/personal-funcionario/resolucion__correccionplantilladefc_sup_meteorologos_libre_sf-fp_tcm30-96168.pdf,ocr_needs_visual_review
2016,AEMET A1 Acceso Libre — Primer ejercicio,45,"Sefale la afirmacidn incorrecta respecto a una masa de aire hdmedo. (Ru es la constante de los gases del aire himedo, T la temperatura): |","Entre dos masas de aire que se encuentren al mismo nivel, la mas densa sera la que tenga el producto R,T menor.",Puede darse la estabilidad aunque exista gradiente superadiabatico siempre y cuando la humedad especifica aumente con la altura.,"La condicién de estabilidad, establece que el decrecimiento del producto RnT con la altura sea menor en la masa que asciende que en el ambiente.",Puede existir inestabilidad aunque el gradiente vertical sea menor que el adiabatico si Ry disminuye con la altura.,C,official,https://www.miteco.gob.es/content/dam/miteco/es/ministerio/empleo-publico/personal-funcionario/cuestionario_tcm30-96165.pdf,https://www.miteco.gob.es/content/dam/miteco/es/ministerio/empleo-publico/personal-funcionario/resolucion__correccionplantilladefc_sup_meteorologos_libre_sf-fp_tcm30-96168.pdf,ocr_needs_visual_review
2016,AEMET A1 Acceso Libre — Primer ejercicio,46,Sefiale la afirmacion correcta respecto a la temperatura equivalente:,"Su definicidn esta basada en un proceso termodinamicamente imposible, segtn el cual el aire seco absorbe el calor del aire himedo conforme se produce la condensacién isobarica.","Su definicién se basa en la condensacidn isobarica de una masa de aire humedo, pero este tipo de condensaciones no se da en ningtin caso en la atmésfera.",Segun la definicién de Schnaidt es un indice aproximado del exceso de entropia que contiene el aire humedo. . |,"Se puede medir directamente sin necesidad de calcularla analiticamente. | 16 SSS SS ee i Tribunal Calificador de las Pruebas Selectivas para el acceso al a ia Cuerpo Superior de Meteordélogos del Estado, por el sistema general de acceso libre * |e (Orden AAA/902/2016, de 7 de junio; BOE 139, de 9 de junio) a eee Se SS PRIMER EJERCICIO (las respuestas ha de marcarlas en la Hoja de Examen) ig SES",A,official,https://www.miteco.gob.es/content/dam/miteco/es/ministerio/empleo-publico/personal-funcionario/cuestionario_tcm30-96165.pdf,https://www.miteco.gob.es/content/dam/miteco/es/ministerio/empleo-publico/personal-funcionario/resolucion__correccionplantilladefc_sup_meteorologos_libre_sf-fp_tcm30-96168.pdf,ocr_needs_visual_review
2016,AEMET A1 Acceso Libre — Primer ejercicio,47,Sefale la afirmacion correcta. Son nieblas de enfriamiento:,las nieblas de rio y las nieblas de casquete polar.,las nieblas de irradiacion y las nieblas de evaporacidn.,las nieblas de adveccidn y las nieblas de rio.,las nieblas de irradiacion y las nieblas de adveccion.,D,official,https://www.miteco.gob.es/content/dam/miteco/es/ministerio/empleo-publico/personal-funcionario/cuestionario_tcm30-96165.pdf,https://www.miteco.gob.es/content/dam/miteco/es/ministerio/empleo-publico/personal-funcionario/resolucion__correccionplantilladefc_sup_meteorologos_libre_sf-fp_tcm30-96168.pdf,ocr_needs_visual_review
2016,AEMET A1 Acceso Libre — Primer ejercicio,48,Indique la afirmacion correcta:,"El gradiente adiabatico del aire saturado para una misma temperatura, crece al aumentar la presion.","El gradiente adiabatico del aire saturado para una misma presion, decrece al disminuir la temperatura.","A igualdad de expansién relativa una masa de aire que evoluciona por una pseudoadiabatica se enfria mas que una que evoluciona con una adiabatica seca,",A igualdad de expansién relativa una masa de aire que evoluciona por una adiabatica saturada se enfria mas que una que evolucione con una pseudoadiabatica.,A,official,https://www.miteco.gob.es/content/dam/miteco/es/ministerio/empleo-publico/personal-funcionario/cuestionario_tcm30-96165.pdf,https://www.miteco.gob.es/content/dam/miteco/es/ministerio/empleo-publico/personal-funcionario/resolucion__correccionplantilladefc_sup_meteorologos_libre_sf-fp_tcm30-96168.pdf,ocr_needs_visual_review
2016,AEMET A1 Acceso Libre — Primer ejercicio,49,Sefiale la afirmacién incorrecta. En una masa de aire humedo:,existe inestabilidad convectiva si la temperatura pseudopotencial equivalente disminuye con la altura.,existe inestabilidad convectiva si en una columna de aire la parte inferior de esta se encuentra saturada y la parte superior se encuentra seca.,puede existir inestabilidad convectiva sin que exista inestabilidad condicional.,"puede existir inestabilidad condicional sin que exista inestabilidad convectiva. ————— EE — ————— EEE =f Tribunal Calificador de las Pruebas Selectivas para el acceso al nn ra: Lj Cuerpo Superior de Meteordlogos del Estado, por el sistema general de acceso libre = || (Orden AAA/902/2016, de 7 de junio; BOE 139, de 9 de junio) a SS Se"" Se. PRIMER EJERCICIO (las respuestas ha de marcarlas en la Hoja de Examen) —— eT eee",D,official,https://www.miteco.gob.es/content/dam/miteco/es/ministerio/empleo-publico/personal-funcionario/cuestionario_tcm30-96165.pdf,https://www.miteco.gob.es/content/dam/miteco/es/ministerio/empleo-publico/personal-funcionario/resolucion__correccionplantilladefc_sup_meteorologos_libre_sf-fp_tcm30-96168.pdf,ocr_needs_visual_review
2016,AEMET A1 Acceso Libre — Primer ejercicio,51,: éCudles son las longitudes de onda a las que el CO2 presenta una elevada absorcidén para radiacién de onda larga?,"Absorbe principalmente a 15 tum, con bandas de absorcién secundarias a 8,5 um y 6,3 um.","Absorbe principalmente a 10 um, con bandas de absorcién secundarias a 7,5 um y 4,3 um.","Absorbe principalmente a 15 um, con bandas de absorcién secundarias a 7,5 um y 4,3 um.","Absorbe principalmente a 10 um, con bandas de absorcién secundarias a 8,5 um y 6,3 um. -",C,official,https://www.miteco.gob.es/content/dam/miteco/es/ministerio/empleo-publico/personal-funcionario/cuestionario_tcm30-96165.pdf,https://www.miteco.gob.es/content/dam/miteco/es/ministerio/empleo-publico/personal-funcionario/resolucion__correccionplantilladefc_sup_meteorologos_libre_sf-fp_tcm30-96168.pdf,ocr_needs_visual_review
2016,AEMET A1 Acceso Libre — Primer ejercicio,52,"| Sea d el didmetro de una particula sobre la que incide radiacién de longitud de onda A, équée tipo de scattering provoca mayor dispersidn de energia en la direccién de avance que en la de retroceso?","Rayleigh, siempre que d>> A.","Mie, siempre que d=,","Rayleigh, siempre que d= A. |","Mie, siempre que d>> A. 18 ee Ee —— Tribunal Calificador de las Pruebas Selectivas para el acceso al x a Cuerpo Superior de Meteordlogos del Estado, por el sistema general de acceso libre a * (Orden AAA/902/2016, de 7 de junio; BOE 139, de 9 de junio) PRIMER EJERCICIO (las respuestas ha de marcarlas en la Hoja de Examen) ‘ SSS Se EE ——————e",B,official,https://www.miteco.gob.es/content/dam/miteco/es/ministerio/empleo-publico/personal-funcionario/cuestionario_tcm30-96165.pdf,https://www.miteco.gob.es/content/dam/miteco/es/ministerio/empleo-publico/personal-funcionario/resolucion__correccionplantilladefc_sup_meteorologos_libre_sf-fp_tcm30-96168.pdf,ocr_needs_visual_review
2016,AEMET A1 Acceso Libre — Primer ejercicio,53,La ecuacién de Schwarzchild de transferencia radiativa supone:,"que el medio es dispersivo, se encuentra en equilibrio térmico y su radiancia es despreciable.","que el medio es no dispersivo, se comporta como un cuerpo negro y no se encuentra en equilibrio térmico.","que el medio es dispersivo, se comporta como un cuerpo negro y su radiancia es despreciable.","que el medio es no dispersivo, se comporta como un cuerpo negro y se encuentra en equilibrio térmico.",D,official,https://www.miteco.gob.es/content/dam/miteco/es/ministerio/empleo-publico/personal-funcionario/cuestionario_tcm30-96165.pdf,https://www.miteco.gob.es/content/dam/miteco/es/ministerio/empleo-publico/personal-funcionario/resolucion__correccionplantilladefc_sup_meteorologos_libre_sf-fp_tcm30-96168.pdf,ocr_needs_visual_review
2016,AEMET A1 Acceso Libre — Primer ejercicio,54,Sefiale la afirmacion correcta. Se conoce por emision de CO2 equivalente:,la emisién de CO2 necesaria para elevar la temperatura global de la atmosfera terrestre en 1 grado.,la emisidn anual de CO> referida a la concentracion de CQ> de la era preindustrial.,la emisidn de CO2 necesaria para elevar la temperatura efectiva de la superficie terrestre en 1 grado.,"la emisidn de CO2 necesaria para provocar el mismo forzamiento radiativo que una determinada mezcla de gases de efecto invernadero. 19 ae Tribunal Calificador de las Pruebas Selectivas para el acceso al a i eS Cuerpo Superior de Meteordlogos del Estado, por el sistema general de acceso libre =| a (Orden AAA/902/2016, de 7 de junio; BOE 139, de 9 de junio) ————— ee ee PRIMER EJERCICIO (las respuestas ha de marcarlas en la Hoja de Examen) eee ee",D,official,https://www.miteco.gob.es/content/dam/miteco/es/ministerio/empleo-publico/personal-funcionario/cuestionario_tcm30-96165.pdf,https://www.miteco.gob.es/content/dam/miteco/es/ministerio/empleo-publico/personal-funcionario/resolucion__correccionplantilladefc_sup_meteorologos_libre_sf-fp_tcm30-96168.pdf,ocr_needs_visual_review
2016,AEMET A1 Acceso Libre — Primer ejercicio,55,De acuerdo con la curva de Kohler:,Las gotitas de agua con radio menor al valor critico creceran sin requerir un aumento en la razon de saturacién ambiente.,Las gotitas de agua con radio mayor al valor critico creceran sin requerir un aumento en la razon de saturacién ambiente.,Independientemente del radio de las gotitas de agua es necesario que exista una razdn de saturacion superior a 1 para que sigan creciendo.,El efecto de disolucién domina para valores del radio de la gotita suficientemente grandes.,B,official,https://www.miteco.gob.es/content/dam/miteco/es/ministerio/empleo-publico/personal-funcionario/cuestionario_tcm30-96165.pdf,https://www.miteco.gob.es/content/dam/miteco/es/ministerio/empleo-publico/personal-funcionario/resolucion__correccionplantilladefc_sup_meteorologos_libre_sf-fp_tcm30-96168.pdf,ocr_needs_visual_review
2016,AEMET A1 Acceso Libre — Primer ejercicio,56,Sefale la afirmacion correcta. La formacién de nimboestratos se caracteriza por el proceso de:,"autoconversién.,",Bergeron.,coagulacion.,colisidn-coalescencia.,B,official,https://www.miteco.gob.es/content/dam/miteco/es/ministerio/empleo-publico/personal-funcionario/cuestionario_tcm30-96165.pdf,https://www.miteco.gob.es/content/dam/miteco/es/ministerio/empleo-publico/personal-funcionario/resolucion__correccionplantilladefc_sup_meteorologos_libre_sf-fp_tcm30-96168.pdf,ocr_needs_visual_review
2016,AEMET A1 Acceso Libre — Primer ejercicio,57,Sefiale la afirmacion correcta. El proceso de acrecidn presenta mayor eficiencia en:,nubes con mayor concentracién de nticleas de congelacidén y gotas de mayor tamafio.,nubes con menor concentracién de nucleos de congelacién y gotas de menor tamafio.,nubes con menor concentracién de nticleos de congelacidn y gotas de mayor tamafio.,"nubes con mayor concentracidn de nucleos de congelacion y gotas de menor tamafo. | 20 SS Se au Tribunal Calificador de las Pruebas Selectivas para el acceso al wi hf Cuerpo Superior de Meteordlogos del Estado, por el sistema general de acceso libre ail) a (Orden AAA/902/2016, de 7 de junio; BOE 139, de 9 de junio) PRIMER EJERCICIO (las respuestas ha de marcarlas en la Hoja de Examen) ee eee",C,official,https://www.miteco.gob.es/content/dam/miteco/es/ministerio/empleo-publico/personal-funcionario/cuestionario_tcm30-96165.pdf,https://www.miteco.gob.es/content/dam/miteco/es/ministerio/empleo-publico/personal-funcionario/resolucion__correccionplantilladefc_sup_meteorologos_libre_sf-fp_tcm30-96168.pdf,ocr_needs_visual_review
2016,AEMET A1 Acceso Libre — Primer ejercicio,58,Sefiale la afirmacién correcta. En condiciones de buen tiempo:,"la Tierra puede considerarse un condensador esférico entre la superficie y los 50 km de altura, con una diferencia de potencial entre placas de 4-10° V.",la carga de la Tierra es de unos -500-108 C.,el médulo del campo eléctrico atmosférico aumenta con la altura.,la conductividad eléctrica del aire en superficie varia entre 1 y 3 Ohm*m?.,A,official,https://www.miteco.gob.es/content/dam/miteco/es/ministerio/empleo-publico/personal-funcionario/cuestionario_tcm30-96165.pdf,https://www.miteco.gob.es/content/dam/miteco/es/ministerio/empleo-publico/personal-funcionario/resolucion__correccionplantilladefc_sup_meteorologos_libre_sf-fp_tcm30-96168.pdf,ocr_needs_visual_review
2016,AEMET A1 Acceso Libre — Primer ejercicio,59,Indique la afirmacion correcta respecto a las tormentas:,Las corrientes descendentes abarcan el total de la célula tormentosa en la fase de madurez de la misma.,La teoria de Wilson sobre la separacién de cargas en una tormenta se basa en la polarizacién de las gotitas de nube que ascienden en la fase de formacidn de aquélla.,"La totalidad de las fases del rayo duran 0,01s de media.",La diferencia de potencial necesaria para que se produzca el rayo es del orden de 50-10° V entre la nube y el suelo.,D,official,https://www.miteco.gob.es/content/dam/miteco/es/ministerio/empleo-publico/personal-funcionario/cuestionario_tcm30-96165.pdf,https://www.miteco.gob.es/content/dam/miteco/es/ministerio/empleo-publico/personal-funcionario/resolucion__correccionplantilladefc_sup_meteorologos_libre_sf-fp_tcm30-96168.pdf,ocr_needs_visual_review
2016,AEMET A1 Acceso Libre — Primer ejercicio,60,Indique la afirmacién incorrecta:,En los canales infrarrojos el polvo se pone de manifiesto cuando se eleva y se enfria sobre las zonas terrestres recalentadas.,Los canales de microondas permiten calcular perfiles verticales de temperaturas solo en zonas sin nubes. ;,Los satélites polares heliosincronos tienen un plano orbital inclinado aproximadamente 90° respecto del ecuador.,"Un satélite meteoroldgico polar da una vuelta a la tierra, aproximadamente, cada 90’ y a 750km de altura. 21 wit Tribunal Calificador de las Pruebas Selectivas para el acceso al bel A Cuerpo Superior de Meteordélogos del Estado, por el sistema general de acceso libre 2 in| a (Orden AAA/902/2016, de 7 de junio; BOE 139, de 9 de junio) ese PRIMER EJERCICIO (las respuestas ha de marcarlas en la Hoja de Examen} ——<——SSS ee",B,official,https://www.miteco.gob.es/content/dam/miteco/es/ministerio/empleo-publico/personal-funcionario/cuestionario_tcm30-96165.pdf,https://www.miteco.gob.es/content/dam/miteco/es/ministerio/empleo-publico/personal-funcionario/resolucion__correccionplantilladefc_sup_meteorologos_libre_sf-fp_tcm30-96168.pdf,ocr_needs_visual_review
2016,AEMET A1 Acceso Libre — Primer ejercicio,61,"Para un radar con una duracién del pulso de 4 microsegundos, y dos blancos alineados radialmente, ¢Cual es la distancia radial minima de separacidn entre blancos para que el radar detecte los ecos de ambos, sin que exista solapamiento?",1000 m,300 m,600 m,100 m,C,official,https://www.miteco.gob.es/content/dam/miteco/es/ministerio/empleo-publico/personal-funcionario/cuestionario_tcm30-96165.pdf,https://www.miteco.gob.es/content/dam/miteco/es/ministerio/empleo-publico/personal-funcionario/resolucion__correccionplantilladefc_sup_meteorologos_libre_sf-fp_tcm30-96168.pdf,ocr_needs_visual_review
2016,AEMET A1 Acceso Libre — Primer ejercicio,62,"En un radar Doppler, siendo PRF la frecuencia de repeticion de pulsos y A la longitud de onda emitida por el radar, écual es la maxima velocidad de acercamiento o de alejamiento que se puede medir sin ambigiiedad? APRF A) V nag = 4 B) Vax = 2APRF APRF 2 D) Vi. =4APRE",,,,,A,official,https://www.miteco.gob.es/content/dam/miteco/es/ministerio/empleo-publico/personal-funcionario/cuestionario_tcm30-96165.pdf,https://www.miteco.gob.es/content/dam/miteco/es/ministerio/empleo-publico/personal-funcionario/resolucion__correccionplantilladefc_sup_meteorologos_libre_sf-fp_tcm30-96168.pdf,ocr_needs_visual_review
2016,AEMET A1 Acceso Libre — Primer ejercicio,63,"De las formas basicas de engelamiento, écudl es la mas peligrosa para el vuelo?",La nieve humeda.,Lluvia engelante. |,Hielo transparente.,"Hielo granulado. 22 a =_ Tribunal Calificador de las Pruebas Selectivas para el acceso al ai = Cuerpo Superior de Meteordlogos del Estado, por el sistema general de acceso libre - ip o* (Orden AAA/902/2016, de 7 de junio; BOE 139, de 9 de junio) PRIMER EJERCICIO (las respuestas ha de marcarlas en la Hoja de Examen)",B,official,https://www.miteco.gob.es/content/dam/miteco/es/ministerio/empleo-publico/personal-funcionario/cuestionario_tcm30-96165.pdf,https://www.miteco.gob.es/content/dam/miteco/es/ministerio/empleo-publico/personal-funcionario/resolucion__correccionplantilladefc_sup_meteorologos_libre_sf-fp_tcm30-96168.pdf,ocr_needs_visual_review
2016,AEMET A1 Acceso Libre — Primer ejercicio,64,"A la hora de cuantificar la intensidad de la turbulencia, se utiliza el parametro EDR (Eddy dissipation rate) cuyas unidades son ms. Se considera el umbral de turbulencia fuerte cuando el EDR tiene un valor de:","0,5>EDR >0,3","EDR>0,5","0,3>EDR>0,1",EDR>1,B,official,https://www.miteco.gob.es/content/dam/miteco/es/ministerio/empleo-publico/personal-funcionario/cuestionario_tcm30-96165.pdf,https://www.miteco.gob.es/content/dam/miteco/es/ministerio/empleo-publico/personal-funcionario/resolucion__correccionplantilladefc_sup_meteorologos_libre_sf-fp_tcm30-96168.pdf,ocr_needs_visual_review
2016,AEMET A1 Acceso Libre — Primer ejercicio,65,éCual de los siguientes fendmenos meteoroldgicos no es un fendmeno de mesoescala?,Brisas de mar,Lineas de turbonada,Tormentas convectivas,Tornados,D,official,https://www.miteco.gob.es/content/dam/miteco/es/ministerio/empleo-publico/personal-funcionario/cuestionario_tcm30-96165.pdf,https://www.miteco.gob.es/content/dam/miteco/es/ministerio/empleo-publico/personal-funcionario/resolucion__correccionplantilladefc_sup_meteorologos_libre_sf-fp_tcm30-96168.pdf,ocr_needs_visual_review
2016,AEMET A1 Acceso Libre — Primer ejercicio,66,Sefiale la afirmacién correcta respecto a un sistema de referencia ligado a la superficie terrestre:,"Una particula que se desplaza desde el ecuador al polo sur, por conservacién del momento angular sufrira una desviacion hacia el oeste,","Una particula que se desplaza verticalmente hacia abajo en el polo sur, sufrira una desviacion hacia el este.","Una particula que se desplaza hacia el este con latitud constante en el hemisferio norte, por conservacién del momento angular sufriraé una desviacidn hacia el polo norte.","Una partfcula que se desplaza verticalmente hacia arriba en una latitud de 45° sufrira una pequefia desviacidn hacia el oeste. 23 — Tribunal Calificador de las Pruebas Selectivas para el acceso al ""Ea = Cuerpo Superior de Meteorélogos del Estado, por el sistema general de acceso libre al i= (Orden AAA/902/2016, de 7 de junio; BOE 139, de 9 de junio) PRIMER EJERCICIO (las respuestas ha de marcarlas en la Hoja de Examen)",D,official,https://www.miteco.gob.es/content/dam/miteco/es/ministerio/empleo-publico/personal-funcionario/cuestionario_tcm30-96165.pdf,https://www.miteco.gob.es/content/dam/miteco/es/ministerio/empleo-publico/personal-funcionario/resolucion__correccionplantilladefc_sup_meteorologos_libre_sf-fp_tcm30-96168.pdf,ocr_needs_visual_review
2016,AEMET A1 Acceso Libre — Primer ejercicio,67,"éEn qué zonas de la atmdsfera es, normalmente, mayor la vorticidad potencial?","En niveles altos de la troposfera, en el lado polar de las corrientes en chorro.","En niveles altos de la troposfera, en el lado ecuatorial de las corrientes en chorro.","En superficie, en la parte delantera de una vaguada.","En superficie, en la zona posterior a un frente.",A,official,https://www.miteco.gob.es/content/dam/miteco/es/ministerio/empleo-publico/personal-funcionario/cuestionario_tcm30-96165.pdf,https://www.miteco.gob.es/content/dam/miteco/es/ministerio/empleo-publico/personal-funcionario/resolucion__correccionplantilladefc_sup_meteorologos_libre_sf-fp_tcm30-96168.pdf,ocr_needs_visual_review
2016,AEMET A1 Acceso Libre — Primer ejercicio,68,Sefale la afirmacion correcta: .,El viento gesotréfico es paralelo a las isolineas de las funciones de Montgomery sobre una superficie isentrdépica.,El uso de las coordenadas de presion es valido en condiciones no hidrostaticas.,La fuerza horizontal del gradiente de presién en coordenadas isobaricas es equivalente a un gradiente de geopotencial sobre una superficie de entrop/a constante.,El viento geostrdfico es divergente en coordenadas isobaricas.,A,official,https://www.miteco.gob.es/content/dam/miteco/es/ministerio/empleo-publico/personal-funcionario/cuestionario_tcm30-96165.pdf,https://www.miteco.gob.es/content/dam/miteco/es/ministerio/empleo-publico/personal-funcionario/resolucion__correccionplantilladefc_sup_meteorologos_libre_sf-fp_tcm30-96168.pdf,ocr_needs_visual_review
2016,AEMET A1 Acceso Libre — Primer ejercicio,69,Sefale la afirmacion correcta. En un tornado de unos 200m de didmetro: |,el flujo se puede considerar del gradiente y supergeostréfico.,el flujo se puede considerar del geostréfico.,el flujo se puede considerar inercial.,"el flujo se puede considerar ciclostréfico. SE — Tribunal Calificador de las Pruebas Selectivas para el acceso al ""yilsa™ Cuerpo Superior de Meteordélogos del Estado, por el sistema general de acceso libre || ae (Orden AAA/902/2016, de 7 de junio; BOE 139, de 9 de junio) PRIMER EJERCICIO (las respuestas ha de marcarlas en la Hoja de Examen)",D,official,https://www.miteco.gob.es/content/dam/miteco/es/ministerio/empleo-publico/personal-funcionario/cuestionario_tcm30-96165.pdf,https://www.miteco.gob.es/content/dam/miteco/es/ministerio/empleo-publico/personal-funcionario/resolucion__correccionplantilladefc_sup_meteorologos_libre_sf-fp_tcm30-96168.pdf,ocr_needs_visual_review
2016,AEMET A1 Acceso Libre — Primer ejercicio,70,Sefiale la afirmacién correcta respecto a las corrientes en chorro:,"Para un mismo gradiente isobarico de temperatura y un mismo nivel de presidn, un chorro subtropical es de igual intensidad que un chorro polar.","Para un mismo gradiente isobarico de temperatura y un mismo nivel de presién, un chorro subtropical es mas intenso que un chorro polar.","Para un mismo gradiente isobarico de temperatura y un mismo nivel de presidn, un chorro subtropical es menos intenso que un chorro polar.","Para un mismo gradiente isobarico de temperatura y un mismo nivel de presion, el chorro subtropical se situa a menor altura.",B,official,https://www.miteco.gob.es/content/dam/miteco/es/ministerio/empleo-publico/personal-funcionario/cuestionario_tcm30-96165.pdf,https://www.miteco.gob.es/content/dam/miteco/es/ministerio/empleo-publico/personal-funcionario/resolucion__correccionplantilladefc_sup_meteorologos_libre_sf-fp_tcm30-96168.pdf,ocr_needs_visual_review
2016,AEMET A1 Acceso Libre — Primer ejercicio,71,Sefiale la afirmacidn incorrecta respecto a la ecuacidn de la tendencia del geopotencial:,Adveccién calida por debajo de una superficie isobarica implica aumento de geopotencial de la superficie.,Adveccidn fria intensa sobre una adveccién fria débil es equivalente a una adveccion calida débil sobre una adveccion calida intensa.,Adveccién negativa de vorticidad absoluta en superficie implica aumento de geopotencial.,Una adveccién de temperatura que decrece con la altura esta asociada con caida de geopotencial.,D,official,https://www.miteco.gob.es/content/dam/miteco/es/ministerio/empleo-publico/personal-funcionario/cuestionario_tcm30-96165.pdf,https://www.miteco.gob.es/content/dam/miteco/es/ministerio/empleo-publico/personal-funcionario/resolucion__correccionplantilladefc_sup_meteorologos_libre_sf-fp_tcm30-96168.pdf,ocr_needs_visual_review
2016,AEMET A1 Acceso Libre — Primer ejercicio,72,Sefale la afirmacion incorrecta respecto a la ecuacidn omega:,Es una ecuacion de diagndstico.,"Para obtener las zonas en las cuales hay ascensos y descensos, se necesitan un campo de geopotencial y sus derivadas espaciales.","Adveccién cdlida implica aumento del espesor, lo que lleva asociado movimiento descendente.","Adveccidn de vorticidad que aumente con la altura implica ascensos. 25 7 ’ Tribunal Calificador de las Pruebas Selectivas para el acceso al ee : s Cuerpo Superior de Meteordélogos del Estado, por el sistema general de acceso libre | ies (Orden AAA/902/2016, de 7 de junio; BOE 139, de 9 de junio) ee PRIMER EJERCICIO (las respuestas ha de marcarlas en la Hoja de Examen) ee",C,official,https://www.miteco.gob.es/content/dam/miteco/es/ministerio/empleo-publico/personal-funcionario/cuestionario_tcm30-96165.pdf,https://www.miteco.gob.es/content/dam/miteco/es/ministerio/empleo-publico/personal-funcionario/resolucion__correccionplantilladefc_sup_meteorologos_libre_sf-fp_tcm30-96168.pdf,ocr_needs_visual_review
2016,AEMET A1 Acceso Libre — Primer ejercicio,73,Sefale la afirmacion incorrecta respecto a las ondas de Rossby:,Se propagan hacia el oeste respecto al flujo zonal medio.,Conservan la vorticidad absoluta.,Son consecuencia de la variacién del parametro de Coriolis con la latitud.,Las ondas con longitud de onda menor se desplazaran mas rapidamente hacia el oeste.,D,official,https://www.miteco.gob.es/content/dam/miteco/es/ministerio/empleo-publico/personal-funcionario/cuestionario_tcm30-96165.pdf,https://www.miteco.gob.es/content/dam/miteco/es/ministerio/empleo-publico/personal-funcionario/resolucion__correccionplantilladefc_sup_meteorologos_libre_sf-fp_tcm30-96168.pdf,ocr_needs_visual_review
2016,AEMET A1 Acceso Libre — Primer ejercicio,74,"| Sea un fluido rotante con un parametro B=df/dy, para que haya inestabilidad barotrdépica es | condicién necesaria que el flujo sea tal que:",du/dy cambie de signo en algtin punto de la region.,d*u/dy* cambie de signo en algun punto de la region. |,B- d?u/dy? cambie de signo en algtin punto de la region.,dB/dy cambie de signo en algtin punto de la region.,C,official,https://www.miteco.gob.es/content/dam/miteco/es/ministerio/empleo-publico/personal-funcionario/cuestionario_tcm30-96165.pdf,https://www.miteco.gob.es/content/dam/miteco/es/ministerio/empleo-publico/personal-funcionario/resolucion__correccionplantilladefc_sup_meteorologos_libre_sf-fp_tcm30-96168.pdf,ocr_needs_visual_review
2016,AEMET A1 Acceso Libre — Primer ejercicio,76,Sefiale la afirmacion correcta. Los frentes en niveles altos de la atmdsfera son responsables de:,los frentes ocluidos en superficie.,el agujero de ozono.,el transporte de ozono y materia desde la estratosfera a la troposfera.,"aumentos de la altura de la tropopausa. 26 vl Tribunal Calificador de las Pruebas Selectivas para el acceso al x he] Cuerpo Superior de Meteordlogos del Estado, por el sistema general de acceso libre =| ‘s (Orden AAA/902/2016, de 7 de junio; BOE 139, de 9 de junio) PRIMER EJERCICIO (las respuestas ha de marcarlas en la Hoja de Examen)",C,official,https://www.miteco.gob.es/content/dam/miteco/es/ministerio/empleo-publico/personal-funcionario/cuestionario_tcm30-96165.pdf,https://www.miteco.gob.es/content/dam/miteco/es/ministerio/empleo-publico/personal-funcionario/resolucion__correccionplantilladefc_sup_meteorologos_libre_sf-fp_tcm30-96168.pdf,ocr_needs_visual_review
2016,AEMET A1 Acceso Libre — Primer ejercicio,77,Sefiale la respuesta incorrecta. En una corriente en chorro:,el viento ageostréfico es perpendicular y hacia la derecha de la aceleracién en el hemisferio norte.,"en los maximos de viento de la corriente en chorro, se producen grandes aceleraciones y con ello circulaciones ageostréficas.",en el sector derecho a la salida de un maximo de viento se produce convergencia del viento.,la estabilidad estatica aumenta en el lado frio o polar de una corriente en chorro.,A,official,https://www.miteco.gob.es/content/dam/miteco/es/ministerio/empleo-publico/personal-funcionario/cuestionario_tcm30-96165.pdf,https://www.miteco.gob.es/content/dam/miteco/es/ministerio/empleo-publico/personal-funcionario/resolucion__correccionplantilladefc_sup_meteorologos_libre_sf-fp_tcm30-96168.pdf,ocr_needs_visual_review
2016,AEMET A1 Acceso Libre — Primer ejercicio,78,Sefale la afirmacidn incorrecta sobre la capa limite superficial:,"En la capa limite superficial, se puede considerar que la tension turbulenta vertical permanece constante con la altura.",La dependencia de la velocidad con la altura en la capa superficial es logaritmica.,La longitud de mezcla se considera que es constante con la altura.,"La constante de Von Karman tiene un valor experimental en torno a 0,4.",C,official,https://www.miteco.gob.es/content/dam/miteco/es/ministerio/empleo-publico/personal-funcionario/cuestionario_tcm30-96165.pdf,https://www.miteco.gob.es/content/dam/miteco/es/ministerio/empleo-publico/personal-funcionario/resolucion__correccionplantilladefc_sup_meteorologos_libre_sf-fp_tcm30-96168.pdf,ocr_needs_visual_review
2016,AEMET A1 Acceso Libre — Primer ejercicio,79,"Durante las condiciones del fendmeno El Nifio, la ocurrencia de ciclones tropicales en el océano Atlantico:",aumenta respecto a la situacién de fendmeno La Nifa.,aumenta respecto a la situacién neutra.,disminuye respecto a la situacién de fendmeno La Nifa.,"no varia respecto a la situaci6n neutra. 27 ——— Tribunal Calificador de las Pruebas Selectivas para el acceso al a Cuerpo Superior de Meteordlogos del Estado, por el sistema general de acceso libre =| = (Orden AAA/902/2016, de 7 de junio; BOE 139, de 9 de junio) PRIMER EJERCICIO (las respuestas ha de marcarlas en la Hoja de Examen) a es SS Se ee",C,official,https://www.miteco.gob.es/content/dam/miteco/es/ministerio/empleo-publico/personal-funcionario/cuestionario_tcm30-96165.pdf,https://www.miteco.gob.es/content/dam/miteco/es/ministerio/empleo-publico/personal-funcionario/resolucion__correccionplantilladefc_sup_meteorologos_libre_sf-fp_tcm30-96168.pdf,ocr_needs_visual_review
2016,AEMET A1 Acceso Libre — Primer ejercicio,80,Sefale la afirmacién correcta respecto a la propagacidn vertical de ondas planetarias en la estratosfera:,Las ondas se propagan cuando existe flujo del este superior a un valor umbral.,Las ondas se propagan cuando existe flujo del oeste inferior a un valor umbral.,Las ondas se propagan cuando existe flujo del este inferior a un valor umbral.,Las ondas se propagan cuando existe flujo del oeste superior a un valor umbral.,B,official,https://www.miteco.gob.es/content/dam/miteco/es/ministerio/empleo-publico/personal-funcionario/cuestionario_tcm30-96165.pdf,https://www.miteco.gob.es/content/dam/miteco/es/ministerio/empleo-publico/personal-funcionario/resolucion__correccionplantilladefc_sup_meteorologos_libre_sf-fp_tcm30-96168.pdf,ocr_needs_visual_review
2016,AEMET A1 Acceso Libre — Primer ejercicio,81,Sefale la afirmacion incorrecta:,La Oscilacidn Quasibienal es un fendmeno tropical que afecta el flujo estratosférico de | polo a polo que modula los efectos de las ondas extratropicales. |,La Oscilaci6n Quasibienal afecta a la variabilidad en la mesosfera en torno a los 85Km mediante propagacion vertical de ondas de la estratosfera ecuatorial. |,La Oscilacién Quasibienal no afecta a los vortices de la estratosfera polar en invierno ni a la reduccion del ozono en latitudes altas.,La Oscilacién Quasibienal consiste en un flujo coherente oscilante originado por ondas que se propagan con periodos no relacionados con el periodo de la oscilacidn resultante.,C,official,https://www.miteco.gob.es/content/dam/miteco/es/ministerio/empleo-publico/personal-funcionario/cuestionario_tcm30-96165.pdf,https://www.miteco.gob.es/content/dam/miteco/es/ministerio/empleo-publico/personal-funcionario/resolucion__correccionplantilladefc_sup_meteorologos_libre_sf-fp_tcm30-96168.pdf,ocr_needs_visual_review
2016,AEMET A1 Acceso Libre — Primer ejercicio,82,Indique la ordenacién correcta de cantidad de agua en distintas partes del sistema climatico:,casquetes polares y glaciares > agua liquida subterranea > humedad del suelo > vapor de agua atmosférico.,agua liquida subterranea > casquetes polares y glaciares > humedad del suelo > vapor de agua atmosférico.,casquetes polares y glaciares > agua Ifquida subterranea > vapor de agua atmosférico >rios y lagos.,"agua liquida subterranea > casquetes polares y glaciares > vapor de agua atmosférico > humedad del suelo. | 28 } Tribunal Calificador de Jas Pruebas Selectivas para el acceso al a ""aI Cuerpo Superior de Meteordlogos del Estado, por el sistema general de acceso libre beak: (Orden AAA/902/2016, de 7 de junio; BOE 139, de 9 de junio) PRIMER EJERCICIO (las respuestas ha de marcarlas en la Hoja de Examen)",A,official,https://www.miteco.gob.es/content/dam/miteco/es/ministerio/empleo-publico/personal-funcionario/cuestionario_tcm30-96165.pdf,https://www.miteco.gob.es/content/dam/miteco/es/ministerio/empleo-publico/personal-funcionario/resolucion__correccionplantilladefc_sup_meteorologos_libre_sf-fp_tcm30-96168.pdf,ocr_needs_visual_review
2016,AEMET A1 Acceso Libre — Primer ejercicio,83,éCual de los siguientes gases produce mayor efecto invernadero?,El metano,El didxido de carbono,El vapor de agua,El ozono estratosférico,C,official,https://www.miteco.gob.es/content/dam/miteco/es/ministerio/empleo-publico/personal-funcionario/cuestionario_tcm30-96165.pdf,https://www.miteco.gob.es/content/dam/miteco/es/ministerio/empleo-publico/personal-funcionario/resolucion__correccionplantilladefc_sup_meteorologos_libre_sf-fp_tcm30-96168.pdf,ocr_needs_visual_review
2016,AEMET A1 Acceso Libre — Primer ejercicio,84,Indique la afirmacién correcta con relacién a la amplitud de la variacidn de temperatura media entre enero y julio:,En el norte de Canada llega a 40°C,En el Pacifico ecuatorial llega a 10°C,Es mayor en el desierto del Sahara que en el noreste de Siberia.,En Espafia es inferior a 5°C,A,official,https://www.miteco.gob.es/content/dam/miteco/es/ministerio/empleo-publico/personal-funcionario/cuestionario_tcm30-96165.pdf,https://www.miteco.gob.es/content/dam/miteco/es/ministerio/empleo-publico/personal-funcionario/resolucion__correccionplantilladefc_sup_meteorologos_libre_sf-fp_tcm30-96168.pdf,ocr_needs_visual_review
2016,AEMET A1 Acceso Libre — Primer ejercicio,86,"La capa del océano en la que se produce un descenso rapido de la densidad con la profundidad, vinculado a fuertes cambios en la temperatura o en la salinidad del agua, se denomina:",Termoclina.,Haloclina.,Picnoclina.,Densoclina. |,C,official,https://www.miteco.gob.es/content/dam/miteco/es/ministerio/empleo-publico/personal-funcionario/cuestionario_tcm30-96165.pdf,https://www.miteco.gob.es/content/dam/miteco/es/ministerio/empleo-publico/personal-funcionario/resolucion__correccionplantilladefc_sup_meteorologos_libre_sf-fp_tcm30-96168.pdf,ocr_needs_visual_review
2016,AEMET A1 Acceso Libre — Primer ejercicio,87,Indique la afirmacion incorrecta:,El tipo Cs de KGppen se da en zonas de Chile.,El tipo Af de Képpen se da en zonas de Mongolia.,El tipo Dw de Kdppen se da en zonas de Corea.,El tipo Bw de Képpen se da en zonas del Sahara.,B,official,https://www.miteco.gob.es/content/dam/miteco/es/ministerio/empleo-publico/personal-funcionario/cuestionario_tcm30-96165.pdf,https://www.miteco.gob.es/content/dam/miteco/es/ministerio/empleo-publico/personal-funcionario/resolucion__correccionplantilladefc_sup_meteorologos_libre_sf-fp_tcm30-96168.pdf,ocr_needs_visual_review
2016,AEMET A1 Acceso Libre — Primer ejercicio,88,La estructura térmica de la troposfera se mantiene por un equilibrio aproximado entre la radiacion infrarroja y:,el transporte de calor sensible y calor latente por las corrientes en chorro del oeste.,el calentamiento radiativo propio de la absorcién por el ozono de la radiacién solar ultravioleta.,el trasporte vertical de calor sensible y calor latente desde la superficie por remolinos de pequefia y gran escala.,"la propagacién vertical de energfa de las ondas de Kelvin, | | 30 | Oe anes Tribunal Calificador de las Pruebas Selectivas para el acceso al 7 Cuerpo Superior de Meteorélogos del Estado, por el sistema general de acceso libre pa i: i= (Orden AAA/902/2016, de 7 de junio; BOE 139, de 9 de junio) PRIMER EJERCICIO (las respuestas ha de marcarlas en la Hoja de Examen) Pregunita n® 89: éCémo se denomina el patrén de circulacién atmosférico dominante en los trdpicos?",C,official,https://www.miteco.gob.es/content/dam/miteco/es/ministerio/empleo-publico/personal-funcionario/cuestionario_tcm30-96165.pdf,https://www.miteco.gob.es/content/dam/miteco/es/ministerio/empleo-publico/personal-funcionario/resolucion__correccionplantilladefc_sup_meteorologos_libre_sf-fp_tcm30-96168.pdf,ocr_needs_visual_review
2016,AEMET A1 Acceso Libre — Primer ejercicio,89,éCémo se denomina el patrén de circulacién atmosférico dominante en los trdpicos?,Célula de Halley.,Célula de Ferrel.,Célula de Hadley.,Célula de Brady.,C,official,https://www.miteco.gob.es/content/dam/miteco/es/ministerio/empleo-publico/personal-funcionario/cuestionario_tcm30-96165.pdf,https://www.miteco.gob.es/content/dam/miteco/es/ministerio/empleo-publico/personal-funcionario/resolucion__correccionplantilladefc_sup_meteorologos_libre_sf-fp_tcm30-96168.pdf,ocr_needs_visual_review
2016,AEMET A1 Acceso Libre — Primer ejercicio,90,éCuanto tiempo tarda aproximadamente la circulacidn termohalina en recorrer un ciclo completo?,100 afios,1.000 afios.,10.000 afios.,100.000 afios,B,official,https://www.miteco.gob.es/content/dam/miteco/es/ministerio/empleo-publico/personal-funcionario/cuestionario_tcm30-96165.pdf,https://www.miteco.gob.es/content/dam/miteco/es/ministerio/empleo-publico/personal-funcionario/resolucion__correccionplantilladefc_sup_meteorologos_libre_sf-fp_tcm30-96168.pdf,ocr_needs_visual_review
2016,AEMET A1 Acceso Libre — Primer ejercicio,91,Los modelos climaticos globales se emplean para realizar estudios acerca de la respuesta de las diferentes variables climaticas a los forzamientos radiativos. éCual es la respuesta del ‘ciclo hidroldgico’ al calentamiento global que ofrecen estos modelos?,Los intercambios de vapor de agua entre la capa limite planetaria y la troposfera media aumentan.,No se producen cambios en la distribuci6n de humedad relativa en la baja troposfera.,El transporte de calor latente hacia el ecuador disminuye.,"El flujo de calor sensible hacia los polos aumenta. 31 = Tribunal Calificador de las Pruebas Selectivas para el acceso al el ke] Cuerpo Superior de Meteordélogos del Estado, por el sistema general de acceso libre ae (Orden AAA/902/2016, de 7 de junio; BOE 139, de 9 de junio) = tir ee ee PRIMER EJERCICIO (las respuestas ha de marcarlas en la Hoja de Examen) ee",B,official,https://www.miteco.gob.es/content/dam/miteco/es/ministerio/empleo-publico/personal-funcionario/cuestionario_tcm30-96165.pdf,https://www.miteco.gob.es/content/dam/miteco/es/ministerio/empleo-publico/personal-funcionario/resolucion__correccionplantilladefc_sup_meteorologos_libre_sf-fp_tcm30-96168.pdf,ocr_needs_visual_review
2016,AEMET A1 Acceso Libre — Primer ejercicio,92,Indique el proceso por el cual es carbono llega a las aguas superficiales desde las aguas profundas:,Meteorizacidn de rocas carbonatadas en las placas tecténicas.,Afloramiento de aguas profundas.,Erosion de las lineas de costa.,Difusién pasiva del carbono desde las aguas profundas.,B,official,https://www.miteco.gob.es/content/dam/miteco/es/ministerio/empleo-publico/personal-funcionario/cuestionario_tcm30-96165.pdf,https://www.miteco.gob.es/content/dam/miteco/es/ministerio/empleo-publico/personal-funcionario/resolucion__correccionplantilladefc_sup_meteorologos_libre_sf-fp_tcm30-96168.pdf,ocr_needs_visual_review
2016,AEMET A1 Acceso Libre — Primer ejercicio,93,"; Durante el fendmeno El Nifio, el calentamiento de la temperatura del agua del mar en el Pacifico ecuatorial este y central provoca:",condiciones anormalmente hmedas en latitudes subtropicales del norte de América y | sur de Brasil.,"condiciones anormalmente himedas sobre el norte de Australia, Indonesia y Filipinas. |",condiciones anormalmente secas sobre el sureste de Africa y norte de Brasil durante el | invierno del hemisferio norte.,condiciones anormalmente secas sobre el suroeste de Africa durante el invierno del hemisferio norte.,C,official,https://www.miteco.gob.es/content/dam/miteco/es/ministerio/empleo-publico/personal-funcionario/cuestionario_tcm30-96165.pdf,https://www.miteco.gob.es/content/dam/miteco/es/ministerio/empleo-publico/personal-funcionario/resolucion__correccionplantilladefc_sup_meteorologos_libre_sf-fp_tcm30-96168.pdf,ocr_needs_visual_review
2016,AEMET A1 Acceso Libre — Primer ejercicio,94,Sefale la afirmacién correcta:,"La Oscilaci6n del Atlantico Norte consiste en un dipolo norte-sur de anomalfas de geopotencial con dos centros de signo opuesto, localizados sobre Alaska y sobre latitudes centrales del Atlantico norte entre 35-40°N, respectivamente.",La fase negativa de la Oscilacién del Atlantico Norte viene asociada con temperaturas por encima de lo normal en el este de Estados Unidos y regiones del norte de Europa y temperaturas por debajo de lo normal en Groenlandia y en ocasiones en el sur de Europa.,La fase positiva de la Oscilacién del Atlantico Norte viene asociada con precipitaciones por debajo de lo normal en el norte de Europa y Escandinavia en invierno y precipitaciones por encima de lo normal en el sur y centro de Europa.,"Tanto la fase positiva de la Oscilacién del Atlantico Norte como la fase negativa, estan asociadas a cambios en la intensidad y localizacidn de la corriente en chorro del Atlantico Norte. 32 N Tribunal Calificador de las Pruebas Selectivas para el acceso al = I mt Cuerpo Superior de Meteordlogos del Estado, por el sistema general de acceso libre cai | (Orden AAA/902/2016, de 7 de junio; BOE 139, de 9 de junio) i. fi PRIMER EJERCICIO (las respuestas ha de marcarlas en la Hoja de Examen)",D,official,https://www.miteco.gob.es/content/dam/miteco/es/ministerio/empleo-publico/personal-funcionario/cuestionario_tcm30-96165.pdf,https://www.miteco.gob.es/content/dam/miteco/es/ministerio/empleo-publico/personal-funcionario/resolucion__correccionplantilladefc_sup_meteorologos_libre_sf-fp_tcm30-96168.pdf,ocr_needs_visual_review
2016,AEMET A1 Acceso Libre — Primer ejercicio,96,Indique la afirmacion incorrecta:,Los modelos climaticos globales acoplados incluyen entre sus componentes la ecuacion oceanica de conservacion de la salinidad.,Los métodos de prediccidn estacional basados en métodos empirico-estadisticos son de aplicacidn solamente regional y local. |,Una incertidumbre importante en las proyecciones de cambio climatico para finales del siglo XXI son los diferentes escenarios de emision. ;,"Uno de los supuestos en los modelos de balance de energia es que la tasa media de la radiacidn entrante es de 36,4 Jm™?s.",D,official,https://www.miteco.gob.es/content/dam/miteco/es/ministerio/empleo-publico/personal-funcionario/cuestionario_tcm30-96165.pdf,https://www.miteco.gob.es/content/dam/miteco/es/ministerio/empleo-publico/personal-funcionario/resolucion__correccionplantilladefc_sup_meteorologos_libre_sf-fp_tcm30-96168.pdf,ocr_needs_visual_review
2016,AEMET A1 Acceso Libre — Primer ejercicio,97,éCudl de las siguientes unidades de magnitud en relacidn al almacenamiento de informacién es mayor?,Pettabyte (PB),Terabyte (TB),Yottabyte (YB),"Zettabyte (ZB) 33 —— Tribunal Calificador de las Pruebas Selectivas para el acceso al yice™ Cuerpo Superior de Meteorédlogos del Estado, por el sistema general de acceso libre ra ** (Orden AAA/902/2016, de 7 de junio; BOE 139, de 9 de junio) PRIMER EJERCICIO (las respuestas ha de marcarlas en la Hoja de Examen)",C,official,https://www.miteco.gob.es/content/dam/miteco/es/ministerio/empleo-publico/personal-funcionario/cuestionario_tcm30-96165.pdf,https://www.miteco.gob.es/content/dam/miteco/es/ministerio/empleo-publico/personal-funcionario/resolucion__correccionplantilladefc_sup_meteorologos_libre_sf-fp_tcm30-96168.pdf,ocr_needs_visual_review
2016,AEMET A1 Acceso Libre — Primer ejercicio,98,"En Linux, el comando correcto para crear una copia de seguridad comprimida de todos los directorios y archivos de /home es:",tar -czf backup.tar.gz /home |,backtar -czf /nhome backup.tar.gz,untar -cbf backup.tar.gz /home,cp -cbf /nome backup.tar.gz,A,official,https://www.miteco.gob.es/content/dam/miteco/es/ministerio/empleo-publico/personal-funcionario/cuestionario_tcm30-96165.pdf,https://www.miteco.gob.es/content/dam/miteco/es/ministerio/empleo-publico/personal-funcionario/resolucion__correccionplantilladefc_sup_meteorologos_libre_sf-fp_tcm30-96168.pdf,ocr_needs_visual_review
2016,AEMET A1 Acceso Libre — Primer ejercicio,99,"Sefale la afirmacion correcta. En Linux, la llamada “FORK”:",controla el tiempo de ejecucidn de un proceso.,envia una sefial al proceso especificado.,crea una copia del proceso que hace la llamada.,elimina el mapa de memoria del proceso que hace la llamada. |,C,official,https://www.miteco.gob.es/content/dam/miteco/es/ministerio/empleo-publico/personal-funcionario/cuestionario_tcm30-96165.pdf,https://www.miteco.gob.es/content/dam/miteco/es/ministerio/empleo-publico/personal-funcionario/resolucion__correccionplantilladefc_sup_meteorologos_libre_sf-fp_tcm30-96168.pdf,ocr_needs_visual_review
2016,AEMET A1 Acceso Libre — Primer ejercicio,100,éCual de los siguientes lenguajes de programacion no soporta el paradigma de programacién funcional?,Java,Prolog,Python,"Haskell ! | | 34 i Tribunal Calificador de las Pruebas Selectivas para el acceso al Be ™ Cuerpo Superior de Meteordlogos del Estado, por el sistema general de acceso libre a E) (Orden AAA/902/2016, de 7 de junio; BOE 139, de 9 de junio) PRIMER EJERCICIO (las respuestas ha de marcarlas en la Hoja de Examen)",B,official,https://www.miteco.gob.es/content/dam/miteco/es/ministerio/empleo-publico/personal-funcionario/cuestionario_tcm30-96165.pdf,https://www.miteco.gob.es/content/dam/miteco/es/ministerio/empleo-publico/personal-funcionario/resolucion__correccionplantilladefc_sup_meteorologos_libre_sf-fp_tcm30-96168.pdf,ocr_needs_visual_review
2016,AEMET A1 Acceso Libre — Primer ejercicio,101,Indique qué solucién de las siguientes no esta relacionada con los Sistemas Gestores de Base de Datos (SGBD):,MongoDB,MariaDB,HeidiSQL,MarcoDB,D,official,https://www.miteco.gob.es/content/dam/miteco/es/ministerio/empleo-publico/personal-funcionario/cuestionario_tcm30-96165.pdf,https://www.miteco.gob.es/content/dam/miteco/es/ministerio/empleo-publico/personal-funcionario/resolucion__correccionplantilladefc_sup_meteorologos_libre_sf-fp_tcm30-96168.pdf,ocr_needs_visual_review
2016,AEMET A1 Acceso Libre — Primer ejercicio,102,éCual de las siguientes no es una base de datos NoSQL?,MongoDB,Cassandra,PriamoDB |,Redis,C,official,https://www.miteco.gob.es/content/dam/miteco/es/ministerio/empleo-publico/personal-funcionario/cuestionario_tcm30-96165.pdf,https://www.miteco.gob.es/content/dam/miteco/es/ministerio/empleo-publico/personal-funcionario/resolucion__correccionplantilladefc_sup_meteorologos_libre_sf-fp_tcm30-96168.pdf,ocr_needs_visual_review
2016,AEMET A1 Acceso Libre — Primer ejercicio,103,"| Sefiale la afirmacidn correcta. En un arbol binario, un recorrido en preorden:","realiza cierta accién sobre el nodo actual y posteriormente se recorre el subarbol derecho y cuando se haya concluido, el subdarbol izquierdo.","realiza cierta accion sobre el nodo actual y posteriormente se recorre el subarbol izquierdo y cuando se haya concluido, el subarbol derecho.",realiza un recorrido del subarbol izquierdo después realiza cierta accién sobre el nodo actual y finalmente realiza un recorrido del subarbol derecho |,"el recorrido se realiza en orden por los distintos niveles del arbol. | | as Tribunal Calificador de las Pruebas Selectivas para el acceso al ur. £ Mel Cuerpo Superior de MeteorGlogos del Estado, por el sistema general de acceso libre wl a (Orden AAA/902/2016, de 7 de junio; BOE 139, de 9 de junio) Fa) fh PRIMER EJERCICIO (las respuestas ha de marcarlas en la Hoja de Examen)",B,official,https://www.miteco.gob.es/content/dam/miteco/es/ministerio/empleo-publico/personal-funcionario/cuestionario_tcm30-96165.pdf,https://www.miteco.gob.es/content/dam/miteco/es/ministerio/empleo-publico/personal-funcionario/resolucion__correccionplantilladefc_sup_meteorologos_libre_sf-fp_tcm30-96168.pdf,ocr_needs_visual_review
2016,AEMET A1 Acceso Libre — Primer ejercicio,104,Senale cual de las siguientes opciones esta basada en el protocolo ICMP:,SMTP,SNMP,PING,DNS,C,official,https://www.miteco.gob.es/content/dam/miteco/es/ministerio/empleo-publico/personal-funcionario/cuestionario_tcm30-96165.pdf,https://www.miteco.gob.es/content/dam/miteco/es/ministerio/empleo-publico/personal-funcionario/resolucion__correccionplantilladefc_sup_meteorologos_libre_sf-fp_tcm30-96168.pdf,ocr_needs_visual_review
2016,AEMET A1 Acceso Libre — Primer ejercicio,105,Indique la afirmacion correcta. El protocolo UDP proporciona servicios a las aplicaciones para:,Controlar el flujo extremo a extremo.,Eliminar paquetes duplicados.,Multiplexar y demultiplexar.,Reordenar paquetes.,C,official,https://www.miteco.gob.es/content/dam/miteco/es/ministerio/empleo-publico/personal-funcionario/cuestionario_tcm30-96165.pdf,https://www.miteco.gob.es/content/dam/miteco/es/ministerio/empleo-publico/personal-funcionario/resolucion__correccionplantilladefc_sup_meteorologos_libre_sf-fp_tcm30-96168.pdf,ocr_needs_visual_review
2016,AEMET A1 Acceso Libre — Primer ejercicio,106,"Indique la afirmacién correcta. En una pagina web, un capcha es:",una prueba de Turing utilizada para determinar si el usuario es humano o una maquina.,una prueba de Turing basado en un autémata finito determinista (AFD).,una prueba que mide la velocidad maxima de una conexién a Internet.,"un software malicioso que captura las teclas que son pulsadas en un teclado. | | 36 aa Tribunal Calificador de las Pruebas Selectivas para el acceso al *p¥e.™ Cuerpo Superior de Meteordlogos del Estado, por el sistema general de acceso libre ni z= (Orden AAA/902/2016, de 7 de junio; BOE 139, de 9 de junio) PRIMER EJERCICIO (las respuestas ha de marcarlas en la Hoja de Examen)",A,official,https://www.miteco.gob.es/content/dam/miteco/es/ministerio/empleo-publico/personal-funcionario/cuestionario_tcm30-96165.pdf,https://www.miteco.gob.es/content/dam/miteco/es/ministerio/empleo-publico/personal-funcionario/resolucion__correccionplantilladefc_sup_meteorologos_libre_sf-fp_tcm30-96168.pdf,ocr_needs_visual_review
2016,AEMET A1 Acceso Libre — Primer ejercicio,107,éA qué tipo de ataque nos referimos cuando se suplanta la identidad de una direccian IP origen?,DoS,Phishing,Sniffing,Spoofing,D,official,https://www.miteco.gob.es/content/dam/miteco/es/ministerio/empleo-publico/personal-funcionario/cuestionario_tcm30-96165.pdf,https://www.miteco.gob.es/content/dam/miteco/es/ministerio/empleo-publico/personal-funcionario/resolucion__correccionplantilladefc_sup_meteorologos_libre_sf-fp_tcm30-96168.pdf,ocr_needs_visual_review
2016,AEMET A1 Acceso Libre — Primer ejercicio,108,Segtin el articulo 1.3 de la constitucion espafiola de 1978:,La forma politica del Estado espafiol es la Monarquia parlamentaria.,La forma politica de Gobierno espafol es la Monarquia constitucional.,La forma politica de Espafia es el Estado de las autonomias.,La soberania nacional reside en el pueblo espafol.,A,official,https://www.miteco.gob.es/content/dam/miteco/es/ministerio/empleo-publico/personal-funcionario/cuestionario_tcm30-96165.pdf,https://www.miteco.gob.es/content/dam/miteco/es/ministerio/empleo-publico/personal-funcionario/resolucion__correccionplantilladefc_sup_meteorologos_libre_sf-fp_tcm30-96168.pdf,ocr_needs_visual_review
2016,AEMET A1 Acceso Libre — Primer ejercicio,109,Segun el articulo 117 de la constitucion espafiola:,"La justicia emana del Rey y se administra en nombre del pueblo por Jueces y Magistrados integrantes del poder judicial, independientes, inamovibles, responsables y sometidos tnicamente al imperio de la ley.","La justicia emana del pueblo y se administra por Jueces y Magistrados integrantes del poder judicial y de los tribunales de excepcién, independientes, inamovibles, responsables y sometidos Unicamente al imperio de la ley.","La justicia emana del pueblo y se administra en nombre del Rey por Jueces y Magistrados integrantes del poder judicial, independientes, inamovibles, responsables y sometidos unicamente al imperio de la ley.","La justicia emana del pueblo y se administra en nombre del mismo por Jueces y Magistrados integrantes del poder judicial, independientes, inamovibles, responsables y sometidos unicamente al imperio de la ley. = ee ee _ Tribunal Calificador de las Pruebas Selectivas para el acceso al = i a Cuerpo Superior de Meteordlogos del Estado, por el sistema general de acceso libre . Ap * (Orden AAA/902/2016, de 7 de junio; BOE 139, de 9 de junio) PRIMER EJERCICIO (las respuestas ha de marcarlas en la Hoja de Examen) ae SSS SS",C,official,https://www.miteco.gob.es/content/dam/miteco/es/ministerio/empleo-publico/personal-funcionario/cuestionario_tcm30-96165.pdf,https://www.miteco.gob.es/content/dam/miteco/es/ministerio/empleo-publico/personal-funcionario/resolucion__correccionplantilladefc_sup_meteorologos_libre_sf-fp_tcm30-96168.pdf,ocr_needs_visual_review
2016,AEMET A1 Acceso Libre — Primer ejercicio,110,"Segun el articulo 55 de la Ley 40/2015, de 1 de octubre, de Régimen Juridico del Sector Publico, La Administracién General del Estado comprende:","La Organizacién Central, que integra los Ministerios y las Delegaciones de Gobierno, la Organizaci6n Territorial y la Administracién General del Estado en el exterior,","La Organizaciédn Central, que integra los Ministerios y los servicios comunes, la Organizaci6n Territorial y la Administracién General del Estado en el exterior.","La Organizacién Central, que integra los Ministerios y los servicios comunes, la | Organizacion Territorial y las Agencias Estatales descentralizadas y la Administracién General del Estado en el exterior.","La Organizacion Central, que integra los Ministerios y los servicios comunes y la Organizaci6n Territorial exterior.",B,official,https://www.miteco.gob.es/content/dam/miteco/es/ministerio/empleo-publico/personal-funcionario/cuestionario_tcm30-96165.pdf,https://www.miteco.gob.es/content/dam/miteco/es/ministerio/empleo-publico/personal-funcionario/resolucion__correccionplantilladefc_sup_meteorologos_libre_sf-fp_tcm30-96168.pdf,ocr_needs_visual_review
2016,AEMET A1 Acceso Libre — Primer ejercicio,111,| Segun el articulo 68.1 de la Constituci6n:,El Congreso se compone de un minimo de 300 y un maximo de 400 Diputados.,El Congreso se compone de 350 Diputados,El Congreso se compone de un minimo de 350 y un maximo de 400 Diputados.,El Congreso se compone de 350 Diputados y Senadores.,A,official,https://www.miteco.gob.es/content/dam/miteco/es/ministerio/empleo-publico/personal-funcionario/cuestionario_tcm30-96165.pdf,https://www.miteco.gob.es/content/dam/miteco/es/ministerio/empleo-publico/personal-funcionario/resolucion__correccionplantilladefc_sup_meteorologos_libre_sf-fp_tcm30-96168.pdf,ocr_needs_visual_review
2016,AEMET A1 Acceso Libre — Primer ejercicio,112,No es pais miembro de la Unidn Europea: |,Croacia,Noruega,Malta,"Rumania | 38 | i Tribunal Calificador de las Pruebas Selectivas para el acceso al = .™ Cuerpo Superior de Meteordlogos del Estado, por el sistema general de acceso libre 7 | J (Orden AAA/902/2016, de 7 de junio; BOE 139, de 9 de junio) PRIMER EJERCICIO (las respuestas ha de marcarlas en la Hoja de Examen)",B,official,https://www.miteco.gob.es/content/dam/miteco/es/ministerio/empleo-publico/personal-funcionario/cuestionario_tcm30-96165.pdf,https://www.miteco.gob.es/content/dam/miteco/es/ministerio/empleo-publico/personal-funcionario/resolucion__correccionplantilladefc_sup_meteorologos_libre_sf-fp_tcm30-96168.pdf,ocr_needs_visual_review
2016,AEMET A1 Acceso Libre — Primer ejercicio,113,El articulo 288 del Tratado de Funcionamiento de la Union Europea sefiala que el reglamento:,Tendra un alcance general. Sera obligatorio en todos sus elementos y directamente aplicable en cada Estado miembro.,"Obligara al Estado miembro destinatario en cuanto al resultado que deba conseguirse, dejando, sin embargo, a las autoridades nacionales la eleccidn de la forma y de los medios,",No sera vinculante.,"Sera obligatorio en todos sus elementos. Cuando designe destinatarios, sdlo sera obligatorio para éstos.",A,official,https://www.miteco.gob.es/content/dam/miteco/es/ministerio/empleo-publico/personal-funcionario/cuestionario_tcm30-96165.pdf,https://www.miteco.gob.es/content/dam/miteco/es/ministerio/empleo-publico/personal-funcionario/resolucion__correccionplantilladefc_sup_meteorologos_libre_sf-fp_tcm30-96168.pdf,ocr_needs_visual_review
2016,AEMET A1 Acceso Libre — Primer ejercicio,114,Seguin el articulo 85 de la constitucion:,Las disposiciones del Gobierno que contengan legislaci6n delegada recibiran el titulo de Decretos Legislativos.,Las disposiciones del Gobierno que contengan legislacién delegada recibiran el titulo de Reales Decretos Leyes.,El Gobierno carece de competencia legislativa delegada que se reserva exclusivamente a las Cortes Generales.,Las disposiciones del Gobierno que contengan legislacidn delegada recibiran el titulo de Reglamentos.,A,official,https://www.miteco.gob.es/content/dam/miteco/es/ministerio/empleo-publico/personal-funcionario/cuestionario_tcm30-96165.pdf,https://www.miteco.gob.es/content/dam/miteco/es/ministerio/empleo-publico/personal-funcionario/resolucion__correccionplantilladefc_sup_meteorologos_libre_sf-fp_tcm30-96168.pdf,ocr_needs_visual_review
2016,AEMET A1 Acceso Libre — Primer ejercicio,115,"El articulo 10 del Real Decreto Legislativo 5/2015, de 30 de octubre, por el que se aprueba el texto refundido de la Ley del Estatuto Basico del Empleado Publico, sefiala que pueden nombrarse funcionarios interinos por razones expresamente justificadas de necesidad y urgencia cuando haya un exceso o acumulacién de tareas por un plazo maximo de:","Dace meses, dentro de un periodo de dieciocho meses.",Doce meses.,"Seis meses, dentro de un periodo de doce meses.","Seis meses. 39 —— Tribunal Calificador de las Pruebas Selectivas para el acceso al pas"" Cuerpo Superior de Meteordlogos del Estado, por el sistema general de acceso libre pot Bs (Orden AAA/902/2016, de 7 de junio; BOE 139, de 9 de junio) ———————— ee eee ee eee eee PRIMER EJERCICIO (las respuestas ha de marcarlas en la Hoja de Examen) ee ee S'S SS SS SS Se",C,official,https://www.miteco.gob.es/content/dam/miteco/es/ministerio/empleo-publico/personal-funcionario/cuestionario_tcm30-96165.pdf,https://www.miteco.gob.es/content/dam/miteco/es/ministerio/empleo-publico/personal-funcionario/resolucion__correccionplantilladefc_sup_meteorologos_libre_sf-fp_tcm30-96168.pdf,ocr_needs_visual_review
2016,AEMET A1 Acceso Libre — Primer ejercicio,116,"Seguin el articulo 128.2 de la Ley 39/2015, de 1 de octubre, del Procedimiento Administrativo Comtin de las Administraciones Publicas.","Las reglamentos y disposiciones administrativas no podran vulnerar la Constitucién o las leyes ni regular aquellas materias que la Constitucidn o los Estatutos de Autonomia reconocen de la competencia de las Cortes Generales o de las Asambleas Legislativas de las Comunidades Auténomas salvo en caso de necesidad, guerra o conflicto armado.",Los reglamentos y disposiciones administrativas no podran vulnerar la Constitucién o | las leyes ni regular aquellas materias que la Constitucidn o los Estatutos de Autonomia reconacen de la competencia de las Cortes Generales o de las Asambleas Legislativas de las Comunidades Aut6nomas | |,Los reglamentos y disposiciones administrativas solo podran vulnerar la Constitucién o las leyes en aquellas materias que la Constitucidn o los Estatutos de Autonomia reconocen de la competencia de las Cortes Generales o de las Asambleas Legislativas de las Comunidades Auténomas.,Las leyes no podradn vulnerar lo dispuesto en reglamentos y disposiciones administrativas ni regular aquellas materias que la Constitucidn o los Estatutos de Autonomia reconocen de la competencia de las Cortes Generales o de las Asambleas | Legislativas de las Comunidades Auténomas.,B,official,https://www.miteco.gob.es/content/dam/miteco/es/ministerio/empleo-publico/personal-funcionario/cuestionario_tcm30-96165.pdf,https://www.miteco.gob.es/content/dam/miteco/es/ministerio/empleo-publico/personal-funcionario/resolucion__correccionplantilladefc_sup_meteorologos_libre_sf-fp_tcm30-96168.pdf,ocr_needs_visual_review
2016,AEMET A1 Acceso Libre — Primer ejercicio,117,Indique la afirmacién correcta:,Espafia paso a formar parte de la Organizacidn Meteoroldgica Mundial desde el momento de su creacion en 1940.,El Centro Europeo de Prediccién a Plazo Medio es una_ organizacién intergubernamental en el que las cuotas de los paises miembros se establecen de forma proporcional a cada Producto Interior Bruto.,El Centro Europeo de Prediccién a Plazo Medio se rige por el Consejo; del que Espafia forma parte en periodos alternos de 4 afios.,"El Gobierno de la OMM se lleva a cabo a través del Congreso y de su Consejo Ejecutivo. Todos los paises forman parte del Congreso. Espafia es uno de los 10 miembros permanentes del Consejo Ejecutivo. 40 ee ee — Tribunal Calificador de las Pruebas Selectivas para el acceso al Bell sf = Cuerpo Superior de Meteordlogos del Estado, por el sistema general de acceso libre F if | (Orden AAA/902/2016, de 7 de junio; BOE 139, de 9 de junio) PRIMER EJERCICIO (las respuestas ha de marcarlas en la Hoja de Examen)",B,official,https://www.miteco.gob.es/content/dam/miteco/es/ministerio/empleo-publico/personal-funcionario/cuestionario_tcm30-96165.pdf,https://www.miteco.gob.es/content/dam/miteco/es/ministerio/empleo-publico/personal-funcionario/resolucion__correccionplantilladefc_sup_meteorologos_libre_sf-fp_tcm30-96168.pdf,ocr_needs_visual_review
2016,AEMET A1 Acceso Libre — Primer ejercicio,118,"El articulo 9 del Estatuto de la Agencia Estatal de Meteorologia, aprobado por el Real Decreto 186/2008, de 8 de febrero, sefiala que son 6rganos de Gobierno de la Agencia Estatal de Meteorologia:","El Presidente, el Consejo Rector y las Direcciones de Produccidn e Infraestructuras, de Planificacion, Estrategia y Desarrollo Comercial, y de Administracién.",El Presidente y el Consejo Rector.,"El Presidente, el Consejo Rector y la Direccidn de Administracion.",EI Presidente y el Director.,B,official,https://www.miteco.gob.es/content/dam/miteco/es/ministerio/empleo-publico/personal-funcionario/cuestionario_tcm30-96165.pdf,https://www.miteco.gob.es/content/dam/miteco/es/ministerio/empleo-publico/personal-funcionario/resolucion__correccionplantilladefc_sup_meteorologos_libre_sf-fp_tcm30-96168.pdf,ocr_needs_visual_review
2016,AEMET A1 Acceso Libre — Primer ejercicio,119,"De acuerdo con el articulo 18 de la Ley 19/2013, de 9 de diciembre, de transparencia, acceso a la informacién publica y buen gobierno, se inadmitiran a tramite, mediante resolucién motivada, las solicitudes de acceso a la informacion publica:",que supongan un perjuicio para la prateccidn del medio ambiente.,que se refieran a informacién que esté en curso de elaboracion o de publicacién general.,"que se refieran a datos especialmente protegidos recogidos en el apartado 2 del articulo 7 de la Ley Organica 15/1999, de 13 de diciembre, de Proteccidn de Datos de Caracter Personal.","que supongan un perjuicio para las relaciones exteriores. en a Tribunal Calificador de las Pruebas Selectivas para el acceso al Bs * — Cuerpo Superior de Meteorélogos del Estado, por el sistema general de acceso libre . rs (Orden AAA/902/2016, de 7 de junio; BOE 139, de 9 de junio) PRIMER EJERCICIO (las respuestas ha de marcarlas en la Hoja de Examen)",B,official,https://www.miteco.gob.es/content/dam/miteco/es/ministerio/empleo-publico/personal-funcionario/cuestionario_tcm30-96165.pdf,https://www.miteco.gob.es/content/dam/miteco/es/ministerio/empleo-publico/personal-funcionario/resolucion__correccionplantilladefc_sup_meteorologos_libre_sf-fp_tcm30-96168.pdf,ocr_needs_visual_review
2016,AEMET A1 Acceso Libre — Primer ejercicio,120,"La Disposicién Adicional 162 del texto refundido de la Ley del Estatuto Basico del Empleado Publico, aprobado por el Real Decreto Legislativo 5/2015, de 30 de octubre, establece que | cada Administracién Publica, en su ambito, podra establecer a las funcionarias en estado de | gestacion, un permiso retribuido, a partir del dia primero de la semana 37 de embarazo, hasta la fecha del parto. Este permiso, en el supuesto de gestacién multiple:","podra iniciarse el primer dia de la semana 30 de embarazo, hasta la fecha de parto.","podra iniciarse, al igual que en la gestacion individual, a partir de la semana 37 de embarazo, hasta la fecha del parto.","podra iniciarse el primer dia de la semana 35 de embarazo, hasta la fecha de parto.","podrd iniciarse el primer dia de la semana 27 de embarazo, hasta la fecha de parto. | i i | en |",C,official,https://www.miteco.gob.es/content/dam/miteco/es/ministerio/empleo-publico/personal-funcionario/cuestionario_tcm30-96165.pdf,https://www.miteco.gob.es/content/dam/miteco/es/ministerio/empleo-publico/personal-funcionario/resolucion__correccionplantilladefc_sup_meteorologos_libre_sf-fp_tcm30-96168.pdf,ocr_needs_visual_review
2017,AEMET A1 Acceso Libre — Primer ejercicio,1,Indique cuál de las siguientes relaciones es correcta para cualquier campo vectorial A y cualquier campo escalar u:,𝛻 x 𝛻u=0 ; 𝛻 x (𝛻 x A)=0,𝛻 x 𝛻u=0 ; 𝛻·(𝛻 x A)=0,𝛻²u=0 ; 𝛻·(𝛻 x A)=0,𝛻²u=0 ; A x (𝛻A)=0,B,official,https://www.miteco.gob.es/content/dam/miteco/es/ministerio/empleo-publico/personal-funcionario/primer_ejercicio_v2_tcm30-437875.pdf,https://www.miteco.gob.es/content/dam/miteco/es/ministerio/empleo-publico/personal-funcionario/resolucion2017__plantillarespuestas_definitiva_pe_sello_tcm30-439946.pdf,text_extracted
2017,AEMET A1 Acceso Libre — Primer ejercicio,2,"Dado el campo vectorial A = x²i + y²j + zk , ¿cuál de estos valores se corresponde con el de la integral de línea de A a lo largo de la curva y²= x, z = 0, desde el punto (0, 0, 0) hasta el punto (2, √2, 0)?",2/3(4+√2),3/2(1+√2),4/3(4+√2),3/4(1+√2),A,official,https://www.miteco.gob.es/content/dam/miteco/es/ministerio/empleo-publico/personal-funcionario/primer_ejercicio_v2_tcm30-437875.pdf,https://www.miteco.gob.es/content/dam/miteco/es/ministerio/empleo-publico/personal-funcionario/resolucion2017__plantillarespuestas_definitiva_pe_sello_tcm30-439946.pdf,text_extracted
2017,AEMET A1 Acceso Libre — Primer ejercicio,3,"Siendo u un campo escalar, (r, 𝜽, 𝝋) las coordenadas esféricas, y (r, 𝜽, 𝝋) los vectores unitarios correspondientes, señale la respuesta correcta: 𝜕𝑢 1 𝜕𝑢 1 𝜕𝑢",𝛻u = r 𝜕𝑟 + 𝜽𝑟 𝜕𝜃 +𝝋 𝑟 𝜕𝜑 𝜕𝑢 1 𝜕𝑢 𝜕𝑢,𝛻u = r 𝜕𝑟 + 𝜽𝑟 𝜕𝜃 +𝝋𝜕𝜑 𝜕𝑢 1 𝜕𝑢 1 𝜕𝑢,𝛻u = r 𝜕𝑟 + 𝜽𝑟 𝜕𝜃 +𝝋𝑟𝑠𝑒𝑛𝜃 𝜕𝜑 𝜕𝑢 1 𝜕𝑢 1 𝜕𝑢,𝛻u = r 𝜕𝑟 + 𝜽𝑟 𝜕𝜃 +𝝋𝑟𝑐𝑜𝑠𝜃 𝜕𝜑,C,official,https://www.miteco.gob.es/content/dam/miteco/es/ministerio/empleo-publico/personal-funcionario/primer_ejercicio_v2_tcm30-437875.pdf,https://www.miteco.gob.es/content/dam/miteco/es/ministerio/empleo-publico/personal-funcionario/resolucion2017__plantillarespuestas_definitiva_pe_sello_tcm30-439946.pdf,text_extracted
2017,AEMET A1 Acceso Libre — Primer ejercicio,4,Señale la afirmación FALSA respecto a un campo conservativo:,La suma de la energía cinética más potencial permanece constante.,El campo se obtiene como el gradiente de una función potencial.,Un campo conservativo es irrotacional.,"El trabajo realizado por la fuerza del campo depende del camino seguido. 3 | 28 Tribunal Calificador de las Pruebas Selectivas para el acceso al Cuerpo Superior de Meteorólogos del Estado (Resolución del 12 de septiembre de la Subsecretaria del Ministerio de Agricultura y Pesca, Alimentación y Medio Ambiente; BOE 225, de 18 de septiembre) PRIMER EJERCICIO 𝑦",D,official,https://www.miteco.gob.es/content/dam/miteco/es/ministerio/empleo-publico/personal-funcionario/primer_ejercicio_v2_tcm30-437875.pdf,https://www.miteco.gob.es/content/dam/miteco/es/ministerio/empleo-publico/personal-funcionario/resolucion2017__plantillarespuestas_definitiva_pe_sello_tcm30-439946.pdf,text_extracted
2017,AEMET A1 Acceso Libre — Primer ejercicio,5,La ecuación diferencial de primer orden: (1 + 𝑙𝑛𝑥 + 𝑥 ) 𝑑𝑥 = (1 − 𝑙𝑛𝑥)𝑑𝑦,No es una ecuación diferencial exacta y no se puede convertir en exacta.,"No es una ecuación diferencial exacta, pero se puede convertir en exacta utilizando 2 el método del factor integrante multiplicando toda la ecuación por 𝑥(1−𝑙𝑛𝑥).","No es una ecuación diferencial exacta, pero se puede convertir en exacta utilizando el método del factor integrante multiplicando toda la ecuación por 1/𝑥.",Es una ecuación diferencial exacta.,D,official,https://www.miteco.gob.es/content/dam/miteco/es/ministerio/empleo-publico/personal-funcionario/primer_ejercicio_v2_tcm30-437875.pdf,https://www.miteco.gob.es/content/dam/miteco/es/ministerio/empleo-publico/personal-funcionario/resolucion2017__plantillarespuestas_definitiva_pe_sello_tcm30-439946.pdf,text_extracted
2017,AEMET A1 Acceso Libre — Primer ejercicio,6,Al desarrollar la función 𝑓(𝑥) = 𝜋 − |𝑥| con −𝜋 ≤ 𝑥 ≤ 𝜋 en una serie de Fourier de la forma 1 𝑓(𝑥) = 2 𝑎0 + ∑∞ 𝑛=1[𝑎𝑛 cos(𝑛𝑥) + 𝑏𝑛 𝑠𝑒𝑛(𝑛𝑥)] se obtiene:,El único coeficiente de Fourier nulo es 𝑎0 = 0.,𝑎𝑛 = 0 para todos los valores de 𝑛.,𝑏𝑛 = 0 para todos los valores de 𝑛.,Todos los coeficientes de Fourier son no nulos para todos los valores de 𝑛. 1 𝑑𝑦,C,official,https://www.miteco.gob.es/content/dam/miteco/es/ministerio/empleo-publico/personal-funcionario/primer_ejercicio_v2_tcm30-437875.pdf,https://www.miteco.gob.es/content/dam/miteco/es/ministerio/empleo-publico/personal-funcionario/resolucion2017__plantillarespuestas_definitiva_pe_sello_tcm30-439946.pdf,text_extracted
2017,AEMET A1 Acceso Libre — Primer ejercicio,7,La solución de la ecuación diferencial 𝑑𝑥 = 𝑥(𝑥 2 + 7)2 es:,y = x (x 2 +7)1/2 + x 2(x 2 +7)-1/2 + C,y = (x 2 +7)-1/2 + C,y = 1/3 (x 2 +7)3/2 + C,y = x (x 2 +7)1/2 + x 2(x 2 +7)3/2 + C,C,official,https://www.miteco.gob.es/content/dam/miteco/es/ministerio/empleo-publico/personal-funcionario/primer_ejercicio_v2_tcm30-437875.pdf,https://www.miteco.gob.es/content/dam/miteco/es/ministerio/empleo-publico/personal-funcionario/resolucion2017__plantillarespuestas_definitiva_pe_sello_tcm30-439946.pdf,text_extracted
2017,AEMET A1 Acceso Libre — Primer ejercicio,9,"Considérense los sucesos B1={Tmin  0 oC}, B2={Tmin  0 oC} y A el suceso consistente en observar precipitación apreciable referidos a un observatorio determinado para el mes de enero. Sean: P(B1) = 24/31, P(B2) = 7/31, P(AB1) = 14/24 y P(AB2) = 1/7. La probabilidad del suceso B1 cuando se produce precipitación apreciable es:",14/15,14/24,24/31,15/31,A,official,https://www.miteco.gob.es/content/dam/miteco/es/ministerio/empleo-publico/personal-funcionario/primer_ejercicio_v2_tcm30-437875.pdf,https://www.miteco.gob.es/content/dam/miteco/es/ministerio/empleo-publico/personal-funcionario/resolucion2017__plantillarespuestas_definitiva_pe_sello_tcm30-439946.pdf,text_extracted
2017,AEMET A1 Acceso Libre — Primer ejercicio,10,"La función generatriz de momentos de una variable aleatoria X uniforme en [a, b] es: 𝑎+𝑏",𝑀(𝑡) = 2 1,𝑀(𝑡) = 𝑏−𝑎,𝑀(𝑡) = (1 − 𝑡 )−(𝑏−𝑎) 𝑒 𝑡𝑏 −𝑒 𝑡𝑎,𝑀(𝑡) = 𝑡(𝑏−𝑎),D,official,https://www.miteco.gob.es/content/dam/miteco/es/ministerio/empleo-publico/personal-funcionario/primer_ejercicio_v2_tcm30-437875.pdf,https://www.miteco.gob.es/content/dam/miteco/es/ministerio/empleo-publico/personal-funcionario/resolucion2017__plantillarespuestas_definitiva_pe_sello_tcm30-439946.pdf,text_extracted
2017,AEMET A1 Acceso Libre — Primer ejercicio,11,"Sabiendo que la variable aleatoria χ2 con un grado de libertad tiene una desviación estándar 21/2, ¿cuánto vale la desviación estándar de una variable aleatoria χ2 con k grados de libertad?",(2k) 1/2,(k/2) 1/2,(2/k) 1/2,(k/2) -1/2,A,official,https://www.miteco.gob.es/content/dam/miteco/es/ministerio/empleo-publico/personal-funcionario/primer_ejercicio_v2_tcm30-437875.pdf,https://www.miteco.gob.es/content/dam/miteco/es/ministerio/empleo-publico/personal-funcionario/resolucion2017__plantillarespuestas_definitiva_pe_sello_tcm30-439946.pdf,text_extracted
2017,AEMET A1 Acceso Libre — Primer ejercicio,12,El rango intercuartílico de una muestra es:,Una medida de posición.,Una medida de dispersión.,Una medida de forma.,"Un momento central. 5 | 28 Tribunal Calificador de las Pruebas Selectivas para el acceso al Cuerpo Superior de Meteorólogos del Estado (Resolución del 12 de septiembre de la Subsecretaria del Ministerio de Agricultura y Pesca, Alimentación y Medio Ambiente; BOE 225, de 18 de septiembre) PRIMER EJERCICIO",B,official,https://www.miteco.gob.es/content/dam/miteco/es/ministerio/empleo-publico/personal-funcionario/primer_ejercicio_v2_tcm30-437875.pdf,https://www.miteco.gob.es/content/dam/miteco/es/ministerio/empleo-publico/personal-funcionario/resolucion2017__plantillarespuestas_definitiva_pe_sello_tcm30-439946.pdf,text_extracted
2017,AEMET A1 Acceso Libre — Primer ejercicio,13,"Suponga que desea contrastar dos hipótesis H0 y H1 a la vista de unos datos D. En un enfoque bayesiano, suponga que las probabilidades a priori de las dos hipótesis son iguales, y que la razón de las verosimilitudes de los datos D condicionadas a H0 y H1 respectivamente, p(D | H0)/ p(D | H1), vale 1/3. Entonces se puede afirmar que la razón de probabilidades a posteriori, p(H0|D)/p(H1|D), vale:",3,1,1/3,1/9,C,official,https://www.miteco.gob.es/content/dam/miteco/es/ministerio/empleo-publico/personal-funcionario/primer_ejercicio_v2_tcm30-437875.pdf,https://www.miteco.gob.es/content/dam/miteco/es/ministerio/empleo-publico/personal-funcionario/resolucion2017__plantillarespuestas_definitiva_pe_sello_tcm30-439946.pdf,text_extracted
2017,AEMET A1 Acceso Libre — Primer ejercicio,14,La función de autocorrelación de un proceso de medias móviles MA(q) necesariamente cumple:,Vale 1 para retraso 1.,Vale 0 para retraso q+1.,Está comprendida entre -1/q y 1/q para retraso igual a q.,Es monótonamente decreciente con el retraso.,B,official,https://www.miteco.gob.es/content/dam/miteco/es/ministerio/empleo-publico/personal-funcionario/primer_ejercicio_v2_tcm30-437875.pdf,https://www.miteco.gob.es/content/dam/miteco/es/ministerio/empleo-publico/personal-funcionario/resolucion2017__plantillarespuestas_definitiva_pe_sello_tcm30-439946.pdf,text_extracted
2017,AEMET A1 Acceso Libre — Primer ejercicio,15,"Dadas dos variables aleatorias X e Y, con la misma varianza V y covarianza C, se tiene que cov(X + Y, X - Y) vale:",2C,2V,0,V-C,C,official,https://www.miteco.gob.es/content/dam/miteco/es/ministerio/empleo-publico/personal-funcionario/primer_ejercicio_v2_tcm30-437875.pdf,https://www.miteco.gob.es/content/dam/miteco/es/ministerio/empleo-publico/personal-funcionario/resolucion2017__plantillarespuestas_definitiva_pe_sello_tcm30-439946.pdf,text_extracted
2017,AEMET A1 Acceso Libre — Primer ejercicio,16,"En relación a la dinámica de los sistemas de partículas en un sistema de referencia inercial, seleccione la respuesta correcta:","El impulso total comunicado a un sistema es igual a la variación de su momento lineal, esto es, a la variación del momento lineal de su centro de masas.","Si el momento respecto a un punto de las fuerzas exteriores que actúan sobre un sistema es nulo, el momento angular del sistema respecto a ese punto también lo es.",El momento angular total de un sistema es siempre igual al momento angular de su centro de masas.,"El centro de masas de un sistema está en reposo o en movimiento rectilíneo uniforme sólo y exclusivamente si no actúan fuerzas exteriores. 6 | 28 Tribunal Calificador de las Pruebas Selectivas para el acceso al Cuerpo Superior de Meteorólogos del Estado (Resolución del 12 de septiembre de la Subsecretaria del Ministerio de Agricultura y Pesca, Alimentación y Medio Ambiente; BOE 225, de 18 de septiembre) PRIMER EJERCICIO",A,official,https://www.miteco.gob.es/content/dam/miteco/es/ministerio/empleo-publico/personal-funcionario/primer_ejercicio_v2_tcm30-437875.pdf,https://www.miteco.gob.es/content/dam/miteco/es/ministerio/empleo-publico/personal-funcionario/resolucion2017__plantillarespuestas_definitiva_pe_sello_tcm30-439946.pdf,text_extracted
2017,AEMET A1 Acceso Libre — Primer ejercicio,17,"En el movimiento de una partícula de masa m en un campo de fuerzas central, con energía potencial U(r) y momento angular L, la energía potencial efectiva vale:",U(r) + L2/(2 m r2),-2 U(r) + L2/(2 m r2),L2/(m r2),½ m r2 + L2/(2 m r2),A,official,https://www.miteco.gob.es/content/dam/miteco/es/ministerio/empleo-publico/personal-funcionario/primer_ejercicio_v2_tcm30-437875.pdf,https://www.miteco.gob.es/content/dam/miteco/es/ministerio/empleo-publico/personal-funcionario/resolucion2017__plantillarespuestas_definitiva_pe_sello_tcm30-439946.pdf,text_extracted
2017,AEMET A1 Acceso Libre — Primer ejercicio,18,Con relación a las ecuaciones de Euler del movimiento del sólido rígido señale la respuesta correcta:,Se refieren a ejes de referencia fijos con relación al sólido.,Son ecuaciones diferenciales de segundo orden en las velocidades angulares.,Incluyen términos no diagonales del tensor de inercia del sólido.,Suponen que el centro de masas del sólido está en el interior del mismo.,A,official,https://www.miteco.gob.es/content/dam/miteco/es/ministerio/empleo-publico/personal-funcionario/primer_ejercicio_v2_tcm30-437875.pdf,https://www.miteco.gob.es/content/dam/miteco/es/ministerio/empleo-publico/personal-funcionario/resolucion2017__plantillarespuestas_definitiva_pe_sello_tcm30-439946.pdf,text_extracted
2017,AEMET A1 Acceso Libre — Primer ejercicio,19,"En un fluido viscoso newtoniano, incompresible, sin fuerzas externas actuando sobre él, las componentes de la velocidad son: 𝑢 = 𝑎𝑦 − 𝑏(𝑐𝑦 − 𝑦 2 ) ; 𝑣 = 𝑤 = 0, donde 𝑎, 𝑏 y 𝑐 son constantes arbitrarias. ¿Qué combinación de constantes 𝑎, 𝑏 y 𝑐 dará lugar a que se anule el esfuerzo 𝜎𝑦𝑥 en 𝑦 = 0?",𝑎 = 𝑏𝑐,𝑎=𝑏,𝑎 = 2𝑏𝑐,𝑎 = 2𝑏,A,official,https://www.miteco.gob.es/content/dam/miteco/es/ministerio/empleo-publico/personal-funcionario/primer_ejercicio_v2_tcm30-437875.pdf,https://www.miteco.gob.es/content/dam/miteco/es/ministerio/empleo-publico/personal-funcionario/resolucion2017__plantillarespuestas_definitiva_pe_sello_tcm30-439946.pdf,text_extracted
2017,AEMET A1 Acceso Libre — Primer ejercicio,20,La ecuación de continuidad de un fluido incompresible es:,∂ρ/∂t = 0,dv2/dt = 0,div v = 0,grad p = 0,C,official,https://www.miteco.gob.es/content/dam/miteco/es/ministerio/empleo-publico/personal-funcionario/primer_ejercicio_v2_tcm30-437875.pdf,https://www.miteco.gob.es/content/dam/miteco/es/ministerio/empleo-publico/personal-funcionario/resolucion2017__plantillarespuestas_definitiva_pe_sello_tcm30-439946.pdf,text_extracted
2017,AEMET A1 Acceso Libre — Primer ejercicio,21,La ecuación de Navier-Stokes introduce el efecto de la viscosidad:,En la ecuación de Kelvin.,En la ecuación de Laplace.,En la ecuación de continuidad de la masa.,"En la ecuación de Euler. 7 | 28 Tribunal Calificador de las Pruebas Selectivas para el acceso al Cuerpo Superior de Meteorólogos del Estado (Resolución del 12 de septiembre de la Subsecretaria del Ministerio de Agricultura y Pesca, Alimentación y Medio Ambiente; BOE 225, de 18 de septiembre) PRIMER EJERCICIO",D,official,https://www.miteco.gob.es/content/dam/miteco/es/ministerio/empleo-publico/personal-funcionario/primer_ejercicio_v2_tcm30-437875.pdf,https://www.miteco.gob.es/content/dam/miteco/es/ministerio/empleo-publico/personal-funcionario/resolucion2017__plantillarespuestas_definitiva_pe_sello_tcm30-439946.pdf,text_extracted
2017,AEMET A1 Acceso Libre — Primer ejercicio,22,¿Cuál de estas afirmaciones es FALSA?,"En ondas esféricas, el frente de onda se compone de esferas con centro en el punto donde se originó la perturbación.",La velocidad de grupo es la velocidad a la que se desplaza un tren de ondas.,La velocidad de fase es la velocidad de propagación de una onda monocromática.,Si el medio es dispersivo la velocidad de grupo siempre coincide con la velocidad de fase.,D,official,https://www.miteco.gob.es/content/dam/miteco/es/ministerio/empleo-publico/personal-funcionario/primer_ejercicio_v2_tcm30-437875.pdf,https://www.miteco.gob.es/content/dam/miteco/es/ministerio/empleo-publico/personal-funcionario/resolucion2017__plantillarespuestas_definitiva_pe_sello_tcm30-439946.pdf,text_extracted
2017,AEMET A1 Acceso Libre — Primer ejercicio,23,"La densidad de energía de un campo electromagnético en el vacío en unidades del S.I., es:",1/4(𝛆 0 E² + B²/μₒ),1/4(𝛆 0 B² + E²/μₒ),1/2(𝛆 0 E² + B²/μₒ),1/2(𝛆 0 B² + E²/μₒ),C,official,https://www.miteco.gob.es/content/dam/miteco/es/ministerio/empleo-publico/personal-funcionario/primer_ejercicio_v2_tcm30-437875.pdf,https://www.miteco.gob.es/content/dam/miteco/es/ministerio/empleo-publico/personal-funcionario/resolucion2017__plantillarespuestas_definitiva_pe_sello_tcm30-439946.pdf,text_extracted
2017,AEMET A1 Acceso Libre — Primer ejercicio,24,"El índice de refracción de una onda electromagnética que atraviesa un medio dispersivo, depende de:",El frente de onda.,La fase de la onda.,La frecuencia de la onda.,La velocidad de la onda.,C,official,https://www.miteco.gob.es/content/dam/miteco/es/ministerio/empleo-publico/personal-funcionario/primer_ejercicio_v2_tcm30-437875.pdf,https://www.miteco.gob.es/content/dam/miteco/es/ministerio/empleo-publico/personal-funcionario/resolucion2017__plantillarespuestas_definitiva_pe_sello_tcm30-439946.pdf,text_extracted
2017,AEMET A1 Acceso Libre — Primer ejercicio,25,"Cuando una fuente luminosa se encuentra cerca de una rendija, se aplican:",Las leyes de difracción de Fresnel.,Las leyes de difracción de Fraunhofer.,Las leyes de interferencia de Rayleigh.,Las leyes de difracción de Wien.,A,official,https://www.miteco.gob.es/content/dam/miteco/es/ministerio/empleo-publico/personal-funcionario/primer_ejercicio_v2_tcm30-437875.pdf,https://www.miteco.gob.es/content/dam/miteco/es/ministerio/empleo-publico/personal-funcionario/resolucion2017__plantillarespuestas_definitiva_pe_sello_tcm30-439946.pdf,text_extracted
2017,AEMET A1 Acceso Libre — Primer ejercicio,26,"En un proceso adiabático reversible, la entropía de un sistema cerrado:",Puede aumentar o disminuir dependiendo de cómo evolucione su entorno.,Aumenta en todo caso.,Permanece constante solo si el trabajo es nulo.,"Permanece constante en todo caso. 8 | 28 Tribunal Calificador de las Pruebas Selectivas para el acceso al Cuerpo Superior de Meteorólogos del Estado (Resolución del 12 de septiembre de la Subsecretaria del Ministerio de Agricultura y Pesca, Alimentación y Medio Ambiente; BOE 225, de 18 de septiembre) PRIMER EJERCICIO",D,official,https://www.miteco.gob.es/content/dam/miteco/es/ministerio/empleo-publico/personal-funcionario/primer_ejercicio_v2_tcm30-437875.pdf,https://www.miteco.gob.es/content/dam/miteco/es/ministerio/empleo-publico/personal-funcionario/resolucion2017__plantillarespuestas_definitiva_pe_sello_tcm30-439946.pdf,text_extracted
2017,AEMET A1 Acceso Libre — Primer ejercicio,27,"En un sistema termodinámico en contacto con una fuente a la temperatura fija T que experimenta una transformación a presión constante, se cumple necesariamente que:",La energía interna del sistema nunca aumenta.,La entalpía del sistema nunca disminuye.,La energía libre de Helmholtz nunca disminuye.,La energía libre de Gibbs nunca aumenta.,D,official,https://www.miteco.gob.es/content/dam/miteco/es/ministerio/empleo-publico/personal-funcionario/primer_ejercicio_v2_tcm30-437875.pdf,https://www.miteco.gob.es/content/dam/miteco/es/ministerio/empleo-publico/personal-funcionario/resolucion2017__plantillarespuestas_definitiva_pe_sello_tcm30-439946.pdf,text_extracted
2017,AEMET A1 Acceso Libre — Primer ejercicio,28,"Considere un sistema termodinámico aislado a la temperatura T que experimenta un aumento de entropía ∆S, y sea T0 la temperatura de la fuente calorífica más fría disponible. Con relación a la cantidad de energía disponible E para producir trabajo, señale la afirmación correcta:",E aumenta en una cantidad igual a T ∆S,E no varía al estar el sistema aislado.,E disminuye en una cantidad igual a T0 ∆S,E disminuye en una cantidad igual a (T - T0) ∆S,C,official,https://www.miteco.gob.es/content/dam/miteco/es/ministerio/empleo-publico/personal-funcionario/primer_ejercicio_v2_tcm30-437875.pdf,https://www.miteco.gob.es/content/dam/miteco/es/ministerio/empleo-publico/personal-funcionario/resolucion2017__plantillarespuestas_definitiva_pe_sello_tcm30-439946.pdf,text_extracted
2017,AEMET A1 Acceso Libre — Primer ejercicio,29,La cantidad física 2ℎ𝑐 2 ⁄[𝜆5 (𝑒 ℎ𝑐 ⁄𝜆𝑘𝑇 − 1)] representa:,El poder emisivo total de un cuerpo negro.,El poder emisivo total de una superficie selectiva.,La emitancia de un cuerpo negro.,La radiancia de un cuerpo negro.,D,official,https://www.miteco.gob.es/content/dam/miteco/es/ministerio/empleo-publico/personal-funcionario/primer_ejercicio_v2_tcm30-437875.pdf,https://www.miteco.gob.es/content/dam/miteco/es/ministerio/empleo-publico/personal-funcionario/resolucion2017__plantillarespuestas_definitiva_pe_sello_tcm30-439946.pdf,text_extracted
2017,AEMET A1 Acceso Libre — Primer ejercicio,30,"Se han efectuado medidas sobre un cuerpo negro a dos temperaturas TA y TB, encontrándose que la razón de irradiancias (W m-2) vale 81. Entonces la razón de longitudes de onda en que la densidad de energía es máxima, a esas mismas temperaturas TA y TB, tiene el valor:",1/3,3 0.5,1/9,"Depende del coeficiente de absorción del cuerpo. 9 | 28 Tribunal Calificador de las Pruebas Selectivas para el acceso al Cuerpo Superior de Meteorólogos del Estado (Resolución del 12 de septiembre de la Subsecretaria del Ministerio de Agricultura y Pesca, Alimentación y Medio Ambiente; BOE 225, de 18 de septiembre) PRIMER EJERCICIO",A,official,https://www.miteco.gob.es/content/dam/miteco/es/ministerio/empleo-publico/personal-funcionario/primer_ejercicio_v2_tcm30-437875.pdf,https://www.miteco.gob.es/content/dam/miteco/es/ministerio/empleo-publico/personal-funcionario/resolucion2017__plantillarespuestas_definitiva_pe_sello_tcm30-439946.pdf,text_extracted
2017,AEMET A1 Acceso Libre — Primer ejercicio,31,¿En qué capas de la atmósfera la temperatura crece con la altura?,"Estratosfera, termosfera y mesosfera.",Termosfera y mesosfera.,Estratosfera y mesosfera.,Estratosfera y termosfera.,D,official,https://www.miteco.gob.es/content/dam/miteco/es/ministerio/empleo-publico/personal-funcionario/primer_ejercicio_v2_tcm30-437875.pdf,https://www.miteco.gob.es/content/dam/miteco/es/ministerio/empleo-publico/personal-funcionario/resolucion2017__plantillarespuestas_definitiva_pe_sello_tcm30-439946.pdf,text_extracted
2017,AEMET A1 Acceso Libre — Primer ejercicio,32,El estándar ISO 2533:1975 recoge la Atmósfera Estándar Internacional (ISA). En esta atmósfera cuál de estas afirmaciones es FALSA.,Supone que la atmósfera es un gas ideal que se encuentra en equilibrio hidrostático en presencia de un campo gravitatorio uniforme de valor absoluto g.,Se basa en las condiciones promedio de latitudes medias.,La tropopausa se sitúa a 11km de altitud.,La temperatura de la troposfera a nivel del mar es de 13 oC.,D,official,https://www.miteco.gob.es/content/dam/miteco/es/ministerio/empleo-publico/personal-funcionario/primer_ejercicio_v2_tcm30-437875.pdf,https://www.miteco.gob.es/content/dam/miteco/es/ministerio/empleo-publico/personal-funcionario/resolucion2017__plantillarespuestas_definitiva_pe_sello_tcm30-439946.pdf,text_extracted
2017,AEMET A1 Acceso Libre — Primer ejercicio,33,"A grandes rasgos, el aire de la alta troposfera y el aire de la baja estratosfera, se puede considerar que es, respectivamente:",Rico en ozono y húmedo.,Pobre en ozono y húmedo.,Rico en ozono y seco.,Pobre en ozono y seco.,D,official,https://www.miteco.gob.es/content/dam/miteco/es/ministerio/empleo-publico/personal-funcionario/primer_ejercicio_v2_tcm30-437875.pdf,https://www.miteco.gob.es/content/dam/miteco/es/ministerio/empleo-publico/personal-funcionario/resolucion2017__plantillarespuestas_definitiva_pe_sello_tcm30-439946.pdf,text_extracted
2017,AEMET A1 Acceso Libre — Primer ejercicio,34,Señale la respuesta correcta en relación con las curvas de un diagrama termodinámico atmosférico:,Al ascender por una pseudo-adiabática se van cruzando líneas de mayor razón de mezcla saturante.,En los niveles altos de la atmósfera las líneas pseudo-adiabáticas son menos paralelas a las líneas adiabáticas secas que en los niveles bajos.,La pendiente en oC/m en valor absoluto de las líneas adiabáticas secas es menor que la pendiente de las líneas pseudo-adiabáticas.,"Las líneas de razón de mezcla saturante cortan isotermas de temperaturas menores a medida que se asciende. 10 | 28 Tribunal Calificador de las Pruebas Selectivas para el acceso al Cuerpo Superior de Meteorólogos del Estado (Resolución del 12 de septiembre de la Subsecretaria del Ministerio de Agricultura y Pesca, Alimentación y Medio Ambiente; BOE 225, de 18 de septiembre) PRIMER EJERCICIO",D,official,https://www.miteco.gob.es/content/dam/miteco/es/ministerio/empleo-publico/personal-funcionario/primer_ejercicio_v2_tcm30-437875.pdf,https://www.miteco.gob.es/content/dam/miteco/es/ministerio/empleo-publico/personal-funcionario/resolucion2017__plantillarespuestas_definitiva_pe_sello_tcm30-439946.pdf,text_extracted
2017,AEMET A1 Acceso Libre — Primer ejercicio,35,Un criterio para la inestabilidad convectiva de una capa de aire frente a ascensos es:,Que la temperatura potencial del termómetro húmedo decrezca con z.,Que la temperatura del rocío decrezca con z.,Que la temperatura del termómetro húmedo crezca con z.,Que la capa esté más saturada por arriba que por abajo.,A,official,https://www.miteco.gob.es/content/dam/miteco/es/ministerio/empleo-publico/personal-funcionario/primer_ejercicio_v2_tcm30-437875.pdf,https://www.miteco.gob.es/content/dam/miteco/es/ministerio/empleo-publico/personal-funcionario/resolucion2017__plantillarespuestas_definitiva_pe_sello_tcm30-439946.pdf,text_extracted
2017,AEMET A1 Acceso Libre — Primer ejercicio,36,¿Qué mecanismo produce una inversión de subsidencia?,Un movimiento adiabático descendente de aire estable en el seno de un anticiclón.,La intensa radiación térmica nocturna desde el suelo hacia capas de aire superiores.,La turbulencia producida por la cizalladura del viento con la altura.,El calentamiento diabático de capas atmosféricas intermedias.,A,official,https://www.miteco.gob.es/content/dam/miteco/es/ministerio/empleo-publico/personal-funcionario/primer_ejercicio_v2_tcm30-437875.pdf,https://www.miteco.gob.es/content/dam/miteco/es/ministerio/empleo-publico/personal-funcionario/resolucion2017__plantillarespuestas_definitiva_pe_sello_tcm30-439946.pdf,text_extracted
2017,AEMET A1 Acceso Libre — Primer ejercicio,37,"Sea una partícula de aire inicialmente al nivel de presión 1000 hPa, teniendo en este nivel una temperatura de 22 oC. Se eleva adiabáticamente sin saturar hasta el nivel de presión de 700 hPa. Se puede decir que:",Su temperatura potencial a 700 hPa es de 20 oC.,Su temperatura pseudoadiabática del termómetro húmedo a 700 hPa es 22 oC.,Su temperatura potencial a 700 hPa es de 22 oC.,Su temperatura a 700 hPa es de 22 oC.,C,official,https://www.miteco.gob.es/content/dam/miteco/es/ministerio/empleo-publico/personal-funcionario/primer_ejercicio_v2_tcm30-437875.pdf,https://www.miteco.gob.es/content/dam/miteco/es/ministerio/empleo-publico/personal-funcionario/resolucion2017__plantillarespuestas_definitiva_pe_sello_tcm30-439946.pdf,text_extracted
2017,AEMET A1 Acceso Libre — Primer ejercicio,38,Diga qué temperaturas son más idóneas para identificar masas de aire que han sufrido condensaciones por ascenso adiabático:,La temperatura del termómetro húmedo y la temperatura virtual.,La pseudotemperatura y la temperatura pseudopotencial.,La temperatura virtual y la temperatura equivalente.,"La temperatura potencial del aire seco y la temperatura en superficie. 11 | 28 Tribunal Calificador de las Pruebas Selectivas para el acceso al Cuerpo Superior de Meteorólogos del Estado (Resolución del 12 de septiembre de la Subsecretaria del Ministerio de Agricultura y Pesca, Alimentación y Medio Ambiente; BOE 225, de 18 de septiembre) PRIMER EJERCICIO",B,official,https://www.miteco.gob.es/content/dam/miteco/es/ministerio/empleo-publico/personal-funcionario/primer_ejercicio_v2_tcm30-437875.pdf,https://www.miteco.gob.es/content/dam/miteco/es/ministerio/empleo-publico/personal-funcionario/resolucion2017__plantillarespuestas_definitiva_pe_sello_tcm30-439946.pdf,text_extracted
2017,AEMET A1 Acceso Libre — Primer ejercicio,39,"En la evolución de una masa de aire saturado que asciende, a igualdad de expansión relativa del aire, señale cuál de las siguientes afirmaciones es correcta:",El aire se enfría más y se condensa más vapor en el ascenso pseudoadiabático que en el adiabático.,El aire se enfría menos y se condensa más vapor en el ascenso pseudoadiabático que en el adiabático.,El aire se enfría igual en ambos casos pero se condensa más vapor en el ascenso pseudoadiabático que en el adiabático.,El aire se enfría menos en el ascenso pseudoadiabático que en el adiabático y se condensa el mismo vapor.,A,official,https://www.miteco.gob.es/content/dam/miteco/es/ministerio/empleo-publico/personal-funcionario/primer_ejercicio_v2_tcm30-437875.pdf,https://www.miteco.gob.es/content/dam/miteco/es/ministerio/empleo-publico/personal-funcionario/resolucion2017__plantillarespuestas_definitiva_pe_sello_tcm30-439946.pdf,text_extracted
2017,AEMET A1 Acceso Libre — Primer ejercicio,40,¿Entre qué longitudes de onda en μm la atmósfera deja pasar casi toda la radiación térmica terrestre?,8 y 12,9 y 15,3 y 10,10 y 20,A,official,https://www.miteco.gob.es/content/dam/miteco/es/ministerio/empleo-publico/personal-funcionario/primer_ejercicio_v2_tcm30-437875.pdf,https://www.miteco.gob.es/content/dam/miteco/es/ministerio/empleo-publico/personal-funcionario/resolucion2017__plantillarespuestas_definitiva_pe_sello_tcm30-439946.pdf,text_extracted
2017,AEMET A1 Acceso Libre — Primer ejercicio,41,El aumento de polvo en la atmósfera procedente de una erupción volcánica produciría:,Aumento de scattering de Mie.,Aumento de scattering de Rayleigh.,Aumento de la constante solar.,Disminución de la constante solar.,A,official,https://www.miteco.gob.es/content/dam/miteco/es/ministerio/empleo-publico/personal-funcionario/primer_ejercicio_v2_tcm30-437875.pdf,https://www.miteco.gob.es/content/dam/miteco/es/ministerio/empleo-publico/personal-funcionario/resolucion2017__plantillarespuestas_definitiva_pe_sello_tcm30-439946.pdf,text_extracted
2017,AEMET A1 Acceso Libre — Primer ejercicio,42,La insolación representa:,Densidad de energía solar.,Potencia radiante solar.,Irradiancia.,"Radiancia. 12 | 28 Tribunal Calificador de las Pruebas Selectivas para el acceso al Cuerpo Superior de Meteorólogos del Estado (Resolución del 12 de septiembre de la Subsecretaria del Ministerio de Agricultura y Pesca, Alimentación y Medio Ambiente; BOE 225, de 18 de septiembre) PRIMER EJERCICIO",A,official,https://www.miteco.gob.es/content/dam/miteco/es/ministerio/empleo-publico/personal-funcionario/primer_ejercicio_v2_tcm30-437875.pdf,https://www.miteco.gob.es/content/dam/miteco/es/ministerio/empleo-publico/personal-funcionario/resolucion2017__plantillarespuestas_definitiva_pe_sello_tcm30-439946.pdf,text_extracted
2017,AEMET A1 Acceso Libre — Primer ejercicio,43,Señale la respuesta correcta:,Se denomina nube “caliente” aquella cuya cima supera los 5 oC.,El mecanismo responsable de la precipitación en las nubes calientes es la coalescencia entre las gotitas nubosas.,La velocidad relativa de crecimiento de un cristal de hielo diminuto que crece por difusión en un ambiente saturado respecto al agua es más lento que el de coalescencia de las gotitas nubosas para radios pequeños.,Ninguna de las contestaciones anteriores.,B,official,https://www.miteco.gob.es/content/dam/miteco/es/ministerio/empleo-publico/personal-funcionario/primer_ejercicio_v2_tcm30-437875.pdf,https://www.miteco.gob.es/content/dam/miteco/es/ministerio/empleo-publico/personal-funcionario/resolucion2017__plantillarespuestas_definitiva_pe_sello_tcm30-439946.pdf,text_extracted
2017,AEMET A1 Acceso Libre — Primer ejercicio,44,La transición de tamaño de cristal de hielo minúsculo a grande se ve favorecido prioritariamente por un proceso de:,Coalescencia con gotas menores.,Deposición de vapor.,Acreción de gotas subfundidas.,Fusión de cristales de hielo.,B,official,https://www.miteco.gob.es/content/dam/miteco/es/ministerio/empleo-publico/personal-funcionario/primer_ejercicio_v2_tcm30-437875.pdf,https://www.miteco.gob.es/content/dam/miteco/es/ministerio/empleo-publico/personal-funcionario/resolucion2017__plantillarespuestas_definitiva_pe_sello_tcm30-439946.pdf,text_extracted
2017,AEMET A1 Acceso Libre — Primer ejercicio,45,Conteste cuál de estas afirmaciones sobre las coronas es FALSA:,Pueden observarse coronas tanto con la luz del sol como con la luz de la luna.,Pueden formarse con varios anillos.,El color interior de la corona es rojo mientras que el exterior es azul.,Se forman por difracción de la luz por gotas de agua.,C,official,https://www.miteco.gob.es/content/dam/miteco/es/ministerio/empleo-publico/personal-funcionario/primer_ejercicio_v2_tcm30-437875.pdf,https://www.miteco.gob.es/content/dam/miteco/es/ministerio/empleo-publico/personal-funcionario/resolucion2017__plantillarespuestas_definitiva_pe_sello_tcm30-439946.pdf,text_extracted
2017,AEMET A1 Acceso Libre — Primer ejercicio,46,Cuál de las siguientes afirmaciones sobre la dispersión atmosférica es cierta:,La intensidad de la luz dispersada según la ley de Rayleigh es inversamente proporcional a λ4.,La teoría de Rayleigh es válida cuando la relación entre el radio de la partícula y la longitud de onda es r ≈ λ.,"La dispersión de Mie no produce un haz simétrico, de manera que la mayor difusión se produce en el sentido contrario al rayo de luz incidente.","La intensidad de la luz dispersada según la ley de Rayleigh es directamente proporcional a la fase de la onda. 13 | 28 Tribunal Calificador de las Pruebas Selectivas para el acceso al Cuerpo Superior de Meteorólogos del Estado (Resolución del 12 de septiembre de la Subsecretaria del Ministerio de Agricultura y Pesca, Alimentación y Medio Ambiente; BOE 225, de 18 de septiembre) PRIMER EJERCICIO",A,official,https://www.miteco.gob.es/content/dam/miteco/es/ministerio/empleo-publico/personal-funcionario/primer_ejercicio_v2_tcm30-437875.pdf,https://www.miteco.gob.es/content/dam/miteco/es/ministerio/empleo-publico/personal-funcionario/resolucion2017__plantillarespuestas_definitiva_pe_sello_tcm30-439946.pdf,text_extracted
2017,AEMET A1 Acceso Libre — Primer ejercicio,47,La teoría de la temperatura de inversión de la carga establece que existe una transferencia de carga eléctrica dependiente de la temperatura durante la colisión entre partículas de granizo y cristales de hielo dentro de una nube. Esta teoría:,No sirve para explicar el modelo tripolar de distribución de carga en las nubes de tormenta.,Establece la existencia de una temperatura de inversión de la carga cuyo valor está comprendido entre -25 oC y -30 oC.,Establece la existencia de una temperatura de inversión de la carga a una altura de 10 km.,"Establece que para temperaturas menores a la temperatura de inversión de la carga, las partículas de granizo se cargan negativamente.",D,official,https://www.miteco.gob.es/content/dam/miteco/es/ministerio/empleo-publico/personal-funcionario/primer_ejercicio_v2_tcm30-437875.pdf,https://www.miteco.gob.es/content/dam/miteco/es/ministerio/empleo-publico/personal-funcionario/resolucion2017__plantillarespuestas_definitiva_pe_sello_tcm30-439946.pdf,text_extracted
2017,AEMET A1 Acceso Libre — Primer ejercicio,48,¿Cuál de las siguientes afirmaciones de los satélites de órbita polar es FALSA?,La altura aproximada en la cual orbitan los satélites polares es 800 Km.,Pasan al menos 4 veces al día sobre un mismo punto del ecuador.,Su órbita está más cerca de la Tierra que la de los geoestacionarios.,Son los únicos que toman medidas sobre los polos.,B,official,https://www.miteco.gob.es/content/dam/miteco/es/ministerio/empleo-publico/personal-funcionario/primer_ejercicio_v2_tcm30-437875.pdf,https://www.miteco.gob.es/content/dam/miteco/es/ministerio/empleo-publico/personal-funcionario/resolucion2017__plantillarespuestas_definitiva_pe_sello_tcm30-439946.pdf,text_extracted
2017,AEMET A1 Acceso Libre — Primer ejercicio,49,Cuál de estos parámetros del radar determina la distancia máxima en la que opera:,Duración del pulso.,Frecuencia de repetición de pulsos.,Longitud de onda.,Frecuencia de la señal.,B,official,https://www.miteco.gob.es/content/dam/miteco/es/ministerio/empleo-publico/personal-funcionario/primer_ejercicio_v2_tcm30-437875.pdf,https://www.miteco.gob.es/content/dam/miteco/es/ministerio/empleo-publico/personal-funcionario/resolucion2017__plantillarespuestas_definitiva_pe_sello_tcm30-439946.pdf,text_extracted
2017,AEMET A1 Acceso Libre — Primer ejercicio,50,¿Qué es el EchoTOP?,La altura máxima a la que se encuentran ecos con un umbral de reflectividad (Z) dado.,La altura a la que se sitúan los ecos de máxima reflectividad.,El valor de la reflectividad máxima (Zmax).,"La reflectividad del PPI de 5 km. 14 | 28 Tribunal Calificador de las Pruebas Selectivas para el acceso al Cuerpo Superior de Meteorólogos del Estado (Resolución del 12 de septiembre de la Subsecretaria del Ministerio de Agricultura y Pesca, Alimentación y Medio Ambiente; BOE 225, de 18 de septiembre) PRIMER EJERCICIO",A,official,https://www.miteco.gob.es/content/dam/miteco/es/ministerio/empleo-publico/personal-funcionario/primer_ejercicio_v2_tcm30-437875.pdf,https://www.miteco.gob.es/content/dam/miteco/es/ministerio/empleo-publico/personal-funcionario/resolucion2017__plantillarespuestas_definitiva_pe_sello_tcm30-439946.pdf,text_extracted
2017,AEMET A1 Acceso Libre — Primer ejercicio,51,¿Cuál de estas turbulencias no afecta a las operaciones de despegue y aterrizaje de aeronaves?,Turbulencia mecánica.,Turbulencia asociada a frentes.,Turbulencia de estela.,Turbulencia en aire claro.,D,official,https://www.miteco.gob.es/content/dam/miteco/es/ministerio/empleo-publico/personal-funcionario/primer_ejercicio_v2_tcm30-437875.pdf,https://www.miteco.gob.es/content/dam/miteco/es/ministerio/empleo-publico/personal-funcionario/resolucion2017__plantillarespuestas_definitiva_pe_sello_tcm30-439946.pdf,text_extracted
2017,AEMET A1 Acceso Libre — Primer ejercicio,52,Cuál de estas afirmaciones respecto a la turbulencia en aire claro es FALSA:,Suele ir asociada a la corriente en chorro.,Se detecta con facilidad en el mapa de geopotencial en 700 mb.,Puede ser muy peligrosa para la aviación.,No es detectable visualmente en vuelo.,B,official,https://www.miteco.gob.es/content/dam/miteco/es/ministerio/empleo-publico/personal-funcionario/primer_ejercicio_v2_tcm30-437875.pdf,https://www.miteco.gob.es/content/dam/miteco/es/ministerio/empleo-publico/personal-funcionario/resolucion2017__plantillarespuestas_definitiva_pe_sello_tcm30-439946.pdf,text_extracted
2017,AEMET A1 Acceso Libre — Primer ejercicio,53,El flujo ciclostrófico:,Surge cuando el gradiente de presión es despreciable y existe un balance entre la fuerza de Coriolis y la fuerza centrífuga.,Es una aproximación válida para números de Rossby muy pequeños.,"Puede ser ciclónico o anticiclónico, pero en ambos casos el gradiente de presión está dirigido hacia el centro de curvatura.",Es la suma del flujo geostrófico y del flujo inercial.,C,official,https://www.miteco.gob.es/content/dam/miteco/es/ministerio/empleo-publico/personal-funcionario/primer_ejercicio_v2_tcm30-437875.pdf,https://www.miteco.gob.es/content/dam/miteco/es/ministerio/empleo-publico/personal-funcionario/resolucion2017__plantillarespuestas_definitiva_pe_sello_tcm30-439946.pdf,text_extracted
2017,AEMET A1 Acceso Libre — Primer ejercicio,54,El viento térmico:,Sopla siempre perpendicularmente a las isotermas.,Implica siempre advección de aire cálido.,Implica siempre advección de aire frío.,"En el Hemisferio Norte deja siempre el aire cálido a su derecha y el aire frío a su izquierda. 15 | 28 Tribunal Calificador de las Pruebas Selectivas para el acceso al Cuerpo Superior de Meteorólogos del Estado (Resolución del 12 de septiembre de la Subsecretaria del Ministerio de Agricultura y Pesca, Alimentación y Medio Ambiente; BOE 225, de 18 de septiembre) PRIMER EJERCICIO",D,official,https://www.miteco.gob.es/content/dam/miteco/es/ministerio/empleo-publico/personal-funcionario/primer_ejercicio_v2_tcm30-437875.pdf,https://www.miteco.gob.es/content/dam/miteco/es/ministerio/empleo-publico/personal-funcionario/resolucion2017__plantillarespuestas_definitiva_pe_sello_tcm30-439946.pdf,text_extracted
2017,AEMET A1 Acceso Libre — Primer ejercicio,55,"De acuerdo con el análisis de escala, en las ecuaciones de pronóstico aproximadas:",El término de aceleración es aproximadamente un orden de magnitud menor que el término de Coriolis y que el término de gradiente de presión.,El término de aceleración es aproximadamente un orden de magnitud mayor que el término de Coriolis y que el término de gradiente de presión.,El término de aceleración tiene aproximadamente el mismo orden de magnitud que el término de Coriolis y que el término de gradiente de presión.,"No aparece el término de aceleración, pues estas ecuaciones simplemente representan el balance entre la fuerza de Coriolis y la fuerza de gradiente de presión.",A,official,https://www.miteco.gob.es/content/dam/miteco/es/ministerio/empleo-publico/personal-funcionario/primer_ejercicio_v2_tcm30-437875.pdf,https://www.miteco.gob.es/content/dam/miteco/es/ministerio/empleo-publico/personal-funcionario/resolucion2017__plantillarespuestas_definitiva_pe_sello_tcm30-439946.pdf,text_extracted
2017,AEMET A1 Acceso Libre — Primer ejercicio,56,La aproximación cuasigeostrófica:,Solo es válida para flujo no divergente.,Utiliza la técnica de las analogías.,Determina las ondas de gravedad.,Filtra ruido meteorológico.,D,official,https://www.miteco.gob.es/content/dam/miteco/es/ministerio/empleo-publico/personal-funcionario/primer_ejercicio_v2_tcm30-437875.pdf,https://www.miteco.gob.es/content/dam/miteco/es/ministerio/empleo-publico/personal-funcionario/resolucion2017__plantillarespuestas_definitiva_pe_sello_tcm30-439946.pdf,text_extracted
2017,AEMET A1 Acceso Libre — Primer ejercicio,57,El orden de magnitud en ms-2 del término que representa el efecto de la curvatura de la Tierra en la ecuación de momento vertical es:,10-7,10-3,10-8,10-5,D,official,https://www.miteco.gob.es/content/dam/miteco/es/ministerio/empleo-publico/personal-funcionario/primer_ejercicio_v2_tcm30-437875.pdf,https://www.miteco.gob.es/content/dam/miteco/es/ministerio/empleo-publico/personal-funcionario/resolucion2017__plantillarespuestas_definitiva_pe_sello_tcm30-439946.pdf,text_extracted
2017,AEMET A1 Acceso Libre — Primer ejercicio,58,Las ondas de Rossby:,Solo aparecen cuando se considera que el parámetro de Coriolis f es constante.,Son no dispersivas.,Siempre se propagan hacia el Oeste respecto a la superficie de la Tierra.,"Para una misma longitud de onda tienen una velocidad de fase respecto del flujo zonal medio, que es mayor en valor absoluto en latitudes bajas que en latitudes altas. 16 | 28 Tribunal Calificador de las Pruebas Selectivas para el acceso al Cuerpo Superior de Meteorólogos del Estado (Resolución del 12 de septiembre de la Subsecretaria del Ministerio de Agricultura y Pesca, Alimentación y Medio Ambiente; BOE 225, de 18 de septiembre) PRIMER EJERCICIO",D,official,https://www.miteco.gob.es/content/dam/miteco/es/ministerio/empleo-publico/personal-funcionario/primer_ejercicio_v2_tcm30-437875.pdf,https://www.miteco.gob.es/content/dam/miteco/es/ministerio/empleo-publico/personal-funcionario/resolucion2017__plantillarespuestas_definitiva_pe_sello_tcm30-439946.pdf,text_extracted
2017,AEMET A1 Acceso Libre — Primer ejercicio,59,"Señale la afirmación correcta respecto de la tendencia del geopotencial, suponiendo que el calor diabático es igual a cero:",Su aumento o disminución viene determinado exclusivamente por la advección de vorticidad.,Su aumento o disminución viene determinado exclusivamente por la advección de espesores.,La advección de vorticidad domina en la alta troposfera y la advección de espesores en la baja troposfera.,Su aumento o disminución viene determinado por la velocidad vertical.,C,official,https://www.miteco.gob.es/content/dam/miteco/es/ministerio/empleo-publico/personal-funcionario/primer_ejercicio_v2_tcm30-437875.pdf,https://www.miteco.gob.es/content/dam/miteco/es/ministerio/empleo-publico/personal-funcionario/resolucion2017__plantillarespuestas_definitiva_pe_sello_tcm30-439946.pdf,text_extracted
2017,AEMET A1 Acceso Libre — Primer ejercicio,60,La ecuación omega da un diagnóstico de la velocidad vertical a escala sinóptica ¿Qué campo en un instante de tiempo determinado es suficiente para resolverla?,Viento.,Tendencia de la vorticidad.,Tendencia de la temperatura.,Geopotencial.,D,official,https://www.miteco.gob.es/content/dam/miteco/es/ministerio/empleo-publico/personal-funcionario/primer_ejercicio_v2_tcm30-437875.pdf,https://www.miteco.gob.es/content/dam/miteco/es/ministerio/empleo-publico/personal-funcionario/resolucion2017__plantillarespuestas_definitiva_pe_sello_tcm30-439946.pdf,text_extracted
2017,AEMET A1 Acceso Libre — Primer ejercicio,61,Para construir un modelo baroclínico de dos niveles se precisa aplicar las siguientes ecuaciones:,Ecuación de la energía y de la divergencia.,Ecuación de la vorticidad y de la divergencia.,Ecuación de la vorticidad y ecuación omega.,Ecuación de la vorticidad y de la energía.,D,official,https://www.miteco.gob.es/content/dam/miteco/es/ministerio/empleo-publico/personal-funcionario/primer_ejercicio_v2_tcm30-437875.pdf,https://www.miteco.gob.es/content/dam/miteco/es/ministerio/empleo-publico/personal-funcionario/resolucion2017__plantillarespuestas_definitiva_pe_sello_tcm30-439946.pdf,text_extracted
2017,AEMET A1 Acceso Libre — Primer ejercicio,62,Cuál de estas afirmaciones es FALSA:,En un frente frío existen abundantes nubes de desarrollo vertical.,En un frente cálido la nubosidad es principalmente estratiforme.,El frente ocluido se produce cuando el frente cálido alcanza al frente frío.,"El frente polar es el límite que separa el aire polar del aire tropical y puede comportarse como un frente frío o un frente cálido. 17 | 28 Tribunal Calificador de las Pruebas Selectivas para el acceso al Cuerpo Superior de Meteorólogos del Estado (Resolución del 12 de septiembre de la Subsecretaria del Ministerio de Agricultura y Pesca, Alimentación y Medio Ambiente; BOE 225, de 18 de septiembre) PRIMER EJERCICIO",C,official,https://www.miteco.gob.es/content/dam/miteco/es/ministerio/empleo-publico/personal-funcionario/primer_ejercicio_v2_tcm30-437875.pdf,https://www.miteco.gob.es/content/dam/miteco/es/ministerio/empleo-publico/personal-funcionario/resolucion2017__plantillarespuestas_definitiva_pe_sello_tcm30-439946.pdf,text_extracted
2017,AEMET A1 Acceso Libre — Primer ejercicio,63,"La ecuación de Margules al aplicarla a un frente, considerando este como una discontinuidad en la temperatura, determina:",La velocidad del viento en el eje paralelo a la discontinuidad.,La pendiente de la superficie de discontinuidad de la temperatura.,El tiempo necesario para que se produzca una oclusión.,El incremento de temperatura crítico para que se genere un frente.,B,official,https://www.miteco.gob.es/content/dam/miteco/es/ministerio/empleo-publico/personal-funcionario/primer_ejercicio_v2_tcm30-437875.pdf,https://www.miteco.gob.es/content/dam/miteco/es/ministerio/empleo-publico/personal-funcionario/resolucion2017__plantillarespuestas_definitiva_pe_sello_tcm30-439946.pdf,text_extracted
2017,AEMET A1 Acceso Libre — Primer ejercicio,64,"Sea un viento zonal del Oeste que incide sobre una cordillera en dirección Norte-Sur, se induce una perturbación de la presión:",Positiva a barlovento y negativa a sotavento.,Negativa a barlovento y positiva a sotavento.,Positiva en ambos lados.,Negativa en ambos lados.,A,official,https://www.miteco.gob.es/content/dam/miteco/es/ministerio/empleo-publico/personal-funcionario/primer_ejercicio_v2_tcm30-437875.pdf,https://www.miteco.gob.es/content/dam/miteco/es/ministerio/empleo-publico/personal-funcionario/resolucion2017__plantillarespuestas_definitiva_pe_sello_tcm30-439946.pdf,text_extracted
2017,AEMET A1 Acceso Libre — Primer ejercicio,65,El calentamiento súbito estratosférico:,Es un fenómeno que se produce en cualquier época del año.,Se produce tanto en el Polo Norte como en el Polo Sur.,Es un fenómeno periódico que se produce cada tres años.,Genera vientos del Este en la estratosfera.,D,official,https://www.miteco.gob.es/content/dam/miteco/es/ministerio/empleo-publico/personal-funcionario/primer_ejercicio_v2_tcm30-437875.pdf,https://www.miteco.gob.es/content/dam/miteco/es/ministerio/empleo-publico/personal-funcionario/resolucion2017__plantillarespuestas_definitiva_pe_sello_tcm30-439946.pdf,text_extracted
2017,AEMET A1 Acceso Libre — Primer ejercicio,66,Decir cuál de estas afirmaciones relativas a la Zona de Convergencia Intertropical (ZCIT) es FALSA.,Es la región del globo terrestre donde convergen los vientos alisios del Hemisferio Norte y del Hemisferio Sur.,Su posición determina la franja de fuertes lluvias en las zonas tropicales.,Va acompañada de ascendencias en la troposfera media.,"Se mueve hacia el hemisferio donde es invierno. 18 | 28 Tribunal Calificador de las Pruebas Selectivas para el acceso al Cuerpo Superior de Meteorólogos del Estado (Resolución del 12 de septiembre de la Subsecretaria del Ministerio de Agricultura y Pesca, Alimentación y Medio Ambiente; BOE 225, de 18 de septiembre) PRIMER EJERCICIO",D,official,https://www.miteco.gob.es/content/dam/miteco/es/ministerio/empleo-publico/personal-funcionario/primer_ejercicio_v2_tcm30-437875.pdf,https://www.miteco.gob.es/content/dam/miteco/es/ministerio/empleo-publico/personal-funcionario/resolucion2017__plantillarespuestas_definitiva_pe_sello_tcm30-439946.pdf,text_extracted
2017,AEMET A1 Acceso Libre — Primer ejercicio,67,"Suponga que se resuelve una ecuación en derivadas parciales en una dimensión con el método de diferencias finitas hacia delante en el tiempo y hacia atrás en el espacio con ∆x = 1/10 y ∆t = 1/50. Si aumentamos la resolución espacial con ∆x = 1/20, ¿cuál debe ser el paso de tiempo para mantener los mismos valores en la desigualdad de Courant-Friedrichs-Lewy?",∆t = 1/20,∆t = 1/25,∆t = 1/50,∆t = 1/100,D,official,https://www.miteco.gob.es/content/dam/miteco/es/ministerio/empleo-publico/personal-funcionario/primer_ejercicio_v2_tcm30-437875.pdf,https://www.miteco.gob.es/content/dam/miteco/es/ministerio/empleo-publico/personal-funcionario/resolucion2017__plantillarespuestas_definitiva_pe_sello_tcm30-439946.pdf,text_extracted
2017,AEMET A1 Acceso Libre — Primer ejercicio,68,Señale cuál de estos NO es un factor del clima:,La Luna.,La inclinación del eje de rotación de la Tierra.,Los ciclos de actividad solar.,El movimiento de traslación de la tierra alrededor del Sol.,A,official,https://www.miteco.gob.es/content/dam/miteco/es/ministerio/empleo-publico/personal-funcionario/primer_ejercicio_v2_tcm30-437875.pdf,https://www.miteco.gob.es/content/dam/miteco/es/ministerio/empleo-publico/personal-funcionario/resolucion2017__plantillarespuestas_definitiva_pe_sello_tcm30-439946.pdf,text_extracted
2017,AEMET A1 Acceso Libre — Primer ejercicio,69,La salinidad de la superficie oceánica es mayor en promedio:,En el ecuador que a 30o de latitud.,En los polos que a 30o de latitud.,En el océano Atlántico que en el océano Pacífico.,En el océano Pacífico que en el mar Mediterráneo.,C,official,https://www.miteco.gob.es/content/dam/miteco/es/ministerio/empleo-publico/personal-funcionario/primer_ejercicio_v2_tcm30-437875.pdf,https://www.miteco.gob.es/content/dam/miteco/es/ministerio/empleo-publico/personal-funcionario/resolucion2017__plantillarespuestas_definitiva_pe_sello_tcm30-439946.pdf,text_extracted
2017,AEMET A1 Acceso Libre — Primer ejercicio,70,Señale la afirmación correcta sobre la distribución y variabilidad de la precipitación:,Las cadenas montañosas alteran el régimen de precipitaciones respecto a lo esperado solo con la distribución de vientos: a sotavento de las montañas se produce abundante precipitación y a barlovento escasa precipitación.,Entre 10o S y 10o N la precipitación anual es mayor que entre 10o N y 30o N.,Las zonas polares son las que presentan en términos absolutos las máximas precipitaciones sobre el planeta.,"El monzón de verano es también conocido como el monzón seco por la ausencia de precipitaciones que provoca en la India. 19 | 28 Tribunal Calificador de las Pruebas Selectivas para el acceso al Cuerpo Superior de Meteorólogos del Estado (Resolución del 12 de septiembre de la Subsecretaria del Ministerio de Agricultura y Pesca, Alimentación y Medio Ambiente; BOE 225, de 18 de septiembre) PRIMER EJERCICIO",B,official,https://www.miteco.gob.es/content/dam/miteco/es/ministerio/empleo-publico/personal-funcionario/primer_ejercicio_v2_tcm30-437875.pdf,https://www.miteco.gob.es/content/dam/miteco/es/ministerio/empleo-publico/personal-funcionario/resolucion2017__plantillarespuestas_definitiva_pe_sello_tcm30-439946.pdf,text_extracted
2017,AEMET A1 Acceso Libre — Primer ejercicio,71,La proyección cartográfica Mercator es una proyección de tipo:,Cónica.,Gnómica.,Cilíndrica.,Azimutal.,C,official,https://www.miteco.gob.es/content/dam/miteco/es/ministerio/empleo-publico/personal-funcionario/primer_ejercicio_v2_tcm30-437875.pdf,https://www.miteco.gob.es/content/dam/miteco/es/ministerio/empleo-publico/personal-funcionario/resolucion2017__plantillarespuestas_definitiva_pe_sello_tcm30-439946.pdf,text_extracted
2017,AEMET A1 Acceso Libre — Primer ejercicio,72,Señale cuál es el clima que abunda más en la Península Ibérica de acuerdo con la clasificación climática de Köppen:,Cs,BW,Am,Dw,A,official,https://www.miteco.gob.es/content/dam/miteco/es/ministerio/empleo-publico/personal-funcionario/primer_ejercicio_v2_tcm30-437875.pdf,https://www.miteco.gob.es/content/dam/miteco/es/ministerio/empleo-publico/personal-funcionario/resolucion2017__plantillarespuestas_definitiva_pe_sello_tcm30-439946.pdf,text_extracted
2017,AEMET A1 Acceso Libre — Primer ejercicio,73,Con relación a la circulación general atmosférica señale la afirmación correcta:,Existe un cinturón de altas presiones en cada hemisferio en la latitud 60o.,"Soplan en general vientos de componente Oeste, tanto en superficie como en altura, entre 30o y 60o de latitud.",La zona de convergencia intertropical en el invierno del Hemisferio Norte se sitúa por encima del ecuador.,Soplan vientos de componente Este de intensidad muy fuerte en toda la zona de convergencia intertropical debido a la convergencia de los alisios de ambos hemisferios.,B,official,https://www.miteco.gob.es/content/dam/miteco/es/ministerio/empleo-publico/personal-funcionario/primer_ejercicio_v2_tcm30-437875.pdf,https://www.miteco.gob.es/content/dam/miteco/es/ministerio/empleo-publico/personal-funcionario/resolucion2017__plantillarespuestas_definitiva_pe_sello_tcm30-439946.pdf,text_extracted
2017,AEMET A1 Acceso Libre — Primer ejercicio,74,Las células de Hadley:,Son siempre mucho más fuertes en el Hemisferio Norte (vientos diez veces más fuertes).,Son siempre mucho más fuertes en el Hemisferio Sur (vientos diez veces más fuertes).,Se refuerzan en ambos hemisferios al final del mes de junio.,"Son de intensidades comparables en el verano de ambos hemisferios pero con una intensidad ligeramente superior en el Hemisferio Norte. 20 | 28 Tribunal Calificador de las Pruebas Selectivas para el acceso al Cuerpo Superior de Meteorólogos del Estado (Resolución del 12 de septiembre de la Subsecretaria del Ministerio de Agricultura y Pesca, Alimentación y Medio Ambiente; BOE 225, de 18 de septiembre) PRIMER EJERCICIO 𝑎𝑛𝑢𝑎𝑙 𝑒𝑠𝑡",D,official,https://www.miteco.gob.es/content/dam/miteco/es/ministerio/empleo-publico/personal-funcionario/primer_ejercicio_v2_tcm30-437875.pdf,https://www.miteco.gob.es/content/dam/miteco/es/ministerio/empleo-publico/personal-funcionario/resolucion2017__plantillarespuestas_definitiva_pe_sello_tcm30-439946.pdf,text_extracted
2017,AEMET A1 Acceso Libre — Primer ejercicio,75,"Sea 𝑃̅𝑠𝑓𝑐 la media anual global de la presión en superficie y sea 𝑃̅𝑠𝑓𝑐 la media estacional global de la presión en superficie, señale el orden de magnitud de la variación estacional de 𝑒𝑠𝑡 𝑎𝑛𝑢𝑎𝑙 la presión media global en superficie, 𝑃̅𝑠𝑓𝑐 − 𝑃̅𝑠𝑓𝑐 :","Del orden de 0,1 mb.",Entre 5 y 10 mb.,Entre 10 y 20 mb.,Del orden de 1000 mb.,A,official,https://www.miteco.gob.es/content/dam/miteco/es/ministerio/empleo-publico/personal-funcionario/primer_ejercicio_v2_tcm30-437875.pdf,https://www.miteco.gob.es/content/dam/miteco/es/ministerio/empleo-publico/personal-funcionario/resolucion2017__plantillarespuestas_definitiva_pe_sello_tcm30-439946.pdf,text_extracted
2017,AEMET A1 Acceso Libre — Primer ejercicio,76,¿Cuál de las siguientes NO es una característica de la fase del ENSO correspondiente al fenómeno de El Niño?,Alta presión anómala en el Pacífico Occidental.,Debilitamiento de los vientos alisios en el Pacífico.,Enfriamiento inusual en el Pacífico Oriental.,Incremento de las precipitaciones en el Pacífico Oriental.,C,official,https://www.miteco.gob.es/content/dam/miteco/es/ministerio/empleo-publico/personal-funcionario/primer_ejercicio_v2_tcm30-437875.pdf,https://www.miteco.gob.es/content/dam/miteco/es/ministerio/empleo-publico/personal-funcionario/resolucion2017__plantillarespuestas_definitiva_pe_sello_tcm30-439946.pdf,text_extracted
2017,AEMET A1 Acceso Libre — Primer ejercicio,77,Cuál de estos no es un sumidero de CO2:,El plancton.,El suelo en barbecho.,La biomasa de los bosques.,Los hielos polares.,D,official,https://www.miteco.gob.es/content/dam/miteco/es/ministerio/empleo-publico/personal-funcionario/primer_ejercicio_v2_tcm30-437875.pdf,https://www.miteco.gob.es/content/dam/miteco/es/ministerio/empleo-publico/personal-funcionario/resolucion2017__plantillarespuestas_definitiva_pe_sello_tcm30-439946.pdf,text_extracted
2017,AEMET A1 Acceso Libre — Primer ejercicio,78,Los ciclos orbitales de Milankovitch tienen efecto en la cantidad de insolación recibida en la Tierra. ¿Con cuál de las siguientes afirmaciones son compatibles los datos proxy obtenidos para el estudio de la evolución del clima terrestre?:,El forzamiento radiativo debido a la inclinación del eje de rotación de la Tierra domina en latitudes altas.,El forzamiento radiativo debido a la inclinación del eje de rotación de la Tierra domina en latitudes bajas.,El forzamiento radiativo debido a la excentricidad de la órbita domina en latitudes altas.,"El forzamiento radiativo debido a la excentricidad de la órbita domina en latitudes bajas. 21 | 28 Tribunal Calificador de las Pruebas Selectivas para el acceso al Cuerpo Superior de Meteorólogos del Estado (Resolución del 12 de septiembre de la Subsecretaria del Ministerio de Agricultura y Pesca, Alimentación y Medio Ambiente; BOE 225, de 18 de septiembre) PRIMER EJERCICIO",A,official,https://www.miteco.gob.es/content/dam/miteco/es/ministerio/empleo-publico/personal-funcionario/primer_ejercicio_v2_tcm30-437875.pdf,https://www.miteco.gob.es/content/dam/miteco/es/ministerio/empleo-publico/personal-funcionario/resolucion2017__plantillarespuestas_definitiva_pe_sello_tcm30-439946.pdf,text_extracted
2017,AEMET A1 Acceso Libre — Primer ejercicio,79,Señale qué procesos de retroalimentación introducen más incertidumbres en la modelización climática utilizada para evaluar la respuesta de la temperatura ante forzamientos radiativos antropogénicos:,Los debidos directamente al vapor de agua.,Los procesos que describen la nubosidad.,Los cambios de albedo planetario.,Los relativos a los procesos de meteorización química.,B,official,https://www.miteco.gob.es/content/dam/miteco/es/ministerio/empleo-publico/personal-funcionario/primer_ejercicio_v2_tcm30-437875.pdf,https://www.miteco.gob.es/content/dam/miteco/es/ministerio/empleo-publico/personal-funcionario/resolucion2017__plantillarespuestas_definitiva_pe_sello_tcm30-439946.pdf,text_extracted
2017,AEMET A1 Acceso Libre — Primer ejercicio,80,Señale la afirmación correcta sobre los modelos climáticos:,Las parametrizaciones son la forma de representar en los modelos procesos cuyo tamaño sea mayor que el de las celdas del modelo.,Todos los modelos que incluyan los mismos forzamientos climáticos siempre producirán simulaciones idénticas.,Los modelos del sistema terrestre (ESMs) completan los modelos de circulación general acoplados atmósfera-océano (AOGCMs) incluyendo la representación de varios ciclos biogeoquímicos como el ciclo del carbono.,La resolución espacial típica de los modelos climáticos actuales es de 1 km.,C,official,https://www.miteco.gob.es/content/dam/miteco/es/ministerio/empleo-publico/personal-funcionario/primer_ejercicio_v2_tcm30-437875.pdf,https://www.miteco.gob.es/content/dam/miteco/es/ministerio/empleo-publico/personal-funcionario/resolucion2017__plantillarespuestas_definitiva_pe_sello_tcm30-439946.pdf,text_extracted
2017,AEMET A1 Acceso Libre — Primer ejercicio,81,"¿Cuál es la capa del modelo OSI que proporciona conectividad y selección de rutas entre dos sistemas finales, no necesariamente conectados directamente, produciendo el enrutamiento?",Capa de enlace de datos.,Capa de red.,Capa de transporte.,Capa de sesión.,B,official,https://www.miteco.gob.es/content/dam/miteco/es/ministerio/empleo-publico/personal-funcionario/primer_ejercicio_v2_tcm30-437875.pdf,https://www.miteco.gob.es/content/dam/miteco/es/ministerio/empleo-publico/personal-funcionario/resolucion2017__plantillarespuestas_definitiva_pe_sello_tcm30-439946.pdf,text_extracted
2017,AEMET A1 Acceso Libre — Primer ejercicio,82,Indique cuál de las siguientes afirmaciones relacionadas con los algoritmos de programación es FALSA:,El pseudocódigo permite expresar un algoritmo empleando palabras del lenguaje natural.,Un algoritmo debe tener un número finito de pasos.,Para buscar un número en un vector ordenado es más eficiente el algoritmo de búsqueda secuencial que el algoritmo de búsqueda binaria.,"El algoritmo de ordenación por burbuja es de orden cuadrático O(n2). 22 | 28 Tribunal Calificador de las Pruebas Selectivas para el acceso al Cuerpo Superior de Meteorólogos del Estado (Resolución del 12 de septiembre de la Subsecretaria del Ministerio de Agricultura y Pesca, Alimentación y Medio Ambiente; BOE 225, de 18 de septiembre) PRIMER EJERCICIO",C,official,https://www.miteco.gob.es/content/dam/miteco/es/ministerio/empleo-publico/personal-funcionario/primer_ejercicio_v2_tcm30-437875.pdf,https://www.miteco.gob.es/content/dam/miteco/es/ministerio/empleo-publico/personal-funcionario/resolucion2017__plantillarespuestas_definitiva_pe_sello_tcm30-439946.pdf,text_extracted
2017,AEMET A1 Acceso Libre — Primer ejercicio,83,Según su forma de ejecución los lenguajes de programación pueden ser:,Lenguajes imperativos y lenguajes declarativos.,Lenguajes imperativos y lenguajes compilados.,Lenguajes de bajo nivel y lenguajes de alto nivel.,Lenguajes interpretados y lenguajes compilados.,D,official,https://www.miteco.gob.es/content/dam/miteco/es/ministerio/empleo-publico/personal-funcionario/primer_ejercicio_v2_tcm30-437875.pdf,https://www.miteco.gob.es/content/dam/miteco/es/ministerio/empleo-publico/personal-funcionario/resolucion2017__plantillarespuestas_definitiva_pe_sello_tcm30-439946.pdf,text_extracted
2017,AEMET A1 Acceso Libre — Primer ejercicio,84,Cuál de los siguientes comandos de Unix busca una cadena alfanumérica dentro de un conjunto de ficheros:,find,less,grep,search,C,official,https://www.miteco.gob.es/content/dam/miteco/es/ministerio/empleo-publico/personal-funcionario/primer_ejercicio_v2_tcm30-437875.pdf,https://www.miteco.gob.es/content/dam/miteco/es/ministerio/empleo-publico/personal-funcionario/resolucion2017__plantillarespuestas_definitiva_pe_sello_tcm30-439946.pdf,text_extracted
2017,AEMET A1 Acceso Libre — Primer ejercicio,85,De acuerdo con el artículo 1.3 de la Constitución española de 1978:,La forma política del Estado español es la Monarquía absoluta.,La forma política del Estado español es el Estado autonómico.,La forma política del Estado español es la democracia representativa.,La forma política del Estado español es la Monarquía parlamentaria.,D,official,https://www.miteco.gob.es/content/dam/miteco/es/ministerio/empleo-publico/personal-funcionario/primer_ejercicio_v2_tcm30-437875.pdf,https://www.miteco.gob.es/content/dam/miteco/es/ministerio/empleo-publico/personal-funcionario/resolucion2017__plantillarespuestas_definitiva_pe_sello_tcm30-439946.pdf,text_extracted
2017,AEMET A1 Acceso Libre — Primer ejercicio,86,El artículo 66.1 de la Constitución española de 1978 establece que:,Las Cortes Generales están constituidas por el Parlamento y el Senado.,Las Cortes Generales están constituidas por el Congreso de los Diputados y el Senado.,"El Parlamento está constituido por las Cortes Generales y el Senado, conformadas por diputados y senadores.","El Parlamento está constituido por el Congreso de los Diputados y las Cortes Generales. 23 | 28 Tribunal Calificador de las Pruebas Selectivas para el acceso al Cuerpo Superior de Meteorólogos del Estado (Resolución del 12 de septiembre de la Subsecretaria del Ministerio de Agricultura y Pesca, Alimentación y Medio Ambiente; BOE 225, de 18 de septiembre) PRIMER EJERCICIO",B,official,https://www.miteco.gob.es/content/dam/miteco/es/ministerio/empleo-publico/personal-funcionario/primer_ejercicio_v2_tcm30-437875.pdf,https://www.miteco.gob.es/content/dam/miteco/es/ministerio/empleo-publico/personal-funcionario/resolucion2017__plantillarespuestas_definitiva_pe_sello_tcm30-439946.pdf,text_extracted
2017,AEMET A1 Acceso Libre — Primer ejercicio,87,"El Gobierno se compone, según el artículo 1.2 de la Ley 50/1997, de 27 de noviembre, del Gobierno:","Del Presidente y del Vicepresidente o Vicepresidentes, en su caso.","Del Presidente y del Vicepresidente o Vicepresidentes, en su caso, y del Consejo de Ministros.","Del Presidente y del Vicepresidente o Vicepresidentes, en su caso, y de los Ministros.","Del Presidente y del Vicepresidente o Vicepresidentes, en su caso, del Consejo de Ministros y de las Comisiones Delegadas del Gobierno.",C,official,https://www.miteco.gob.es/content/dam/miteco/es/ministerio/empleo-publico/personal-funcionario/primer_ejercicio_v2_tcm30-437875.pdf,https://www.miteco.gob.es/content/dam/miteco/es/ministerio/empleo-publico/personal-funcionario/resolucion2017__plantillarespuestas_definitiva_pe_sello_tcm30-439946.pdf,text_extracted
2017,AEMET A1 Acceso Libre — Primer ejercicio,88,Según el artículo 117.1 de la Constitución española de 1978:,"La justicia emana del pueblo y se administra en nombre del Rey por Jueces y Magistrados integrantes del poder judicial, independientes, inamovibles, responsables y sometidos únicamente al imperio de la ley.","La justicia emana de las Cortes Generales y se administra en nombre del pueblo por Jueces y Magistrados integrantes del poder judicial, independientes, inamovibles, responsables y sometidos únicamente al imperio de la ley.","La justicia emana de la Ley y se administra por Jueces y Magistrados integrantes del poder judicial, independientes, inamovibles, responsables y sometidos únicamente al imperio de la ley.","La justicia emana de la Ley y se administra en nombre del Rey por Jueces y Magistrados integrantes del poder judicial, independientes, inamovibles, responsables y sometidos únicamente al imperio de la ley.",A,official,https://www.miteco.gob.es/content/dam/miteco/es/ministerio/empleo-publico/personal-funcionario/primer_ejercicio_v2_tcm30-437875.pdf,https://www.miteco.gob.es/content/dam/miteco/es/ministerio/empleo-publico/personal-funcionario/resolucion2017__plantillarespuestas_definitiva_pe_sello_tcm30-439946.pdf,text_extracted
2017,AEMET A1 Acceso Libre — Primer ejercicio,89,"¿Cuál de las siguientes competencias es exclusiva del Estado, según el artículo 149.1. de la Constitución española de 1978?",Ordenación del territorio.,Desarrollo de la legislación sobre medio ambiente.,Montes y aprovechamientos forestales.,"Bases y coordinación general de la sanidad. 24 | 28 Tribunal Calificador de las Pruebas Selectivas para el acceso al Cuerpo Superior de Meteorólogos del Estado (Resolución del 12 de septiembre de la Subsecretaria del Ministerio de Agricultura y Pesca, Alimentación y Medio Ambiente; BOE 225, de 18 de septiembre) PRIMER EJERCICIO",D,official,https://www.miteco.gob.es/content/dam/miteco/es/ministerio/empleo-publico/personal-funcionario/primer_ejercicio_v2_tcm30-437875.pdf,https://www.miteco.gob.es/content/dam/miteco/es/ministerio/empleo-publico/personal-funcionario/resolucion2017__plantillarespuestas_definitiva_pe_sello_tcm30-439946.pdf,text_extracted
2017,AEMET A1 Acceso Libre — Primer ejercicio,90,"Según el artículo 47 de la Ley 39/2015, de 1 de octubre, del Procedimiento Administrativo Común de las Administraciones Públicas, ¿qué actos de las Administraciones Públicas son nulos?:",Los que lesionen los derechos y libertades salvo los susceptibles de amparo constitucional.,Los dictados por órgano manifiestamente incompetente por razón de jerarquía.,Los que tengan un contenido imposible.,Los que no sean constitutivos de infracción penal o se dicten como consecuencia de ésta.,C,official,https://www.miteco.gob.es/content/dam/miteco/es/ministerio/empleo-publico/personal-funcionario/primer_ejercicio_v2_tcm30-437875.pdf,https://www.miteco.gob.es/content/dam/miteco/es/ministerio/empleo-publico/personal-funcionario/resolucion2017__plantillarespuestas_definitiva_pe_sello_tcm30-439946.pdf,text_extracted
2017,AEMET A1 Acceso Libre — Primer ejercicio,91,Según el artículo 106.2 de la Constitución española de 1978:,"Los particulares, en los términos establecidos por la ley, tendrán derecho a ser indemnizados por toda lesión que sufran en cualquiera de sus bienes y derechos, salvo en los casos de fuerza mayor, siempre que la lesión sea consecuencia del funcionamiento de los servicios públicos.","Los particulares, en los términos establecidos por la ley, en ningún caso tendrán derecho a ser indemnizados por toda lesión que sufran en cualquiera de sus bienes y derechos, salvo en los casos de fuerza mayor, siempre que la lesión sea consecuencia del funcionamiento de los servicios públicos.","Los particulares, en los términos establecidos por la ley, tendrán derecho a ser indemnizados por toda lesión que sufran en cualquiera de sus bienes y derechos, incluyendo los casos de fuerza mayor, siempre que la lesión sea consecuencia del funcionamiento de los servicios públicos.","Los particulares, en los términos establecidos por la ley, tendrán derecho a ser indemnizados por toda lesión que sufran en cualquiera de sus bienes y derechos, salvo en los casos de vulneraciones al honor, intimidad y propia imagen, siempre que la lesión sea consecuencia del funcionamiento de los servicios públicos. 25 | 28 Tribunal Calificador de las Pruebas Selectivas para el acceso al Cuerpo Superior de Meteorólogos del Estado (Resolución del 12 de septiembre de la Subsecretaria del Ministerio de Agricultura y Pesca, Alimentación y Medio Ambiente; BOE 225, de 18 de septiembre) PRIMER EJERCICIO",A,official,https://www.miteco.gob.es/content/dam/miteco/es/ministerio/empleo-publico/personal-funcionario/primer_ejercicio_v2_tcm30-437875.pdf,https://www.miteco.gob.es/content/dam/miteco/es/ministerio/empleo-publico/personal-funcionario/resolucion2017__plantillarespuestas_definitiva_pe_sello_tcm30-439946.pdf,text_extracted
2017,AEMET A1 Acceso Libre — Primer ejercicio,92,"Según el artículo 114 de la Ley 39/2015, de 1 de octubre, del Procedimiento Administrativo Común de las Administraciones Públicas los actos de las Administraciones Públicas que ponen fin a la vía administrativa son:","Las resoluciones de los órganos administrativos que tengan superior jerárquico, salvo que una Ley establezca lo contrario.",Las resoluciones de los recursos de alzada.,"Los acuerdos, pactos, convenios o contratos que no tengan la consideración de finalizadores del procedimiento.","La resolución administrativa de los procedimientos de responsabilidad patrimonial, solamente en función del tipo de relación pública de que derive.",B,official,https://www.miteco.gob.es/content/dam/miteco/es/ministerio/empleo-publico/personal-funcionario/primer_ejercicio_v2_tcm30-437875.pdf,https://www.miteco.gob.es/content/dam/miteco/es/ministerio/empleo-publico/personal-funcionario/resolucion2017__plantillarespuestas_definitiva_pe_sello_tcm30-439946.pdf,text_extracted
2017,AEMET A1 Acceso Libre — Primer ejercicio,93,"Según el artículo 34.1 de la Ley 40/2015, de 1 de octubre, de Régimen Jurídico del Sector Público:","No serán indemnizables los daños que se deriven de hechos o circunstancias que no se hubiesen podido prever o evitar según el estado de los conocimientos de la ciencia o de la técnica existentes en el momento de producción de aquéllos, todo ello sin perjuicio de las prestaciones asistenciales o económicas que las leyes puedan establecer para estos casos.","Serán indemnizables los daños que se deriven de hechos o circunstancias que no se hubiesen podido prever o evitar según el estado de los conocimientos de la ciencia o de la técnica existentes en el momento de producción de aquéllos, todo ello sin perjuicio de las prestaciones asistenciales o económicas que las leyes puedan establecer para estos casos.","Serán indemnizables los daños que se deriven de hechos o circunstancias que no se hubiesen podido prever o evitar según el estado de los conocimientos de la ciencia o de la técnica existentes en el momento de producción de aquéllos, todo ello sin incluir en ningún caso las prestaciones asistenciales o económicas que las leyes puedan establecer para estos casos.","No serán indemnizables los daños que se deriven de hechos o circunstancias que se hubiesen podido prever o evitar según el estado de los conocimientos de la ciencia o de la técnica existentes en el momento de producción de aquéllos, todo ello sin perjuicio de las prestaciones asistenciales o económicas que las leyes puedan establecer para estos casos. 26 | 28 Tribunal Calificador de las Pruebas Selectivas para el acceso al Cuerpo Superior de Meteorólogos del Estado (Resolución del 12 de septiembre de la Subsecretaria del Ministerio de Agricultura y Pesca, Alimentación y Medio Ambiente; BOE 225, de 18 de septiembre) PRIMER EJERCICIO",A,official,https://www.miteco.gob.es/content/dam/miteco/es/ministerio/empleo-publico/personal-funcionario/primer_ejercicio_v2_tcm30-437875.pdf,https://www.miteco.gob.es/content/dam/miteco/es/ministerio/empleo-publico/personal-funcionario/resolucion2017__plantillarespuestas_definitiva_pe_sello_tcm30-439946.pdf,text_extracted
2017,AEMET A1 Acceso Libre — Primer ejercicio,94,El artículo 85 del Estatuto Básico del Empleado Público establece que los funcionarios de carrera se hallarán en alguna de las siguientes situaciones:,"Servicio activo, servicios especiales o excedencia voluntaria por agrupación familiar y cuidado de familiares.","Servicio activo, servicios especiales, servicio en otras Administraciones Públicas, excedencia o suspensión de funciones.","Servicio activo, excedencia o suspensión de funciones.","Servicio activo, servicio pasivo, excedencia o suspensión de funciones.",B,official,https://www.miteco.gob.es/content/dam/miteco/es/ministerio/empleo-publico/personal-funcionario/primer_ejercicio_v2_tcm30-437875.pdf,https://www.miteco.gob.es/content/dam/miteco/es/ministerio/empleo-publico/personal-funcionario/resolucion2017__plantillarespuestas_definitiva_pe_sello_tcm30-439946.pdf,text_extracted
2017,AEMET A1 Acceso Libre — Primer ejercicio,95,Según el artículo 134 de la Constitución española de 1978:,"Corresponde al Gobierno la elaboración de los Presupuestos Generales del Estado y a las Cortes Generales, su examen, enmienda y aprobación.","Corresponde al Tribunal de Cuentas la elaboración de los Presupuestos Generales del Estado y a las Cortes Generales, su examen, enmienda y aprobación.","Corresponde a la Intervención General del Estado la elaboración del borrador de presupuestos que será remitido al Tribunal de Cuentas con carácter previo a las Cortes Generales para su examen, enmienda y aprobación.",La Ley de Presupuestos puede crear tributos pero no podrá modificar los vigentes cuando una ley tributaria sustantiva así lo prevea.,A,official,https://www.miteco.gob.es/content/dam/miteco/es/ministerio/empleo-publico/personal-funcionario/primer_ejercicio_v2_tcm30-437875.pdf,https://www.miteco.gob.es/content/dam/miteco/es/ministerio/empleo-publico/personal-funcionario/resolucion2017__plantillarespuestas_definitiva_pe_sello_tcm30-439946.pdf,text_extracted
2017,AEMET A1 Acceso Libre — Primer ejercicio,96,"¿Qué organismo es una agencia especializada del sistema de las Naciones Unidas cuyo objetivo es promover e impulsar la meteorología, la hidrología y las ciencias geofísicas afines?",Centro Europeo de Predicción a Plazo Medio.,Red Europea de Servicios Meteorológicos.,Organización Europea de Explotación de Satélites Meteorológicos.,Organización Meteorológica Mundial.,D,official,https://www.miteco.gob.es/content/dam/miteco/es/ministerio/empleo-publico/personal-funcionario/primer_ejercicio_v2_tcm30-437875.pdf,https://www.miteco.gob.es/content/dam/miteco/es/ministerio/empleo-publico/personal-funcionario/resolucion2017__plantillarespuestas_definitiva_pe_sello_tcm30-439946.pdf,text_extracted
2017,AEMET A1 Acceso Libre — Primer ejercicio,98,"De acuerdo con el artículo 14 de la Ley 19/2013, de 9 de diciembre, de transparencia, acceso a la información pública y buen gobierno, ¿en qué casos puede ser limitado el derecho de acceso a la información pública?","Cuando acceder a la información suponga un perjuicio para la seguridad nacional, las relaciones exteriores o la protección del medio ambiente, entre otros.","Cuando acceder a la información suponga un perjuicio para la seguridad nacional, los intereses económicos y comerciales o la protección de datos de carácter personal, entre otros.","Cuando acceder a la información suponga un perjuicio para las relaciones exteriores, la protección de datos de carácter personal o la igualdad de las partes en los procesos judiciales y la tutela judicial efectiva, entre otros.","Cuando acceder a la información suponga un perjuicio para las funciones administrativas de vigilancia, inspección y control, el ejercicio de la potestad sancionadora de la Administración o la defensa del Estado.",A,official,https://www.miteco.gob.es/content/dam/miteco/es/ministerio/empleo-publico/personal-funcionario/primer_ejercicio_v2_tcm30-437875.pdf,https://www.miteco.gob.es/content/dam/miteco/es/ministerio/empleo-publico/personal-funcionario/resolucion2017__plantillarespuestas_definitiva_pe_sello_tcm30-439946.pdf,text_extracted
2017,AEMET A1 Acceso Libre — Primer ejercicio,99,"De acuerdo con el artículo 76 de la Ley Orgánica 3/2007, de 22 de marzo, para la Igualdad efectiva de mujeres y hombres, ¿cuál es el órgano colegiado responsable de la coordinación de las políticas y medidas adoptadas por los departamentos ministeriales con la finalidad de garantizar el derecho a la igualdad entre mujeres y hombres y promover su efectividad?",La Comisión Interministerial de Igualdad entre mujeres y hombres.,El Consejo Interministerial de Igualdad.,El Comité de Igualdad Interdepartamental.,El Observatorio de la Igualdad para la mujer.,A,official,https://www.miteco.gob.es/content/dam/miteco/es/ministerio/empleo-publico/personal-funcionario/primer_ejercicio_v2_tcm30-437875.pdf,https://www.miteco.gob.es/content/dam/miteco/es/ministerio/empleo-publico/personal-funcionario/resolucion2017__plantillarespuestas_definitiva_pe_sello_tcm30-439946.pdf,text_extracted
2017,AEMET A1 Acceso Libre — Primer ejercicio,100,"Conforme al artículo 28 de la Ley 39/2006, de 14 de diciembre, de Promoción de la Autonomía Personal y Atención a las personas en situación de dependencia, el reconocimiento de la situación de dependencia se efectuará:","Mediante resolución expedida por el Ministerio de Sanidad, Servicios Sociales e Igualdad y tendrá validez en todo el territorio del Estado.",Mediante resolución expedida por la Administración Autonómica correspondiente a la residencia del solicitante y tendrá validez en todo el territorio del Estado.,Mediante resolución expedida por la Administración Autonómica correspondiente a la residencia del solicitante y tendrá validez en dicha Comunidad Autónoma.,Mediante resolución expedida por la Administración Local correspondiente a la residencia del solicitante y tendrá validez en toda la provincia. 28 | 28,B,official,https://www.miteco.gob.es/content/dam/miteco/es/ministerio/empleo-publico/personal-funcionario/primer_ejercicio_v2_tcm30-437875.pdf,https://www.miteco.gob.es/content/dam/miteco/es/ministerio/empleo-publico/personal-funcionario/resolucion2017__plantillarespuestas_definitiva_pe_sello_tcm30-439946.pdf,text_extracted
2018,AEMET A1 Acceso Libre — Primer ejercicio,2,"Dado un cubo de lado ͳ, con una de sus aristas en el punto ሺ‫ ݔ‬ൌ Ͳǡ ‫ ݕ‬ൌ Ͳǡ ‫ ݖ‬ൌ Ͳሻ y otra en el punto ሺͳǡ ͳǡ ͳሻ. ¿Qué valor tiene el flujo del campo vectorial ‫ܨ‬Ԧ ൌ  ሺ‫ ݁ݕ‬௬ ǡ ʹ‫ ݕ‬ଶ ǡ ‫ݖ‬ሻ a través de la superficie del cubo?",Ͳ,͵,͸,ͳ,B,official,https://www.miteco.gob.es/content/dam/miteco/es/ministerio/empleo-publico/personal-funcionario/cuestionario_primerejercicio_libre_cs_meteorologos_tcm30-498497.pdf,https://www.miteco.gob.es/content/dam/miteco/es/ministerio/empleo-publico/personal-funcionario/plantilla_definitiva_notas_1ejercicio_libre_cs_meteorologos_tcm30-498798.pdf,text_extracted
2018,AEMET A1 Acceso Libre — Primer ejercicio,3,Señale la afirmación correcta:,Se dice que un campo es solenoidal si la divergencia en todos los puntos es nula.,El producto vectorial de dos campos irrotacionales no es un campo solenoidal.,Un campo generado a partir de un potencial escalar es rotacional.,"Las soluciones de la ecuación de Laplace son funciones escalares tales que la divergencia de su gradiente es distinta de cero. 1 __________________________________________________________________________________________ Tribunal Calificador de las Pruebas Selectivas para el ingreso en el Cuerpo Superior de Meteorólogos del Estado (Resolución de 21 de marzo de 2019; BOE 76, de 29 de marzo) ______________________________________________________________________ PRIMER EJERCICIO (las respuestas ha de marcarlas en la Hoja de Examen) ___________________________________________________________________________________________",A,official,https://www.miteco.gob.es/content/dam/miteco/es/ministerio/empleo-publico/personal-funcionario/cuestionario_primerejercicio_libre_cs_meteorologos_tcm30-498497.pdf,https://www.miteco.gob.es/content/dam/miteco/es/ministerio/empleo-publico/personal-funcionario/plantilla_definitiva_notas_1ejercicio_libre_cs_meteorologos_tcm30-498798.pdf,text_extracted
2018,AEMET A1 Acceso Libre — Primer ejercicio,4,Señale la afirmación incorrecta. Sean  un número complejo y ത su complejo conjugado:,݂ሺ‫ݖ‬ሻ ൌ ‫ݖ‬ҧ es derivable ‫ א ׊‬,݂ሺ‫ݖ‬ሻ ൌ ݁ ௭ es derivable ‫ א ׊‬,݂ሺ‫ݖ‬ሻ ൌ ‫ ݖ‬es derivable ‫ א ׊‬,݂ሺ‫ݖ‬ሻ ൌ ‫݊݁ݏ‬ሺ‫ݖ‬ሻ es derivable ‫ א ׊‬,A,official,https://www.miteco.gob.es/content/dam/miteco/es/ministerio/empleo-publico/personal-funcionario/cuestionario_primerejercicio_libre_cs_meteorologos_tcm30-498497.pdf,https://www.miteco.gob.es/content/dam/miteco/es/ministerio/empleo-publico/personal-funcionario/plantilla_definitiva_notas_1ejercicio_libre_cs_meteorologos_tcm30-498798.pdf,text_extracted
2018,AEMET A1 Acceso Libre — Primer ejercicio,5,ௗ௬ ¿Cuál es la solución de la ecuación diferencial lineal ௗ௫ ൌ ‫ ݕ‬൅ ‫? ݔ‬,‫ ݕ‬ൌ ‫ ݁ܭ‬௫ െ ‫ ݔ‬െ ͳ ; ‫ ܭ‬ൌ ܿ‫݁ݐ‬,‫ ݕ‬ൌ ‫ି ݁ܭ‬௫ െ ‫ ݔ‬െ ͳ ; ‫ ܭ‬ൌ ܿ‫݁ݐ‬,‫ ݕ‬ൌ ‫ ݁ܭ‬௫ ൅ ‫ ݔ‬െ ͳ ; ‫ ܭ‬ൌ ܿ‫݁ݐ‬,‫ ݕ‬ൌ ‫ ݁ܭ‬௫ െ ‫ ݔ‬൅ ͳ ; ‫ ܭ‬ൌ ܿ‫݁ݐ‬,A,official,https://www.miteco.gob.es/content/dam/miteco/es/ministerio/empleo-publico/personal-funcionario/cuestionario_primerejercicio_libre_cs_meteorologos_tcm30-498497.pdf,https://www.miteco.gob.es/content/dam/miteco/es/ministerio/empleo-publico/personal-funcionario/plantilla_definitiva_notas_1ejercicio_libre_cs_meteorologos_tcm30-498798.pdf,text_extracted
2018,AEMET A1 Acceso Libre — Primer ejercicio,6,"ௗమ ௬ ௗ௬ La ecuación diferencial െ Ͷ ൅ Ͷ‫ ݕ‬ൌ Ͳ tiene asociado el polinomio ‫݌‬ଶ െ Ͷ‫ ݌‬൅ Ͷ ൌ Ͳ, que tiene ௗ௫ మ ௗ௫ una única solución (‫ ݌‬ൌ ʹ). ¿Cuál es la solución general de esta ecuación?",‫ ݕ‬ൌ ‫ ݁ܣ‬ଶ௫ ൅ ‫ ݁ݔܤ‬ଶ௫ ; ‫ܣ‬ǡ ‫ ܤ‬ൌ ܿ‫ݏ݁ݐ‬,‫ ݕ‬ൌ ‫ ݁ܣ‬ଶ௫ ; ‫ ܣ‬ൌ ܿ‫݁ݐ‬,‫ ݕ‬ൌ ‫ ݁ܣ‬ଶ௫ ൅ ‫ି ݁ݔܤ‬ଶ௫ ; ‫ܣ‬ǡ ‫ ܤ‬ൌ ܿ‫ݏ݁ݐ‬,"‫ ݕ‬ൌ ‫ ܣ ; ݔʹܣ‬ൌ ܿ‫݁ݐ‬ 2 __________________________________________________________________________________________ Tribunal Calificador de las Pruebas Selectivas para el ingreso en el Cuerpo Superior de Meteorólogos del Estado (Resolución de 21 de marzo de 2019; BOE 76, de 29 de marzo) ______________________________________________________________________ PRIMER EJERCICIO (las respuestas ha de marcarlas en la Hoja de Examen) ___________________________________________________________________________________________",A,official,https://www.miteco.gob.es/content/dam/miteco/es/ministerio/empleo-publico/personal-funcionario/cuestionario_primerejercicio_libre_cs_meteorologos_tcm30-498497.pdf,https://www.miteco.gob.es/content/dam/miteco/es/ministerio/empleo-publico/personal-funcionario/plantilla_definitiva_notas_1ejercicio_libre_cs_meteorologos_tcm30-498798.pdf,text_extracted
2018,AEMET A1 Acceso Libre — Primer ejercicio,7,Señale la afirmación correcta en relación con el método de separación de variables para la resolución de ecuaciones en derivadas parciales:,El método de separación de variables es aplicable a cualquier ecuación en derivadas parciales.,Una ecuación en derivadas parciales puede ser separable en un sistema de coordenadas y no serlo en otro.,El método de Fourier sirve como punto de partida aunque la ecuación en derivadas parciales sea inseparable.,El método de separación de variables consiste en sustituir la función que se busca por la suma de funciones de una sola variable: ‫ݑ‬ሺ‫ݔ‬ǡ ‫ݕ‬ǡ ‫ݖ‬ሻ ൌ ܺሺ‫ݔ‬ሻܻሺ‫ݕ‬ሻܼሺ‫ݖ‬ሻ.,B,official,https://www.miteco.gob.es/content/dam/miteco/es/ministerio/empleo-publico/personal-funcionario/cuestionario_primerejercicio_libre_cs_meteorologos_tcm30-498497.pdf,https://www.miteco.gob.es/content/dam/miteco/es/ministerio/empleo-publico/personal-funcionario/plantilla_definitiva_notas_1ejercicio_libre_cs_meteorologos_tcm30-498798.pdf,text_extracted
2018,AEMET A1 Acceso Libre — Primer ejercicio,8,Señale la afirmación correcta:,La distribución hipergeométrica se utiliza en el muestreo de una población finita sin reemplazamiento.,La distribución hipergeométrica se utiliza en el muestreo de una población finita con reemplazamiento.,La distribución hipergeométrica se aproxima a la distribución binomial si el tamaño de la población no es grande.,La distribución hipergeométrica no se aproxima a ninguna distribución.,A,official,https://www.miteco.gob.es/content/dam/miteco/es/ministerio/empleo-publico/personal-funcionario/cuestionario_primerejercicio_libre_cs_meteorologos_tcm30-498497.pdf,https://www.miteco.gob.es/content/dam/miteco/es/ministerio/empleo-publico/personal-funcionario/plantilla_definitiva_notas_1ejercicio_libre_cs_meteorologos_tcm30-498798.pdf,text_extracted
2018,AEMET A1 Acceso Libre — Primer ejercicio,9,"¿Qué consecuencias tiene en el cálculo de la mediana (‫ )݁ܯ‬y el coeficiente de curtosis (‫ )ܭܥ‬una transformación de variables de tipo ܻ ൌ ܽܺ ൅ ܾ, siendo ܽ y ܾ dos constantes?","Las medianas se transforman como ‫݁ܯ‬௬ ൌ ܽ‫݁ܯ‬௫ ൅ ܾ, mientras que la curtosis es ‫ܭܥ‬௬ ൌ ‫ܭܥ‬௫ .","Las medianas se transforman como ‫݁ܯ‬௬ ൌ ܽ‫݁ܯ‬௫ ൅ ܾ, mientras que la curtosis es ‫ܭܥ‬௬ ് ‫ܭܥ‬௫ .","Las medianas se transforman como ‫݁ܯ‬௬ ൌ ܽ‫݁ܯ‬௫ , mientras que la curtosis es ‫ܭܥ‬௬ ൌ ‫ܭܥ‬௫ .","Las medianas no se transforman, ‫݁ܯ‬௬ ൌ ‫݁ܯ‬௫ , mientras que la curtosis es ‫ܭܥ‬௬ ് ‫ܭܥ‬௫ . 3 __________________________________________________________________________________________ Tribunal Calificador de las Pruebas Selectivas para el ingreso en el Cuerpo Superior de Meteorólogos del Estado (Resolución de 21 de marzo de 2019; BOE 76, de 29 de marzo) ______________________________________________________________________ PRIMER EJERCICIO (las respuestas ha de marcarlas en la Hoja de Examen) ___________________________________________________________________________________________",A,official,https://www.miteco.gob.es/content/dam/miteco/es/ministerio/empleo-publico/personal-funcionario/cuestionario_primerejercicio_libre_cs_meteorologos_tcm30-498497.pdf,https://www.miteco.gob.es/content/dam/miteco/es/ministerio/empleo-publico/personal-funcionario/plantilla_definitiva_notas_1ejercicio_libre_cs_meteorologos_tcm30-498798.pdf,text_extracted
2018,AEMET A1 Acceso Libre — Primer ejercicio,10,Señale la afirmación correcta. El coeficiente de correlación de Pearson sirve para estudiar:,La relación lineal entre dos variables de cualquier tipo.,La relación exponencial entre dos variables cuantitativas.,La relación lineal entre dos variables dicotómicas.,La relación lineal entre dos variables cuantitativas.,D,official,https://www.miteco.gob.es/content/dam/miteco/es/ministerio/empleo-publico/personal-funcionario/cuestionario_primerejercicio_libre_cs_meteorologos_tcm30-498497.pdf,https://www.miteco.gob.es/content/dam/miteco/es/ministerio/empleo-publico/personal-funcionario/plantilla_definitiva_notas_1ejercicio_libre_cs_meteorologos_tcm30-498798.pdf,text_extracted
2018,AEMET A1 Acceso Libre — Primer ejercicio,11,"Señale la afirmación correcta. Dada una muestra aleatoria simple ሺܺଵ ǡ ǥ ǡ ܺ௡ ሻ con ‫ܧ‬ሾܺሿ ൌ ߤ y ܸሾܺሿ ൌ ߪ ଶ Ȁ݊, la media muestral se distribuye como:",ܺത̱ܰሺߤǡ ߪ݊ሻ ఙ,ܺത̱ܰ ቀߤǡ ௡ቁ ξ ఙ,ܺത̱ܰ ቀߤǡ ቁ ௡,ܺത̱ܰ൫ߤǡ ߪξ݊൯,B,official,https://www.miteco.gob.es/content/dam/miteco/es/ministerio/empleo-publico/personal-funcionario/cuestionario_primerejercicio_libre_cs_meteorologos_tcm30-498497.pdf,https://www.miteco.gob.es/content/dam/miteco/es/ministerio/empleo-publico/personal-funcionario/plantilla_definitiva_notas_1ejercicio_libre_cs_meteorologos_tcm30-498798.pdf,text_extracted
2018,AEMET A1 Acceso Libre — Primer ejercicio,12,Señale la afirmación correcta sobre la distribución ji cuadrado (߯ ଶ ):,"Su esperanza matemática es igual a ʹ݊, siendo ݊ los grados de libertad.",Su estadístico determina si un modelo estadístico se ajusta adecuadamente a los datos.,No verifica la propiedad de la reproductividad.,"Su varianza es igual a ݊, siendo ݊ los grados de libertad. 4 __________________________________________________________________________________________ Tribunal Calificador de las Pruebas Selectivas para el ingreso en el Cuerpo Superior de Meteorólogos del Estado (Resolución de 21 de marzo de 2019; BOE 76, de 29 de marzo) ______________________________________________________________________ PRIMER EJERCICIO (las respuestas ha de marcarlas en la Hoja de Examen) ___________________________________________________________________________________________",B,official,https://www.miteco.gob.es/content/dam/miteco/es/ministerio/empleo-publico/personal-funcionario/cuestionario_primerejercicio_libre_cs_meteorologos_tcm30-498497.pdf,https://www.miteco.gob.es/content/dam/miteco/es/ministerio/empleo-publico/personal-funcionario/plantilla_definitiva_notas_1ejercicio_libre_cs_meteorologos_tcm30-498798.pdf,text_extracted
2018,AEMET A1 Acceso Libre — Primer ejercicio,13,Señale la afirmación correcta. En el análisis clúster:,"El número de los grupos es conocido a priori, pero no la composición de los mismos.",El número y la composición de los grupos no es conocido a priori.,"Se clasifican variables en un número pequeño de grupos, de forma que las observaciones pertenecientes a un grupo sean disimilares entre sí y muy similares al resto.","Se clasifican variables en un número pequeño de grupos, de forma que las observaciones pertenecientes a un grupo sean disimilares entre sí y muy disimilares al resto.",B,official,https://www.miteco.gob.es/content/dam/miteco/es/ministerio/empleo-publico/personal-funcionario/cuestionario_primerejercicio_libre_cs_meteorologos_tcm30-498497.pdf,https://www.miteco.gob.es/content/dam/miteco/es/ministerio/empleo-publico/personal-funcionario/plantilla_definitiva_notas_1ejercicio_libre_cs_meteorologos_tcm30-498798.pdf,text_extracted
2018,AEMET A1 Acceso Libre — Primer ejercicio,14,"Ͳǡ ‫ ݐ‬൑ Ͳ Sea la función ݂ሺ‫ݐ‬ሻ ൌ ൜ ି௧ , la transformada de Fourier de ݂ es: ݁ ǡ ‫ ݐ‬൐ Ͳ ଵ",݂መሺ߱ሻ ൌ ଵା௜ఠ ଵ,݂መሺ߱ሻ ൌ ଵି௜ఠ ଵ,݂መሺ߱ሻ ൌ ௜ఠ ଵ,݂መሺ߱ሻ ൌ ଵାఠ,A,official,https://www.miteco.gob.es/content/dam/miteco/es/ministerio/empleo-publico/personal-funcionario/cuestionario_primerejercicio_libre_cs_meteorologos_tcm30-498497.pdf,https://www.miteco.gob.es/content/dam/miteco/es/ministerio/empleo-publico/personal-funcionario/plantilla_definitiva_notas_1ejercicio_libre_cs_meteorologos_tcm30-498798.pdf,text_extracted
2018,AEMET A1 Acceso Libre — Primer ejercicio,15,¿Cómo se define la diferencia finita regresiva de primer orden de una función ݂ሺ‫ݔ‬ሻ en ‫ݔ‬௡ ?,‫݂׏‬ሺ‫ݔ‬௡ ሻ ൌ ݂ሺ‫ݔ‬௡ ሻ െ ݂ሺ‫ݔ‬௡ିଵ ሻ,‫݂׏‬ሺ‫ݔ‬௡ ሻ ൌ ݂ሺ‫ݔ‬௡ ሻ െ ʹ݂ሺ‫ݔ‬௡ିଵ ሻ,‫݂׏‬ሺ‫ݔ‬௡ ሻ ൌ ݂ሺ‫ݔ‬௡ ሻ െ ݂ሺ‫ݔ‬௡ିଵ ሻ ൅ ݂ሺ‫ݔ‬௡ିଶ ሻ,"‫݂׏‬ሺ‫ݔ‬௡ ሻ ൌ ൫݂ሺ‫ݔ‬௡ ሻ െ ʹ݂ሺ‫ݔ‬௡ିଵ ሻ൯Ȁ݂ሺ‫ݔ‬௡ ሻ 5 __________________________________________________________________________________________ Tribunal Calificador de las Pruebas Selectivas para el ingreso en el Cuerpo Superior de Meteorólogos del Estado (Resolución de 21 de marzo de 2019; BOE 76, de 29 de marzo) ______________________________________________________________________ PRIMER EJERCICIO (las respuestas ha de marcarlas en la Hoja de Examen) ___________________________________________________________________________________________",A,official,https://www.miteco.gob.es/content/dam/miteco/es/ministerio/empleo-publico/personal-funcionario/cuestionario_primerejercicio_libre_cs_meteorologos_tcm30-498497.pdf,https://www.miteco.gob.es/content/dam/miteco/es/ministerio/empleo-publico/personal-funcionario/plantilla_definitiva_notas_1ejercicio_libre_cs_meteorologos_tcm30-498798.pdf,text_extracted
2018,AEMET A1 Acceso Libre — Primer ejercicio,16,Señale la afirmación correcta. Dada una partícula de masa ‫ ܯ‬que describe un movimiento circular uniforme de radio Ͷ݉:,Su aceleración tangencial tiene un valor de Ͷ݉‫ି ݏ‬ଶ,Su aceleración angular es nula.,Su aceleración normal es nula.,Su velocidad angular es nula.,B,official,https://www.miteco.gob.es/content/dam/miteco/es/ministerio/empleo-publico/personal-funcionario/cuestionario_primerejercicio_libre_cs_meteorologos_tcm30-498497.pdf,https://www.miteco.gob.es/content/dam/miteco/es/ministerio/empleo-publico/personal-funcionario/plantilla_definitiva_notas_1ejercicio_libre_cs_meteorologos_tcm30-498798.pdf,text_extracted
2018,AEMET A1 Acceso Libre — Primer ejercicio,17,¿Cuántos momentos de inercia pueden considerarse en un cuerpo?,"1, porque el momento de inercia solo depende de la forma del cuerpo.","Infinitos, porque varían con el eje que se considere.","3, porque para cada cuerpo, sin importar su forma, en el espacio hay tres direcciones mutuamente perpendiculares que constituyen los ejes principales de inercia.",Depende del cuerpo que se considere.,B,official,https://www.miteco.gob.es/content/dam/miteco/es/ministerio/empleo-publico/personal-funcionario/cuestionario_primerejercicio_libre_cs_meteorologos_tcm30-498497.pdf,https://www.miteco.gob.es/content/dam/miteco/es/ministerio/empleo-publico/personal-funcionario/plantilla_definitiva_notas_1ejercicio_libre_cs_meteorologos_tcm30-498798.pdf,text_extracted
2018,AEMET A1 Acceso Libre — Primer ejercicio,18,Señale la afirmación incorrecta en el contexto de los formulismos lagrangiano y hamiltoniano. Se supone que el sistema de referencia es inercial y actúan únicamente fuerzas conservativas:,Si una coordenada es cíclica su momento conjugado es constante.,‫ ܪ‬ൌ σ ‫݌‬௜ ‫ݍ‬ሶ ௜ െ ‫ܮ‬,‫ ܪ‬ൌ σ ‫ݍ‬௜ ‫݌‬ሶ ௜ െ ‫ܮ‬,"Si el lagrangiano no depende de una coordenada generalizada, el momento canónico conjugado asociado a esa variable es constante. 6 __________________________________________________________________________________________ Tribunal Calificador de las Pruebas Selectivas para el ingreso en el Cuerpo Superior de Meteorólogos del Estado (Resolución de 21 de marzo de 2019; BOE 76, de 29 de marzo) ______________________________________________________________________ PRIMER EJERCICIO (las respuestas ha de marcarlas en la Hoja de Examen) ___________________________________________________________________________________________",C,official,https://www.miteco.gob.es/content/dam/miteco/es/ministerio/empleo-publico/personal-funcionario/cuestionario_primerejercicio_libre_cs_meteorologos_tcm30-498497.pdf,https://www.miteco.gob.es/content/dam/miteco/es/ministerio/empleo-publico/personal-funcionario/plantilla_definitiva_notas_1ejercicio_libre_cs_meteorologos_tcm30-498798.pdf,text_extracted
2018,AEMET A1 Acceso Libre — Primer ejercicio,19,Señale la afirmación incorrecta respecto a la cinemática de fluidos:,Las líneas de corriente son tangentes al campo de velocidades para un tiempo fijo.,Las líneas de corriente coinciden con las trayectorias de las partículas en un fluido en régimen estacionario.,Las trayectorias de dos partículas se pueden cortar en un instante dado.,Dos líneas de corriente se pueden cortar en un instante dado.,D,official,https://www.miteco.gob.es/content/dam/miteco/es/ministerio/empleo-publico/personal-funcionario/cuestionario_primerejercicio_libre_cs_meteorologos_tcm30-498497.pdf,https://www.miteco.gob.es/content/dam/miteco/es/ministerio/empleo-publico/personal-funcionario/plantilla_definitiva_notas_1ejercicio_libre_cs_meteorologos_tcm30-498798.pdf,text_extracted
2018,AEMET A1 Acceso Libre — Primer ejercicio,20,"Sea un flujo incompresible con un campo de velocidades bidimensional de la forma ‫ݒ‬Ԧሺ‫ݔ‬ǡ ‫ݕ‬ǡ ‫ݖ‬ǡ ‫ݐ‬ሻ ൌ ‫ݑ‬ሺ‫ݔ‬ǡ ‫ݕ‬ǡ ‫ݖ‬ǡ ‫ݐ‬ሻଓƸ ൅ ‫ݒ‬ሺ‫ݔ‬ǡ ‫ݕ‬ǡ ‫ݖ‬ǡ ‫ݐ‬ሻଔƸ , el campo de velocidades se puede expresar en función del potencial vector ‫ ܪ‬ൌ ߰݇෠ de la siguiente manera: డట డట",‫ݒ‬Ԧ ൌ ଓƸ ൅ ଔƸ డ௫ డ௬ డట డట,‫ݒ‬Ԧ ൌ డ௬ ଓƸ ൅ డ௫ ଔƸ డట డట,‫ݒ‬Ԧ ൌ ଓƸ െ ଔƸ డ௫ డ௬ డట డట,‫ݒ‬Ԧ ൌ ଓƸ െ ଔƸ డ௬ డ௫,D,official,https://www.miteco.gob.es/content/dam/miteco/es/ministerio/empleo-publico/personal-funcionario/cuestionario_primerejercicio_libre_cs_meteorologos_tcm30-498497.pdf,https://www.miteco.gob.es/content/dam/miteco/es/ministerio/empleo-publico/personal-funcionario/plantilla_definitiva_notas_1ejercicio_libre_cs_meteorologos_tcm30-498798.pdf,text_extracted
2018,AEMET A1 Acceso Libre — Primer ejercicio,21,Señale la afirmación correcta. Sea una onda esférica que se propaga por un medio homogéneo e isótropo sin pérdida de energía por absorción:,La amplitud del movimiento ondulatorio es proporcional al cuadrado de la distancia al foco emisor.,La intensidad del movimiento ondulatorio es directamente proporcional al cuadrado de la amplitud.,La intensidad del movimiento ondulatorio es inversamente proporcional a la distancia al foco emisor.,"La intensidad del movimiento ondulatorio es inversamente proporcional al cuadrado de la amplitud. 7 __________________________________________________________________________________________ Tribunal Calificador de las Pruebas Selectivas para el ingreso en el Cuerpo Superior de Meteorólogos del Estado (Resolución de 21 de marzo de 2019; BOE 76, de 29 de marzo) ______________________________________________________________________ PRIMER EJERCICIO (las respuestas ha de marcarlas en la Hoja de Examen) ___________________________________________________________________________________________",B,official,https://www.miteco.gob.es/content/dam/miteco/es/ministerio/empleo-publico/personal-funcionario/cuestionario_primerejercicio_libre_cs_meteorologos_tcm30-498497.pdf,https://www.miteco.gob.es/content/dam/miteco/es/ministerio/empleo-publico/personal-funcionario/plantilla_definitiva_notas_1ejercicio_libre_cs_meteorologos_tcm30-498798.pdf,text_extracted
2018,AEMET A1 Acceso Libre — Primer ejercicio,22,Señale la afirmación correcta respecto a una onda plana:,La rapidez del cambio de fase en un punto fijo es el número de onda.,La rapidez del cambio de fase en un momento dado es la velocidad angular.,Las superficies que unen todos los puntos de igual fase se denominan frentes de onda.,La amplitud a lo largo del frente de onda es constante si la onda es inhomogénea.,C,official,https://www.miteco.gob.es/content/dam/miteco/es/ministerio/empleo-publico/personal-funcionario/cuestionario_primerejercicio_libre_cs_meteorologos_tcm30-498497.pdf,https://www.miteco.gob.es/content/dam/miteco/es/ministerio/empleo-publico/personal-funcionario/plantilla_definitiva_notas_1ejercicio_libre_cs_meteorologos_tcm30-498798.pdf,text_extracted
2018,AEMET A1 Acceso Libre — Primer ejercicio,23,Señale la afirmación incorrecta:,"En un medio dispersivo denso y homogéneo, un tren de ondas esparcido interfiere constructivamente en la dirección frontal mientras que en el resto de direcciones predomina la interferencia destructiva.",La intensidad de la dispersión de Rayleigh varía proporcionalmente a ߣିସ,El campo eléctrico de una onda electromagnética obedece a una ecuación diferencial en derivadas parciales lineal homogénea de segundo orden. ఌ ఓ,Se denomina índice de refracción absoluto a la magnitud ݊ ൌ ට బ బ  ఌఓ,D,official,https://www.miteco.gob.es/content/dam/miteco/es/ministerio/empleo-publico/personal-funcionario/cuestionario_primerejercicio_libre_cs_meteorologos_tcm30-498497.pdf,https://www.miteco.gob.es/content/dam/miteco/es/ministerio/empleo-publico/personal-funcionario/plantilla_definitiva_notas_1ejercicio_libre_cs_meteorologos_tcm30-498798.pdf,text_extracted
2018,AEMET A1 Acceso Libre — Primer ejercicio,24,Señale la afirmación correcta:,"La energía interna, el calor y el trabajo son funciones de estado.",La energía interna y el calor son funciones de estado pero el trabajo no lo es.,El calor y el trabajo no son funciones de estado pero la energía interna sí lo es.,"Una función de estado es aquella cuya variación depende del proceso entre el estado inicial y el final. 8 __________________________________________________________________________________________ Tribunal Calificador de las Pruebas Selectivas para el ingreso en el Cuerpo Superior de Meteorólogos del Estado (Resolución de 21 de marzo de 2019; BOE 76, de 29 de marzo) ______________________________________________________________________ PRIMER EJERCICIO (las respuestas ha de marcarlas en la Hoja de Examen) ___________________________________________________________________________________________",C,official,https://www.miteco.gob.es/content/dam/miteco/es/ministerio/empleo-publico/personal-funcionario/cuestionario_primerejercicio_libre_cs_meteorologos_tcm30-498497.pdf,https://www.miteco.gob.es/content/dam/miteco/es/ministerio/empleo-publico/personal-funcionario/plantilla_definitiva_notas_1ejercicio_libre_cs_meteorologos_tcm30-498798.pdf,text_extracted
2018,AEMET A1 Acceso Libre — Primer ejercicio,25,En procesos isoentrópicos e isobáricos se cumple que:,La energía libre de Gibbs es mínima en el equilibro.,La energía interna es mínima en el equilibrio.,La entalpía es mínima en el equilibrio.,La energía de Helmholtz es mínima en el equilibrio.,C,official,https://www.miteco.gob.es/content/dam/miteco/es/ministerio/empleo-publico/personal-funcionario/cuestionario_primerejercicio_libre_cs_meteorologos_tcm30-498497.pdf,https://www.miteco.gob.es/content/dam/miteco/es/ministerio/empleo-publico/personal-funcionario/plantilla_definitiva_notas_1ejercicio_libre_cs_meteorologos_tcm30-498798.pdf,text_extracted
2018,AEMET A1 Acceso Libre — Primer ejercicio,26,Señale la opción correcta. El máximo rendimiento de una máquina térmica que extrae calor de un foco caliente a ͳʹ͹Ԩy lo cede a un foco frío a ͺ͵Ԩ es del:,ͳͳΨ,ʹͳΨ,͵ͷΨ,Ͷ͵Ψ,A,official,https://www.miteco.gob.es/content/dam/miteco/es/ministerio/empleo-publico/personal-funcionario/cuestionario_primerejercicio_libre_cs_meteorologos_tcm30-498497.pdf,https://www.miteco.gob.es/content/dam/miteco/es/ministerio/empleo-publico/personal-funcionario/plantilla_definitiva_notas_1ejercicio_libre_cs_meteorologos_tcm30-498798.pdf,text_extracted
2018,AEMET A1 Acceso Libre — Primer ejercicio,27,Una partícula de masa ݉ y carga ‫ ݍ‬que se mueve con velocidad ‫ ݒ‬en un plano perpendicular a un campo magnético describe una órbita circular. El periodo y la frecuencia de dicho movimiento circular son:,Dependientes del radio de la órbita y de ‫ݒ‬,Independientes del radio de la órbita y de ‫ݒ‬,Dependientes del radio de la órbita pero no de ‫ݒ‬,Dependientes de ‫ ݒ‬pero no del radio de la órbita.,B,official,https://www.miteco.gob.es/content/dam/miteco/es/ministerio/empleo-publico/personal-funcionario/cuestionario_primerejercicio_libre_cs_meteorologos_tcm30-498497.pdf,https://www.miteco.gob.es/content/dam/miteco/es/ministerio/empleo-publico/personal-funcionario/plantilla_definitiva_notas_1ejercicio_libre_cs_meteorologos_tcm30-498798.pdf,text_extracted
2018,AEMET A1 Acceso Libre — Primer ejercicio,28,¿Cómo se relacionan los módulos de ‫ ܧ‬y ‫ ܤ‬en una onda electromagnética plana?,‫ ܧ‬ൌ ܿ‫ܤ‬,‫ ܧ‬ൌ ܿ ଶ ‫ܤ‬,‫ ܧ‬ൌ ඥߝ଴ ߤ଴ ‫ܤ‬,"‫ ܤ‬ൌ ܿ‫ܧ‬ 9 __________________________________________________________________________________________ Tribunal Calificador de las Pruebas Selectivas para el ingreso en el Cuerpo Superior de Meteorólogos del Estado (Resolución de 21 de marzo de 2019; BOE 76, de 29 de marzo) ______________________________________________________________________ PRIMER EJERCICIO (las respuestas ha de marcarlas en la Hoja de Examen) ___________________________________________________________________________________________",A,official,https://www.miteco.gob.es/content/dam/miteco/es/ministerio/empleo-publico/personal-funcionario/cuestionario_primerejercicio_libre_cs_meteorologos_tcm30-498497.pdf,https://www.miteco.gob.es/content/dam/miteco/es/ministerio/empleo-publico/personal-funcionario/plantilla_definitiva_notas_1ejercicio_libre_cs_meteorologos_tcm30-498798.pdf,text_extracted
2018,AEMET A1 Acceso Libre — Primer ejercicio,29,Señale la afirmación correcta:,Las unidades de la constante de desplazamiento de Wien son ݉‫ି ܭ‬ଵ,Las unidades de la constante de Stefan-Boltzmann son ܹ݉ିଶ ‫ି ܭ‬ସ,Las unidades de la constante de desplazamiento de Wien son ‫ି݉ܭ‬ଵ,Las unidades de la constante de Stefan-Boltzmann son ܹ݉ଶ ‫ି ܭ‬ସ,B,official,https://www.miteco.gob.es/content/dam/miteco/es/ministerio/empleo-publico/personal-funcionario/cuestionario_primerejercicio_libre_cs_meteorologos_tcm30-498497.pdf,https://www.miteco.gob.es/content/dam/miteco/es/ministerio/empleo-publico/personal-funcionario/plantilla_definitiva_notas_1ejercicio_libre_cs_meteorologos_tcm30-498798.pdf,text_extracted
2018,AEMET A1 Acceso Libre — Primer ejercicio,30,¿Qué proceso causa la inversión de temperatura que caracteriza la estratosfera?,La absorción de radiación solar ultravioleta por las moléculas de ozono.,El calentamiento producido por el viento solar al incidir sobre la atmósfera.,La absorción de la radiación de onda larga terrestre por las moléculas de CO2.,El enfriamiento adiabático de los ascensos de carácter convectivo.,A,official,https://www.miteco.gob.es/content/dam/miteco/es/ministerio/empleo-publico/personal-funcionario/cuestionario_primerejercicio_libre_cs_meteorologos_tcm30-498497.pdf,https://www.miteco.gob.es/content/dam/miteco/es/ministerio/empleo-publico/personal-funcionario/plantilla_definitiva_notas_1ejercicio_libre_cs_meteorologos_tcm30-498798.pdf,text_extracted
2018,AEMET A1 Acceso Libre — Primer ejercicio,31,¿Cuál de estos mecanismos no condiciona la reducción estacional de la capa de ozono estratosférica sobre la Antártida?,La formación de nubes estratosféricas polares en invierno que se deshacen en primavera liberando compuestos que contienen cloro.,La reacción del ozono con cloro para producir óxido de cloro y oxigeno molecular.,La fotólisis de compuestos clorofluorocarbonados para producir cloro.,"El transporte de compuestos clorados desde la estratosfera circundante hacia el vórtice antártico durante el invierno. 10 __________________________________________________________________________________________ Tribunal Calificador de las Pruebas Selectivas para el ingreso en el Cuerpo Superior de Meteorólogos del Estado (Resolución de 21 de marzo de 2019; BOE 76, de 29 de marzo) ______________________________________________________________________ PRIMER EJERCICIO (las respuestas ha de marcarlas en la Hoja de Examen) ___________________________________________________________________________________________",D,official,https://www.miteco.gob.es/content/dam/miteco/es/ministerio/empleo-publico/personal-funcionario/cuestionario_primerejercicio_libre_cs_meteorologos_tcm30-498497.pdf,https://www.miteco.gob.es/content/dam/miteco/es/ministerio/empleo-publico/personal-funcionario/plantilla_definitiva_notas_1ejercicio_libre_cs_meteorologos_tcm30-498798.pdf,text_extracted
2018,AEMET A1 Acceso Libre — Primer ejercicio,32,Señale la afirmación incorrecta respecto a las inversiones de subsidencia:,La humedad relativa disminuye rápidamente con la altura.,Se originan por movimientos adiabáticos descendentes en los anticiclones que dan lugar a calentamiento por compresión.,Están asociadas a inestabilidad en superficie y favorecen los movimientos verticales en su seno.,Favorecen la concentración de contaminantes junto a la superficie.,C,official,https://www.miteco.gob.es/content/dam/miteco/es/ministerio/empleo-publico/personal-funcionario/cuestionario_primerejercicio_libre_cs_meteorologos_tcm30-498497.pdf,https://www.miteco.gob.es/content/dam/miteco/es/ministerio/empleo-publico/personal-funcionario/plantilla_definitiva_notas_1ejercicio_libre_cs_meteorologos_tcm30-498798.pdf,text_extracted
2018,AEMET A1 Acceso Libre — Primer ejercicio,33,"Durante una expansión adiabática no saturada, ¿qué variables higrométricas se mantienen constantes?","Humedad específica, temperatura del termómetro húmedo, temperatura potencial.","Humedad específica, temperatura equivalente, temperatura potencial.","Razón de mezcla, temperatura potencial, temperatura potencial equivalente.","Razón de mezcla, temperatura equivalente, temperatura potencial, temperatura potencial equivalente.",C,official,https://www.miteco.gob.es/content/dam/miteco/es/ministerio/empleo-publico/personal-funcionario/cuestionario_primerejercicio_libre_cs_meteorologos_tcm30-498497.pdf,https://www.miteco.gob.es/content/dam/miteco/es/ministerio/empleo-publico/personal-funcionario/plantilla_definitiva_notas_1ejercicio_libre_cs_meteorologos_tcm30-498798.pdf,text_extracted
2018,AEMET A1 Acceso Libre — Primer ejercicio,34,Señale la afirmación correcta respecto a las nieblas de advección:,Suelen darse en invierno sobre los mares.,Se forman únicamente de noche.,Para su formación es necesario un viento de cierta persistencia y velocidad.,Siempre se disipan al amanecer.,C,official,https://www.miteco.gob.es/content/dam/miteco/es/ministerio/empleo-publico/personal-funcionario/cuestionario_primerejercicio_libre_cs_meteorologos_tcm30-498497.pdf,https://www.miteco.gob.es/content/dam/miteco/es/ministerio/empleo-publico/personal-funcionario/plantilla_definitiva_notas_1ejercicio_libre_cs_meteorologos_tcm30-498798.pdf,text_extracted
2018,AEMET A1 Acceso Libre — Primer ejercicio,35,¿Cuál de los siguientes parámetros se mantiene constante en una expansión adiabática saturada?,Temperatura potencial.,Razón de mezcla.,Presión de vapor.,"Temperatura potencial adiabática equivalente. 11 __________________________________________________________________________________________ Tribunal Calificador de las Pruebas Selectivas para el ingreso en el Cuerpo Superior de Meteorólogos del Estado (Resolución de 21 de marzo de 2019; BOE 76, de 29 de marzo) ______________________________________________________________________ PRIMER EJERCICIO (las respuestas ha de marcarlas en la Hoja de Examen) ___________________________________________________________________________________________",D,official,https://www.miteco.gob.es/content/dam/miteco/es/ministerio/empleo-publico/personal-funcionario/cuestionario_primerejercicio_libre_cs_meteorologos_tcm30-498497.pdf,https://www.miteco.gob.es/content/dam/miteco/es/ministerio/empleo-publico/personal-funcionario/plantilla_definitiva_notas_1ejercicio_libre_cs_meteorologos_tcm30-498798.pdf,text_extracted
2018,AEMET A1 Acceso Libre — Primer ejercicio,36,Señale la afirmación correcta. En un diagrama aerológico:,Una escala lineal de entropía corresponde a una escala lineal de temperatura potencial.,Una escala logarítmica de entropía corresponde a una escala lineal de temperatura potencial.,Una escala lineal de entropía corresponde a una escala logarítmica de temperatura potencial.,Una escala logarítmica de entropía corresponde a una escala logarítmica de temperatura potencial.,C,official,https://www.miteco.gob.es/content/dam/miteco/es/ministerio/empleo-publico/personal-funcionario/cuestionario_primerejercicio_libre_cs_meteorologos_tcm30-498497.pdf,https://www.miteco.gob.es/content/dam/miteco/es/ministerio/empleo-publico/personal-funcionario/plantilla_definitiva_notas_1ejercicio_libre_cs_meteorologos_tcm30-498798.pdf,text_extracted
2018,AEMET A1 Acceso Libre — Primer ejercicio,37,Señale la afirmación incorrecta:,En el Sistema Internacional la unidad de la intensidad radiante es el ܹ‫ି ݎݏ‬ଵ,En el Sistema Internacional la unidad de la radiancia es el ܹ‫ି ݎݏ‬ଵ ݉ିଶ,En el Sistema Internacional la unidad del flujo radiante es el ܹ݉ିଶ,En el Sistema Internacional la unidad de la emitancia radiante es el ܹ݉ିଶ,C,official,https://www.miteco.gob.es/content/dam/miteco/es/ministerio/empleo-publico/personal-funcionario/cuestionario_primerejercicio_libre_cs_meteorologos_tcm30-498497.pdf,https://www.miteco.gob.es/content/dam/miteco/es/ministerio/empleo-publico/personal-funcionario/plantilla_definitiva_notas_1ejercicio_libre_cs_meteorologos_tcm30-498798.pdf,text_extracted
2018,AEMET A1 Acceso Libre — Primer ejercicio,38,"Una superficie plana horizontal recibe irradiancia solar directa de ͺͲͲܹ݉ିଶ con un ángulo de incidencia de ͸Ͳι, además de irradiancia difusa de ʹͲͲܹ݉ିଶ. ¿Qué valor tiene la irradiancia global sobre la superficie?",͹ͲͲܹ݉ିଶ,ͳͲͲͲܹ݉ିଶ,͸ͲͲܹ݉ିଶ,"ͻͲͲܹ݉ିଶ 12 __________________________________________________________________________________________ Tribunal Calificador de las Pruebas Selectivas para el ingreso en el Cuerpo Superior de Meteorólogos del Estado (Resolución de 21 de marzo de 2019; BOE 76, de 29 de marzo) ______________________________________________________________________ PRIMER EJERCICIO (las respuestas ha de marcarlas en la Hoja de Examen) ___________________________________________________________________________________________",C,official,https://www.miteco.gob.es/content/dam/miteco/es/ministerio/empleo-publico/personal-funcionario/cuestionario_primerejercicio_libre_cs_meteorologos_tcm30-498497.pdf,https://www.miteco.gob.es/content/dam/miteco/es/ministerio/empleo-publico/personal-funcionario/plantilla_definitiva_notas_1ejercicio_libre_cs_meteorologos_tcm30-498798.pdf,text_extracted
2018,AEMET A1 Acceso Libre — Primer ejercicio,39,Señale la opción correcta. Los gases que más contribuyen en orden creciente al efecto invernadero terrestre son:,"CO2, CH4, H2O","H2O, CO2, CH4","CH4, CO2, H2O","CO2, H2O, CH4",C,official,https://www.miteco.gob.es/content/dam/miteco/es/ministerio/empleo-publico/personal-funcionario/cuestionario_primerejercicio_libre_cs_meteorologos_tcm30-498497.pdf,https://www.miteco.gob.es/content/dam/miteco/es/ministerio/empleo-publico/personal-funcionario/plantilla_definitiva_notas_1ejercicio_libre_cs_meteorologos_tcm30-498798.pdf,text_extracted
2018,AEMET A1 Acceso Libre — Primer ejercicio,40,¿Cuál de las siguientes variables no influye en la nucleación heterogénea de gotitas de agua en la formación de nubes?,La presión de vapor.,La temperatura.,La composición de los aerosoles que actúan como núcleos de condensación.,La turbulencia.,D,official,https://www.miteco.gob.es/content/dam/miteco/es/ministerio/empleo-publico/personal-funcionario/cuestionario_primerejercicio_libre_cs_meteorologos_tcm30-498497.pdf,https://www.miteco.gob.es/content/dam/miteco/es/ministerio/empleo-publico/personal-funcionario/plantilla_definitiva_notas_1ejercicio_libre_cs_meteorologos_tcm30-498798.pdf,text_extracted
2018,AEMET A1 Acceso Libre — Primer ejercicio,41,Señale la afirmación correcta respecto a los procesos de microfísica de nubes:,En la coalescencia de partículas el efecto de las velocidades relativas de las gotitas domina sobre los efectos turbulentos.,La coalescencia de gotitas de agua es el único proceso por el que se forman las gotas de lluvia.,En la colisión de gotitas de agua la coalescencia y el rebote son los dos únicos procesos que se pueden dar.,"La velocidad terminal de una gotita depende del cuadrado de su diámetro. 13 __________________________________________________________________________________________ Tribunal Calificador de las Pruebas Selectivas para el ingreso en el Cuerpo Superior de Meteorólogos del Estado (Resolución de 21 de marzo de 2019; BOE 76, de 29 de marzo) ______________________________________________________________________ PRIMER EJERCICIO (las respuestas ha de marcarlas en la Hoja de Examen) ___________________________________________________________________________________________",A,official,https://www.miteco.gob.es/content/dam/miteco/es/ministerio/empleo-publico/personal-funcionario/cuestionario_primerejercicio_libre_cs_meteorologos_tcm30-498497.pdf,https://www.miteco.gob.es/content/dam/miteco/es/ministerio/empleo-publico/personal-funcionario/plantilla_definitiva_notas_1ejercicio_libre_cs_meteorologos_tcm30-498798.pdf,text_extracted
2018,AEMET A1 Acceso Libre — Primer ejercicio,42,¿Cuál de los siguientes no es un mecanismo de nucleación de cristales de hielo en la formación de nubes?,Deposición de vapor de agua sobre un núcleo de hielo.,Congelación de una gotita de agua.,Colisión de una gotita sobreenfriada con un núcleo de condensación de hielo.,Colisión de una gotita de agua con un cristal de hielo.,D,official,https://www.miteco.gob.es/content/dam/miteco/es/ministerio/empleo-publico/personal-funcionario/cuestionario_primerejercicio_libre_cs_meteorologos_tcm30-498497.pdf,https://www.miteco.gob.es/content/dam/miteco/es/ministerio/empleo-publico/personal-funcionario/plantilla_definitiva_notas_1ejercicio_libre_cs_meteorologos_tcm30-498798.pdf,text_extracted
2018,AEMET A1 Acceso Libre — Primer ejercicio,43,Señale la afirmación correcta respecto al scattering de la luz en la atmósfera:,La intensidad de la luz dispersada en el scattering de Rayleigh es proporcional a ߣିସ,El scattering de Rayleigh es aplicable indistintamente a moléculas y a aerosoles.,El color azul del cielo puede ser explicado a partir del scattering de Mie.,El scattering de Raman es de tipo elástico.,A,official,https://www.miteco.gob.es/content/dam/miteco/es/ministerio/empleo-publico/personal-funcionario/cuestionario_primerejercicio_libre_cs_meteorologos_tcm30-498497.pdf,https://www.miteco.gob.es/content/dam/miteco/es/ministerio/empleo-publico/personal-funcionario/plantilla_definitiva_notas_1ejercicio_libre_cs_meteorologos_tcm30-498798.pdf,text_extracted
2018,AEMET A1 Acceso Libre — Primer ejercicio,44,Señale la afirmación correcta respecto al campo eléctrico de buen tiempo:,El campo eléctrico de buen tiempo en un momento dado en todos los puntos de la Tierra corresponde al creado por una carga positiva de ͶͲͲ݇‫ ܥ‬distribuida en su superficie.,El campo eléctrico de buen tiempo tiene una intensidad aproximada de 1 ܸ݉ିଵ,La variación diaria del campo eléctrico de buen tiempo está relacionada con la actividad tormentosa del planeta.,"El campo eléctrico de buen tiempo es el resultado de la compensación de la carga de la ionosfera. 14 __________________________________________________________________________________________ Tribunal Calificador de las Pruebas Selectivas para el ingreso en el Cuerpo Superior de Meteorólogos del Estado (Resolución de 21 de marzo de 2019; BOE 76, de 29 de marzo) ______________________________________________________________________ PRIMER EJERCICIO (las respuestas ha de marcarlas en la Hoja de Examen) ___________________________________________________________________________________________",C,official,https://www.miteco.gob.es/content/dam/miteco/es/ministerio/empleo-publico/personal-funcionario/cuestionario_primerejercicio_libre_cs_meteorologos_tcm30-498497.pdf,https://www.miteco.gob.es/content/dam/miteco/es/ministerio/empleo-publico/personal-funcionario/plantilla_definitiva_notas_1ejercicio_libre_cs_meteorologos_tcm30-498798.pdf,text_extracted
2018,AEMET A1 Acceso Libre — Primer ejercicio,45,Señale la opción en la que el albedo de las nubes está ordenado de mayor a menor:,cumulonimbos > cúmulos > cirros finos > nimbostratos,cumulonimbos > cirros finos > cúmulos > nimbostratos,nimbostatos > cúmulos > cirros finos > cumulonimbos,cumulonimbos > nimbostratos > cúmulos > cirros finos,D,official,https://www.miteco.gob.es/content/dam/miteco/es/ministerio/empleo-publico/personal-funcionario/cuestionario_primerejercicio_libre_cs_meteorologos_tcm30-498497.pdf,https://www.miteco.gob.es/content/dam/miteco/es/ministerio/empleo-publico/personal-funcionario/plantilla_definitiva_notas_1ejercicio_libre_cs_meteorologos_tcm30-498798.pdf,text_extracted
2018,AEMET A1 Acceso Libre — Primer ejercicio,46,Las ecuaciones de Marshall-Palmer relacionan:,La reflectividad y el tamaño de los blancos.,La reflectividad y la intensidad de precipitación.,La altitud de los blancos y la refracción del haz radar.,El cambio en la frecuencia y la velocidad del viento en un radar Doppler.,B,official,https://www.miteco.gob.es/content/dam/miteco/es/ministerio/empleo-publico/personal-funcionario/cuestionario_primerejercicio_libre_cs_meteorologos_tcm30-498497.pdf,https://www.miteco.gob.es/content/dam/miteco/es/ministerio/empleo-publico/personal-funcionario/plantilla_definitiva_notas_1ejercicio_libre_cs_meteorologos_tcm30-498798.pdf,text_extracted
2018,AEMET A1 Acceso Libre — Primer ejercicio,47,Señale la afirmación correcta respecto al radar Doppler:,Mide la velocidad del viento gracias a la comparación de los cambios de fase que se producen en dos reflexiones sucesivas del haz.,Su funcionamiento se basa en el cambio de frecuencia que se da en la onda reflejada al estar el blanco alejándose o acercándose al emisor.,Puede medir las componentes radiales y tangenciales del viento.,Las áreas donde el viento es totalmente radial a la circunferencia de observación del radar Doppler aparecen como zonas de viento nulo.,A,official,https://www.miteco.gob.es/content/dam/miteco/es/ministerio/empleo-publico/personal-funcionario/cuestionario_primerejercicio_libre_cs_meteorologos_tcm30-498497.pdf,https://www.miteco.gob.es/content/dam/miteco/es/ministerio/empleo-publico/personal-funcionario/plantilla_definitiva_notas_1ejercicio_libre_cs_meteorologos_tcm30-498798.pdf,text_extracted
2018,AEMET A1 Acceso Libre — Primer ejercicio,48,¿De cuál de los siguientes factores no depende la razón de engelamiento?,El tamaño de las gotitas de agua.,La temperatura.,El viento.,"La concentración de gotitas de agua líquida. 15 __________________________________________________________________________________________ Tribunal Calificador de las Pruebas Selectivas para el ingreso en el Cuerpo Superior de Meteorólogos del Estado (Resolución de 21 de marzo de 2019; BOE 76, de 29 de marzo) ______________________________________________________________________ PRIMER EJERCICIO (las respuestas ha de marcarlas en la Hoja de Examen) ___________________________________________________________________________________________",C,official,https://www.miteco.gob.es/content/dam/miteco/es/ministerio/empleo-publico/personal-funcionario/cuestionario_primerejercicio_libre_cs_meteorologos_tcm30-498497.pdf,https://www.miteco.gob.es/content/dam/miteco/es/ministerio/empleo-publico/personal-funcionario/plantilla_definitiva_notas_1ejercicio_libre_cs_meteorologos_tcm30-498798.pdf,text_extracted
2018,AEMET A1 Acceso Libre — Primer ejercicio,49,Señale la afirmación correcta respecto a un avión que vuela en el hemisferio norte en las proximidades del chorro polar:,Volar con la corriente en chorro de frente reduce el consumo del avión.,"Con viento en cola debajo del chorro, volando en la zona cálida a la derecha de la corriente, existe menos probabilidad de turbulencia.","Se debe viajar a la izquierda del eje del chorro corriente abajo, donde la turbulencia en aire claro es menor.","No reporta ningún beneficio viajar en las proximidades del chorro, con lo que se deberá modificar la ruta.",B,official,https://www.miteco.gob.es/content/dam/miteco/es/ministerio/empleo-publico/personal-funcionario/cuestionario_primerejercicio_libre_cs_meteorologos_tcm30-498497.pdf,https://www.miteco.gob.es/content/dam/miteco/es/ministerio/empleo-publico/personal-funcionario/plantilla_definitiva_notas_1ejercicio_libre_cs_meteorologos_tcm30-498798.pdf,text_extracted
2018,AEMET A1 Acceso Libre — Primer ejercicio,50,¿Cuál de las siguientes afirmaciones es incorrecta respecto a la meteorología mesoescalar?,La escala espacial oscila entre los 2 - 2000 km y la escala temporal entre el minuto y el día.,Se caracterizan por grandes aceleraciones del viento y movimientos ageostróficos.,El cociente entre la dimensión vertical y horizontal del fenómeno es igual o inferior a 1 dependiendo del fenómeno.,Las líneas de turbonada no son fenómenos de mesoescala.,D,official,https://www.miteco.gob.es/content/dam/miteco/es/ministerio/empleo-publico/personal-funcionario/cuestionario_primerejercicio_libre_cs_meteorologos_tcm30-498497.pdf,https://www.miteco.gob.es/content/dam/miteco/es/ministerio/empleo-publico/personal-funcionario/plantilla_definitiva_notas_1ejercicio_libre_cs_meteorologos_tcm30-498798.pdf,text_extracted
2018,AEMET A1 Acceso Libre — Primer ejercicio,51,¿Qué son las ondas de gravedad?,Perturbaciones ondulatorias debidas al desplazamiento de una parcela de aire de su equilibrio hidrostático cuya fuerza restauradora es la fuerza de Coriolis.,Perturbaciones ondulatorias debidas al desplazamiento de una parcela de aire de su equilibrio hidrostático cuya fuerza restauradora es la flotabilidad.,Perturbaciones ondulatorias debidas al desplazamiento de una parcela de aire de su equilibrio hidrostático cuya fuerza restauradora es la fuerza de fricción.,"Perturbaciones ondulatorias debidas al desplazamiento de una parcela de aire de su equilibrio hidrostático cuya fuerza restauradora es la fuerza de la gravedad. 16 __________________________________________________________________________________________ Tribunal Calificador de las Pruebas Selectivas para el ingreso en el Cuerpo Superior de Meteorólogos del Estado (Resolución de 21 de marzo de 2019; BOE 76, de 29 de marzo) ______________________________________________________________________ PRIMER EJERCICIO (las respuestas ha de marcarlas en la Hoja de Examen) ___________________________________________________________________________________________",B,official,https://www.miteco.gob.es/content/dam/miteco/es/ministerio/empleo-publico/personal-funcionario/cuestionario_primerejercicio_libre_cs_meteorologos_tcm30-498497.pdf,https://www.miteco.gob.es/content/dam/miteco/es/ministerio/empleo-publico/personal-funcionario/plantilla_definitiva_notas_1ejercicio_libre_cs_meteorologos_tcm30-498798.pdf,text_extracted
2018,AEMET A1 Acceso Libre — Primer ejercicio,52,"Cuando en la atmósfera existe equilibrio entre la fuerza ascendente de gradiente de presión y la fuerza descendente de gravedad, se dice que la atmósfera está en equilibrio:",Geostrófico,Baroclínico,Hidrostático,Hypsométrico,C,official,https://www.miteco.gob.es/content/dam/miteco/es/ministerio/empleo-publico/personal-funcionario/cuestionario_primerejercicio_libre_cs_meteorologos_tcm30-498497.pdf,https://www.miteco.gob.es/content/dam/miteco/es/ministerio/empleo-publico/personal-funcionario/plantilla_definitiva_notas_1ejercicio_libre_cs_meteorologos_tcm30-498798.pdf,text_extracted
2018,AEMET A1 Acceso Libre — Primer ejercicio,53,Señale la afirmación correcta respecto al viento geostrófico en el hemisferio norte:,Si gira con la altura en sentido horario se produce advección cálida.,Si gira con la altura en sentido horario se produce advección neutra.,Si gira con la altura en sentido antihorario se produce advección cálida.,Si gira con la altura en sentido horario se produce advección fría.,A,official,https://www.miteco.gob.es/content/dam/miteco/es/ministerio/empleo-publico/personal-funcionario/cuestionario_primerejercicio_libre_cs_meteorologos_tcm30-498497.pdf,https://www.miteco.gob.es/content/dam/miteco/es/ministerio/empleo-publico/personal-funcionario/plantilla_definitiva_notas_1ejercicio_libre_cs_meteorologos_tcm30-498798.pdf,text_extracted
2018,AEMET A1 Acceso Libre — Primer ejercicio,54,Señale la afirmación compatible con la profundización de un anticiclón según la ecuación de la tendencia del geopotencial:,Disminución con la altura de advección cálida.,Aumento con la altura de advección cálida.,Disminución con la altura de advección fría.,No hay variación con la altura de la advección de temperatura.,A,official,https://www.miteco.gob.es/content/dam/miteco/es/ministerio/empleo-publico/personal-funcionario/cuestionario_primerejercicio_libre_cs_meteorologos_tcm30-498497.pdf,https://www.miteco.gob.es/content/dam/miteco/es/ministerio/empleo-publico/personal-funcionario/plantilla_definitiva_notas_1ejercicio_libre_cs_meteorologos_tcm30-498798.pdf,text_extracted
2018,AEMET A1 Acceso Libre — Primer ejercicio,55,"En un frente frío activo, ¿qué término de la ecuación omega es responsable del movimiento ascendente?",El Vector Q de Hoskins.,La variación con la altura de la advección de temperatura.,La advección diferencial de vorticidad.,"Los procesos adiabáticos verticales. 17 __________________________________________________________________________________________ Tribunal Calificador de las Pruebas Selectivas para el ingreso en el Cuerpo Superior de Meteorólogos del Estado (Resolución de 21 de marzo de 2019; BOE 76, de 29 de marzo) ______________________________________________________________________ PRIMER EJERCICIO (las respuestas ha de marcarlas en la Hoja de Examen) ___________________________________________________________________________________________",C,official,https://www.miteco.gob.es/content/dam/miteco/es/ministerio/empleo-publico/personal-funcionario/cuestionario_primerejercicio_libre_cs_meteorologos_tcm30-498497.pdf,https://www.miteco.gob.es/content/dam/miteco/es/ministerio/empleo-publico/personal-funcionario/plantilla_definitiva_notas_1ejercicio_libre_cs_meteorologos_tcm30-498798.pdf,text_extracted
2018,AEMET A1 Acceso Libre — Primer ejercicio,56,¿Qué tipo de ondas atmosféricas aparecen en la estratosfera ecuatorial?,Únicamente ondas de Rossby que viajan hacia el este.,Ondas de Kelvin que viajan hacia el oeste y ondas mixtas de Rossby-gravedad que viajan hacia el este.,Ondas de Kelvin que viajan hacia el este y ondas de Rossby que viajan hacia el este.,Ondas de Kelvin que viajan hacia el este y ondas mixtas de Rossby-gravedad que viajan hacia el oeste.,D,official,https://www.miteco.gob.es/content/dam/miteco/es/ministerio/empleo-publico/personal-funcionario/cuestionario_primerejercicio_libre_cs_meteorologos_tcm30-498497.pdf,https://www.miteco.gob.es/content/dam/miteco/es/ministerio/empleo-publico/personal-funcionario/plantilla_definitiva_notas_1ejercicio_libre_cs_meteorologos_tcm30-498798.pdf,text_extracted
2018,AEMET A1 Acceso Libre — Primer ejercicio,57,¿Cuál de estos mecanismos no contribuye a la ciclogénesis de los ciclones extratropicales?,La aparición de zonas de convergencia y divergencia asociadas a las ondas de Rossby.,La inestabilidad baroclina en el entorno de la corriente en chorro.,Los máximos de la corriente en chorro que generan zonas de convergencia y divergencia a su entrada y salida.,La liberación de energía por la condensación de vapor en los ascensos que se dan en las zonas de convergencia.,D,official,https://www.miteco.gob.es/content/dam/miteco/es/ministerio/empleo-publico/personal-funcionario/cuestionario_primerejercicio_libre_cs_meteorologos_tcm30-498497.pdf,https://www.miteco.gob.es/content/dam/miteco/es/ministerio/empleo-publico/personal-funcionario/plantilla_definitiva_notas_1ejercicio_libre_cs_meteorologos_tcm30-498798.pdf,text_extracted
2018,AEMET A1 Acceso Libre — Primer ejercicio,58,¿Cuál de los siguientes factores no contribuye a la intensificación de la frontogénesis?,Movimientos ascendentes sobre la zona cálida frontal.,Advección fría sobre la zona fría frontal.,Advección cálida sobre la zona cálida frontal.,"Movimientos ascendentes sobre la zona fría frontal. 18 __________________________________________________________________________________________ Tribunal Calificador de las Pruebas Selectivas para el ingreso en el Cuerpo Superior de Meteorólogos del Estado (Resolución de 21 de marzo de 2019; BOE 76, de 29 de marzo) ______________________________________________________________________ PRIMER EJERCICIO (las respuestas ha de marcarlas en la Hoja de Examen) ___________________________________________________________________________________________",A,official,https://www.miteco.gob.es/content/dam/miteco/es/ministerio/empleo-publico/personal-funcionario/cuestionario_primerejercicio_libre_cs_meteorologos_tcm30-498497.pdf,https://www.miteco.gob.es/content/dam/miteco/es/ministerio/empleo-publico/personal-funcionario/plantilla_definitiva_notas_1ejercicio_libre_cs_meteorologos_tcm30-498798.pdf,text_extracted
2018,AEMET A1 Acceso Libre — Primer ejercicio,59,¿Cuál de las siguientes observaciones registradas en latitudes medias del hemisferio norte no es compatible con el paso de un frente frío?,El viento gira de componente sureste a componente sur.,Se registra un mínimo en la presión.,Se produce un descenso en la temperatura.,Se observan cumulonimbos y precipitación de carácter convectivo.,A,official,https://www.miteco.gob.es/content/dam/miteco/es/ministerio/empleo-publico/personal-funcionario/cuestionario_primerejercicio_libre_cs_meteorologos_tcm30-498497.pdf,https://www.miteco.gob.es/content/dam/miteco/es/ministerio/empleo-publico/personal-funcionario/plantilla_definitiva_notas_1ejercicio_libre_cs_meteorologos_tcm30-498798.pdf,text_extracted
2018,AEMET A1 Acceso Libre — Primer ejercicio,60,¿En qué lugares de la Tierra es más probable que se desarrollen los huracanes?,En aguas tropicales cálidas entre 10° y 25° de latitud en ambos hemisferios.,A lo largo del ecuador sobre localizaciones continentales.,A lo largo de la costa oeste de los continentes a 35° de latitud norte o sur.,"En el mar Mediterráneo, frente a la costa este de Sudamérica y al sur de Australia.",A,official,https://www.miteco.gob.es/content/dam/miteco/es/ministerio/empleo-publico/personal-funcionario/cuestionario_primerejercicio_libre_cs_meteorologos_tcm30-498497.pdf,https://www.miteco.gob.es/content/dam/miteco/es/ministerio/empleo-publico/personal-funcionario/plantilla_definitiva_notas_1ejercicio_libre_cs_meteorologos_tcm30-498798.pdf,text_extracted
2018,AEMET A1 Acceso Libre — Primer ejercicio,61,¿Cuál de los siguientes no es un requisito para la formación de ciclones tropicales?,Una atmósfera condicionalmente inestable.,Temperaturas oceánicas cálidas.,Humedad en niveles medios de la troposfera.,"Alta cizalladura vertical del viento. 19 __________________________________________________________________________________________ Tribunal Calificador de las Pruebas Selectivas para el ingreso en el Cuerpo Superior de Meteorólogos del Estado (Resolución de 21 de marzo de 2019; BOE 76, de 29 de marzo) ______________________________________________________________________ PRIMER EJERCICIO (las respuestas ha de marcarlas en la Hoja de Examen) ___________________________________________________________________________________________",D,official,https://www.miteco.gob.es/content/dam/miteco/es/ministerio/empleo-publico/personal-funcionario/cuestionario_primerejercicio_libre_cs_meteorologos_tcm30-498497.pdf,https://www.miteco.gob.es/content/dam/miteco/es/ministerio/empleo-publico/personal-funcionario/plantilla_definitiva_notas_1ejercicio_libre_cs_meteorologos_tcm30-498798.pdf,text_extracted
2018,AEMET A1 Acceso Libre — Primer ejercicio,62,Señale la afirmación incorrecta respecto a la Oscilación Cuasibienal:,Es un fenómeno tropical que afecta al flujo estratosférico de polo a polo que modula los efectos de las ondas extratropicales.,Afecta a la variabilidad en la mesosfera en torno a los 85km mediante propagación vertical de ondas de la estratosfera ecuatorial.,No afecta a los vórtices de la estratosfera polar en invierno ni a la reducción del ozono en latitudes altas.,Se da en los vientos zonales de la estratosfera ecuatorial.,C,official,https://www.miteco.gob.es/content/dam/miteco/es/ministerio/empleo-publico/personal-funcionario/cuestionario_primerejercicio_libre_cs_meteorologos_tcm30-498497.pdf,https://www.miteco.gob.es/content/dam/miteco/es/ministerio/empleo-publico/personal-funcionario/plantilla_definitiva_notas_1ejercicio_libre_cs_meteorologos_tcm30-498798.pdf,text_extracted
2018,AEMET A1 Acceso Libre — Primer ejercicio,63,¿En qué hemisferio están confinadas las ondas planetarias de propagación vertical?,Solamente en el hemisferio norte.,Solamente en el hemisferio que está en verano.,Solamente en el hemisferio sur.,Solamente en el hemisferio que está en invierno.,D,official,https://www.miteco.gob.es/content/dam/miteco/es/ministerio/empleo-publico/personal-funcionario/cuestionario_primerejercicio_libre_cs_meteorologos_tcm30-498497.pdf,https://www.miteco.gob.es/content/dam/miteco/es/ministerio/empleo-publico/personal-funcionario/plantilla_definitiva_notas_1ejercicio_libre_cs_meteorologos_tcm30-498798.pdf,text_extracted
2018,AEMET A1 Acceso Libre — Primer ejercicio,64,¿Cuál de los siguientes no se considera un elemento climático?,Corrientes marinas,Presión atmosférica,Humedad,"Temperatura del aire 20 __________________________________________________________________________________________ Tribunal Calificador de las Pruebas Selectivas para el ingreso en el Cuerpo Superior de Meteorólogos del Estado (Resolución de 21 de marzo de 2019; BOE 76, de 29 de marzo) ______________________________________________________________________ PRIMER EJERCICIO (las respuestas ha de marcarlas en la Hoja de Examen) ___________________________________________________________________________________________",A,official,https://www.miteco.gob.es/content/dam/miteco/es/ministerio/empleo-publico/personal-funcionario/cuestionario_primerejercicio_libre_cs_meteorologos_tcm30-498497.pdf,https://www.miteco.gob.es/content/dam/miteco/es/ministerio/empleo-publico/personal-funcionario/plantilla_definitiva_notas_1ejercicio_libre_cs_meteorologos_tcm30-498798.pdf,text_extracted
2018,AEMET A1 Acceso Libre — Primer ejercicio,65,"Según la Organización Meteorológica Mundial, ¿cuál es el periodo clásico de referencia para estudiar el clima?",20 años,25 años,30 años,35 años,C,official,https://www.miteco.gob.es/content/dam/miteco/es/ministerio/empleo-publico/personal-funcionario/cuestionario_primerejercicio_libre_cs_meteorologos_tcm30-498497.pdf,https://www.miteco.gob.es/content/dam/miteco/es/ministerio/empleo-publico/personal-funcionario/plantilla_definitiva_notas_1ejercicio_libre_cs_meteorologos_tcm30-498798.pdf,text_extracted
2018,AEMET A1 Acceso Libre — Primer ejercicio,66,"Se lleva a cabo el análisis de una muestra de sedimento marino mediante el método isotópico ଵ଼ ܱȀ ଵ଺ܱ. Respecto a dicho método isotópico, ¿qué caracteriza un periodo estratigráfico correspondiente a una edad de hielo?",Habrá mayor proporción de ଵ଼ܱ,Habrá menor proporción de ଵ଼ܱ,Dicho método no se aplica a sedimentos marinos sino únicamente a testigos de hielo.,Se mantienen en igual proporción ambos isótopos.,A,official,https://www.miteco.gob.es/content/dam/miteco/es/ministerio/empleo-publico/personal-funcionario/cuestionario_primerejercicio_libre_cs_meteorologos_tcm30-498497.pdf,https://www.miteco.gob.es/content/dam/miteco/es/ministerio/empleo-publico/personal-funcionario/plantilla_definitiva_notas_1ejercicio_libre_cs_meteorologos_tcm30-498798.pdf,text_extracted
2018,AEMET A1 Acceso Libre — Primer ejercicio,68,¿Dónde es mayor el promedio anual de salinidad superficial?,En el ecuador.,En el Atlántico Norte.,En el Mediterráneo.,En el Ártico.,C,official,https://www.miteco.gob.es/content/dam/miteco/es/ministerio/empleo-publico/personal-funcionario/cuestionario_primerejercicio_libre_cs_meteorologos_tcm30-498497.pdf,https://www.miteco.gob.es/content/dam/miteco/es/ministerio/empleo-publico/personal-funcionario/plantilla_definitiva_notas_1ejercicio_libre_cs_meteorologos_tcm30-498798.pdf,text_extracted
2018,AEMET A1 Acceso Libre — Primer ejercicio,69,¿Cuál de las siguientes letras indica un clima más árido según la clasificación clásica de los climas de Thornthwaite?,‫ܣ‬,‫ܣ‬ଵ,‫ܧ‬,‫ܪ‬,C,official,https://www.miteco.gob.es/content/dam/miteco/es/ministerio/empleo-publico/personal-funcionario/cuestionario_primerejercicio_libre_cs_meteorologos_tcm30-498497.pdf,https://www.miteco.gob.es/content/dam/miteco/es/ministerio/empleo-publico/personal-funcionario/plantilla_definitiva_notas_1ejercicio_libre_cs_meteorologos_tcm30-498798.pdf,text_extracted
2018,AEMET A1 Acceso Libre — Primer ejercicio,70,Señale la afirmación correcta respecto a las proyecciones cartográficas:,La proyección de Mercator es equivalente.,La proyección de Gall-Peters es conforme.,Las proyecciones acimutales son conformes.,La proyección de Mollweide es equivalente.,D,official,https://www.miteco.gob.es/content/dam/miteco/es/ministerio/empleo-publico/personal-funcionario/cuestionario_primerejercicio_libre_cs_meteorologos_tcm30-498497.pdf,https://www.miteco.gob.es/content/dam/miteco/es/ministerio/empleo-publico/personal-funcionario/plantilla_definitiva_notas_1ejercicio_libre_cs_meteorologos_tcm30-498798.pdf,text_extracted
2018,AEMET A1 Acceso Libre — Primer ejercicio,71,"Aproximadamente, ¿dónde se halla el máximo en la media zonal anual del transporte de momento angular en la atmósfera?",Entre 60˚ y 30˚ de latitud de cada hemisferio.,Entre 30˚N y 40˚S.,Entre 90˚ y 60˚ de latitud de cada hemisferio.,"Entre 10˚N y 20˚S. 22 __________________________________________________________________________________________ Tribunal Calificador de las Pruebas Selectivas para el ingreso en el Cuerpo Superior de Meteorólogos del Estado (Resolución de 21 de marzo de 2019; BOE 76, de 29 de marzo) ______________________________________________________________________ PRIMER EJERCICIO (las respuestas ha de marcarlas en la Hoja de Examen) ___________________________________________________________________________________________",B,official,https://www.miteco.gob.es/content/dam/miteco/es/ministerio/empleo-publico/personal-funcionario/cuestionario_primerejercicio_libre_cs_meteorologos_tcm30-498497.pdf,https://www.miteco.gob.es/content/dam/miteco/es/ministerio/empleo-publico/personal-funcionario/plantilla_definitiva_notas_1ejercicio_libre_cs_meteorologos_tcm30-498798.pdf,text_extracted
2018,AEMET A1 Acceso Libre — Primer ejercicio,72,El afloramiento de aguas profundas suele darse:,Al este de las masas continentales en el hemisferio norte y al oeste de ellas en el hemisferio sur.,Al oeste de las masas continentales en el hemisferio norte y al este de ellas en el hemisferio sur.,Al este de las masas continentales tanto en el hemisferio norte como en el hemisferio sur.,Al oeste de las masas continentales tanto en el hemisferio norte como en el hemisferio sur.,D,official,https://www.miteco.gob.es/content/dam/miteco/es/ministerio/empleo-publico/personal-funcionario/cuestionario_primerejercicio_libre_cs_meteorologos_tcm30-498497.pdf,https://www.miteco.gob.es/content/dam/miteco/es/ministerio/empleo-publico/personal-funcionario/plantilla_definitiva_notas_1ejercicio_libre_cs_meteorologos_tcm30-498798.pdf,text_extracted
2018,AEMET A1 Acceso Libre — Primer ejercicio,73,¿Cuál de las siguientes corrientes marinas no se encuentra en el hemisferio norte?,Kuroshio,Labrador,Golfo,Humboldt,D,official,https://www.miteco.gob.es/content/dam/miteco/es/ministerio/empleo-publico/personal-funcionario/cuestionario_primerejercicio_libre_cs_meteorologos_tcm30-498497.pdf,https://www.miteco.gob.es/content/dam/miteco/es/ministerio/empleo-publico/personal-funcionario/plantilla_definitiva_notas_1ejercicio_libre_cs_meteorologos_tcm30-498798.pdf,text_extracted
2018,AEMET A1 Acceso Libre — Primer ejercicio,74,¿Cuál de los siguientes no es un ejemplo de variabilidad interanual del clima?,El Niño-Oscilación del Sur.,Dipolo del océano Índico.,Oscilación del Atlántico Norte.,Oscilación de Madden-Julian.,D,official,https://www.miteco.gob.es/content/dam/miteco/es/ministerio/empleo-publico/personal-funcionario/cuestionario_primerejercicio_libre_cs_meteorologos_tcm30-498497.pdf,https://www.miteco.gob.es/content/dam/miteco/es/ministerio/empleo-publico/personal-funcionario/plantilla_definitiva_notas_1ejercicio_libre_cs_meteorologos_tcm30-498798.pdf,text_extracted
2018,AEMET A1 Acceso Libre — Primer ejercicio,75,Señale la afirmación incorrecta:,El fenómeno conocido como ENSO en realidad se compone de dos fenómenos atmosféricos acoplados: El Niño y la Oscilación del Sur.,Durante un fenómeno de El Niño se debilita la circulación de Walker.,Durante un episodio de El Niño se debilitan los vientos alisios.,"Durante un episodio de La Niña, la termoclina se profundiza en el Pacífico occidental. 23 __________________________________________________________________________________________ Tribunal Calificador de las Pruebas Selectivas para el ingreso en el Cuerpo Superior de Meteorólogos del Estado (Resolución de 21 de marzo de 2019; BOE 76, de 29 de marzo) ______________________________________________________________________ PRIMER EJERCICIO (las respuestas ha de marcarlas en la Hoja de Examen) ___________________________________________________________________________________________",A,official,https://www.miteco.gob.es/content/dam/miteco/es/ministerio/empleo-publico/personal-funcionario/cuestionario_primerejercicio_libre_cs_meteorologos_tcm30-498497.pdf,https://www.miteco.gob.es/content/dam/miteco/es/ministerio/empleo-publico/personal-funcionario/plantilla_definitiva_notas_1ejercicio_libre_cs_meteorologos_tcm30-498798.pdf,text_extracted
2018,AEMET A1 Acceso Libre — Primer ejercicio,76,¿Cuál de las siguientes realimentaciones del sistema climático es negativa?,Realimentación del gradiente vertical de temperatura.,Realimentación del vapor de agua.,Realimentación del hielo-albedo.,Realimentación del CO2 marino.,A,official,https://www.miteco.gob.es/content/dam/miteco/es/ministerio/empleo-publico/personal-funcionario/cuestionario_primerejercicio_libre_cs_meteorologos_tcm30-498497.pdf,https://www.miteco.gob.es/content/dam/miteco/es/ministerio/empleo-publico/personal-funcionario/plantilla_definitiva_notas_1ejercicio_libre_cs_meteorologos_tcm30-498798.pdf,text_extracted
2018,AEMET A1 Acceso Libre — Primer ejercicio,77,¿Cómo se denomina el software encargado de comunicar las aplicaciones informáticas con los dispositivos?,Codecs,Plugins,Drivers,Routers,C,official,https://www.miteco.gob.es/content/dam/miteco/es/ministerio/empleo-publico/personal-funcionario/cuestionario_primerejercicio_libre_cs_meteorologos_tcm30-498497.pdf,https://www.miteco.gob.es/content/dam/miteco/es/ministerio/empleo-publico/personal-funcionario/plantilla_definitiva_notas_1ejercicio_libre_cs_meteorologos_tcm30-498798.pdf,text_extracted
2018,AEMET A1 Acceso Libre — Primer ejercicio,78,Señale la afirmación correcta. La instrucción ejecutada en una shell de linux: /home/miusuario/> grep aemet * > ficheros_aemet.txt,Busca en todos los ficheros contenidos en el directorio /home/miusuario/ las líneas que contienen la palabra aemet y guarda el resultado de la búsqueda en el fichero ficheros_aemet.txt,Busca en el directorio /home/miusuario/ los ficheros cuyo nombre contiene la palabra aemet y guarda el resultado de la búsqueda en el fichero ficheros_aemet.txt,Busca en el fichero ficheros_aemet.txt las líneas que contiene la palabra aemet y muestra los resultados por pantalla.,"Concatena el fichero aemet con el fichero * y crea el fichero ficheros_aemet.txt a partir de ellos. 24 __________________________________________________________________________________________ Tribunal Calificador de las Pruebas Selectivas para el ingreso en el Cuerpo Superior de Meteorólogos del Estado (Resolución de 21 de marzo de 2019; BOE 76, de 29 de marzo) ______________________________________________________________________ PRIMER EJERCICIO (las respuestas ha de marcarlas en la Hoja de Examen) ___________________________________________________________________________________________",A,official,https://www.miteco.gob.es/content/dam/miteco/es/ministerio/empleo-publico/personal-funcionario/cuestionario_primerejercicio_libre_cs_meteorologos_tcm30-498497.pdf,https://www.miteco.gob.es/content/dam/miteco/es/ministerio/empleo-publico/personal-funcionario/plantilla_definitiva_notas_1ejercicio_libre_cs_meteorologos_tcm30-498798.pdf,text_extracted
2018,AEMET A1 Acceso Libre — Primer ejercicio,79,¿Cuál de estos lenguajes de programación es un lenguaje de programación interpretado?,Python,C++,Fortran,C,A,official,https://www.miteco.gob.es/content/dam/miteco/es/ministerio/empleo-publico/personal-funcionario/cuestionario_primerejercicio_libre_cs_meteorologos_tcm30-498497.pdf,https://www.miteco.gob.es/content/dam/miteco/es/ministerio/empleo-publico/personal-funcionario/plantilla_definitiva_notas_1ejercicio_libre_cs_meteorologos_tcm30-498798.pdf,text_extracted
2018,AEMET A1 Acceso Libre — Primer ejercicio,80,¿Qué es MongoDB?,Es una base de datos NoSQL de código abierto basada en documentos tipo JSON.,"Es un almacén de estructuras de datos en memoria usado como base de datos, caché y bróker de mensajería.",Es una extensión de PostgreSQL para el tratamiento de información geográfica.,Es una base de datos relacional de código abierto compatible con Oracle.,A,official,https://www.miteco.gob.es/content/dam/miteco/es/ministerio/empleo-publico/personal-funcionario/cuestionario_primerejercicio_libre_cs_meteorologos_tcm30-498497.pdf,https://www.miteco.gob.es/content/dam/miteco/es/ministerio/empleo-publico/personal-funcionario/plantilla_definitiva_notas_1ejercicio_libre_cs_meteorologos_tcm30-498798.pdf,text_extracted
2018,AEMET A1 Acceso Libre — Primer ejercicio,81,¿Qué es la dirección MAC?,Es un identificador de 48 bits que identifica de forma única la tarjeta de red y no depende del protocolo de conexión utilizado en la red.,Es un identificador de 128 bits expresado en código hexadecimal.,Es una dirección lógica y única para cada dispositivo.,Es una dirección IP.,A,official,https://www.miteco.gob.es/content/dam/miteco/es/ministerio/empleo-publico/personal-funcionario/cuestionario_primerejercicio_libre_cs_meteorologos_tcm30-498497.pdf,https://www.miteco.gob.es/content/dam/miteco/es/ministerio/empleo-publico/personal-funcionario/plantilla_definitiva_notas_1ejercicio_libre_cs_meteorologos_tcm30-498798.pdf,text_extracted
2018,AEMET A1 Acceso Libre — Primer ejercicio,82,¿Cuál de las siguientes topologías de red seguiría funcionando en cualquier caso ante el fallo de uno de sus nodos?,Malla,Bus,Árbol,"Anillo 25 __________________________________________________________________________________________ Tribunal Calificador de las Pruebas Selectivas para el ingreso en el Cuerpo Superior de Meteorólogos del Estado (Resolución de 21 de marzo de 2019; BOE 76, de 29 de marzo) ______________________________________________________________________ PRIMER EJERCICIO (las respuestas ha de marcarlas en la Hoja de Examen) ___________________________________________________________________________________________",A,official,https://www.miteco.gob.es/content/dam/miteco/es/ministerio/empleo-publico/personal-funcionario/cuestionario_primerejercicio_libre_cs_meteorologos_tcm30-498497.pdf,https://www.miteco.gob.es/content/dam/miteco/es/ministerio/empleo-publico/personal-funcionario/plantilla_definitiva_notas_1ejercicio_libre_cs_meteorologos_tcm30-498798.pdf,text_extracted
2018,AEMET A1 Acceso Libre — Primer ejercicio,83,Señale la afirmación incorrecta respecto a xDSL:,Es un conjunto de tecnologías que tienen en común que utilizan el par trenzado de hilos de cobre convencionales de las líneas telefónicas para la transmisión de datos.,"Es un conjunto de tecnologías entre las que se encuentran ADSL, ADSL2, ADSL2+, SDSL, IDSL.",Es un lenguaje de programación que se utiliza para modelar los objetos del dominio del servicio (Domain Service Language).,Puede ser simétrico o asimétrico.,C,official,https://www.miteco.gob.es/content/dam/miteco/es/ministerio/empleo-publico/personal-funcionario/cuestionario_primerejercicio_libre_cs_meteorologos_tcm30-498497.pdf,https://www.miteco.gob.es/content/dam/miteco/es/ministerio/empleo-publico/personal-funcionario/plantilla_definitiva_notas_1ejercicio_libre_cs_meteorologos_tcm30-498798.pdf,text_extracted
2018,AEMET A1 Acceso Libre — Primer ejercicio,85,"Señale la afirmación correcta. De acuerdo con el artículo 1 de la Constitución Española, España se constituye en un Estado:","Social, libre y democrático.",Social y democrático de Derecho.,"De Derecho, democrático y aconfesional.","Libre, democrático y aconfesional. 26 __________________________________________________________________________________________ Tribunal Calificador de las Pruebas Selectivas para el ingreso en el Cuerpo Superior de Meteorólogos del Estado (Resolución de 21 de marzo de 2019; BOE 76, de 29 de marzo) ______________________________________________________________________ PRIMER EJERCICIO (las respuestas ha de marcarlas en la Hoja de Examen) ___________________________________________________________________________________________",B,official,https://www.miteco.gob.es/content/dam/miteco/es/ministerio/empleo-publico/personal-funcionario/cuestionario_primerejercicio_libre_cs_meteorologos_tcm30-498497.pdf,https://www.miteco.gob.es/content/dam/miteco/es/ministerio/empleo-publico/personal-funcionario/plantilla_definitiva_notas_1ejercicio_libre_cs_meteorologos_tcm30-498798.pdf,text_extracted
2018,AEMET A1 Acceso Libre — Primer ejercicio,86,¿Cuál de las siguientes instituciones tiene la función de definir las orientaciones y prioridades políticas generales de la Unión Europea sin ejercer para ello función legislativa alguna?,El Parlamento Europeo.,El Consejo Europeo.,La Comisión Europea.,El Tribunal de Justicia de la Unión Europea.,B,official,https://www.miteco.gob.es/content/dam/miteco/es/ministerio/empleo-publico/personal-funcionario/cuestionario_primerejercicio_libre_cs_meteorologos_tcm30-498497.pdf,https://www.miteco.gob.es/content/dam/miteco/es/ministerio/empleo-publico/personal-funcionario/plantilla_definitiva_notas_1ejercicio_libre_cs_meteorologos_tcm30-498798.pdf,text_extracted
2018,AEMET A1 Acceso Libre — Primer ejercicio,87,¿Cuál de los siguientes actos jurídicos de la Unión Europea es vinculante en su integridad y de manera directa en cada Estado miembro?,Las Directivas,Las Decisiones,Los Dictámenes,Los Reglamentos,D,official,https://www.miteco.gob.es/content/dam/miteco/es/ministerio/empleo-publico/personal-funcionario/cuestionario_primerejercicio_libre_cs_meteorologos_tcm30-498497.pdf,https://www.miteco.gob.es/content/dam/miteco/es/ministerio/empleo-publico/personal-funcionario/plantilla_definitiva_notas_1ejercicio_libre_cs_meteorologos_tcm30-498798.pdf,text_extracted
2018,AEMET A1 Acceso Libre — Primer ejercicio,89,"Señale la afirmación correcta. Según la Ley 39/2015, de 1 de octubre, del Procedimiento Administrativo Común de las Administraciones Públicas, los expedientes administrativos:","Tendrán prioritariamente formato electrónico y, entre otros documentos, deberá constar copia electrónica certificada de la resolución adoptada.","Tendrán prioritariamente formato electrónico y si consta la resolución adoptada, esta será necesariamente en copia certificada.","Tenderán a tener formato electrónico, incluyendo la copia certificada de la resolución adoptada.","Tendrán obligatoriamente formato electrónico y, entre otros documentos, deberá constar copia electrónica certificada de la resolución adoptada.",D,official,https://www.miteco.gob.es/content/dam/miteco/es/ministerio/empleo-publico/personal-funcionario/cuestionario_primerejercicio_libre_cs_meteorologos_tcm30-498497.pdf,https://www.miteco.gob.es/content/dam/miteco/es/ministerio/empleo-publico/personal-funcionario/plantilla_definitiva_notas_1ejercicio_libre_cs_meteorologos_tcm30-498798.pdf,text_extracted
2018,AEMET A1 Acceso Libre — Primer ejercicio,90,"Señale la afirmación correcta. De acuerdo con la Ley 39/2015, de 1 de octubre, del Procedimiento Administrativo Común de las Administraciones Públicas, salvo que por Ley o en el Derecho de la Unión Europea se disponga otro cómputo, a efectos del cómputo de plazos:","Son hábiles todas las horas del día que formen parte de un día hábil; los sábados, domingos y festivos son días inhábiles.","Son hábiles todas las horas del día que formen parte de un día hábil, de lunes a sábado; los domingos y festivos son días inhábiles.","Solo son hábiles las horas del día que están abiertos los registros, de lunes a sábado; los domingos y festivos son días inhábiles.","Son hábiles todas las horas del día que formen parte de un día hábil; el primer sábado de cada mes es hábil; los restantes sábados, domingos y festivos son días inhábiles. 28 __________________________________________________________________________________________ Tribunal Calificador de las Pruebas Selectivas para el ingreso en el Cuerpo Superior de Meteorólogos del Estado (Resolución de 21 de marzo de 2019; BOE 76, de 29 de marzo) ______________________________________________________________________ PRIMER EJERCICIO (las respuestas ha de marcarlas en la Hoja de Examen) ___________________________________________________________________________________________",A,official,https://www.miteco.gob.es/content/dam/miteco/es/ministerio/empleo-publico/personal-funcionario/cuestionario_primerejercicio_libre_cs_meteorologos_tcm30-498497.pdf,https://www.miteco.gob.es/content/dam/miteco/es/ministerio/empleo-publico/personal-funcionario/plantilla_definitiva_notas_1ejercicio_libre_cs_meteorologos_tcm30-498798.pdf,text_extracted
2018,AEMET A1 Acceso Libre — Primer ejercicio,91,Señale la afirmación correcta. Las resoluciones administrativas de carácter particular no podrán vulnerar lo establecido en una disposición de carácter general:,Salvo que aquéllas procedan de un órgano de igual o superior jerarquía al que dictó la disposición general.,Aunque aquéllas procedan de un órgano de igual o superior jerarquía al que dictó la disposición general.,Salvo que aquéllas procedan de un órgano de superior jerarquía al que dictó la disposición general.,Salvo que el acto emane del Consejo de Ministros.,B,official,https://www.miteco.gob.es/content/dam/miteco/es/ministerio/empleo-publico/personal-funcionario/cuestionario_primerejercicio_libre_cs_meteorologos_tcm30-498497.pdf,https://www.miteco.gob.es/content/dam/miteco/es/ministerio/empleo-publico/personal-funcionario/plantilla_definitiva_notas_1ejercicio_libre_cs_meteorologos_tcm30-498798.pdf,text_extracted
2018,AEMET A1 Acceso Libre — Primer ejercicio,92,¿Contra la resolución de un recurso de alzada cabe algún recurso administrativo?,"Ninguno, ya que la resolución de los recursos de alzada ponen fin a la vía administrativa.","El recurso extraordinario de revisión en los supuestos establecidos en el artículo 125.1 de la Ley 39/2015, de 1 de octubre, del Procedimiento Administrativo Común de las Administraciones Públicas.","El recurso potestativo de reposición en los supuestos establecidos en el artículo 123.1 de la Ley 39/2015, de 1 de octubre, del Procedimiento Administrativo Común de las Administraciones Públicas.","El recurso extraordinario de reposición y el extraordinario de revisión. 29 __________________________________________________________________________________________ Tribunal Calificador de las Pruebas Selectivas para el ingreso en el Cuerpo Superior de Meteorólogos del Estado (Resolución de 21 de marzo de 2019; BOE 76, de 29 de marzo) ______________________________________________________________________ PRIMER EJERCICIO (las respuestas ha de marcarlas en la Hoja de Examen) ___________________________________________________________________________________________",B,official,https://www.miteco.gob.es/content/dam/miteco/es/ministerio/empleo-publico/personal-funcionario/cuestionario_primerejercicio_libre_cs_meteorologos_tcm30-498497.pdf,https://www.miteco.gob.es/content/dam/miteco/es/ministerio/empleo-publico/personal-funcionario/plantilla_definitiva_notas_1ejercicio_libre_cs_meteorologos_tcm30-498798.pdf,text_extracted
2018,AEMET A1 Acceso Libre — Primer ejercicio,93,"De acuerdo con la Ley 9/2017, de 8 de noviembre, de Contratos del Sector Público, por la que se transponen al ordenamiento jurídico español las Directivas del Parlamento Europeo y del Consejo 2014/23/UE y 2014/24/UE, de 26 de febrero de 2014, se consideran contratos menores aquellos cuyo valor estimado es:",Menor a 50.000 euros cuando se trate de contratos de obras o menor a 18.000 euros en el caso de otros contratos.,Menor a 40.000 euros cuando se trate de contratos de obras o menor a 15.000 euros para contratos de suministro o de servicios.,"Menor a 15.000 euros para contratos de obras, suministros y servicios.","En el caso de un procedimiento abierto simplificado, menor a 80.000 euros para un contrato de obras y de 35.000 euros cuando se trate de contratos de suministro o de servicios.",B,official,https://www.miteco.gob.es/content/dam/miteco/es/ministerio/empleo-publico/personal-funcionario/cuestionario_primerejercicio_libre_cs_meteorologos_tcm30-498497.pdf,https://www.miteco.gob.es/content/dam/miteco/es/ministerio/empleo-publico/personal-funcionario/plantilla_definitiva_notas_1ejercicio_libre_cs_meteorologos_tcm30-498798.pdf,text_extracted
2018,AEMET A1 Acceso Libre — Primer ejercicio,94,"Aunque el ciclo presupuestario está compuesto fundamentalmente por las fases de elaboración, aprobación y ejecución, se podría hablar de un cuarto aspecto, el control de la ejecución. ¿Quién ejerce las competencias de control interno?",El Senado a través de su posición privilegiada para realizar enmiendas a la totalidad o a parte de los Presupuestos.,La Intervención General de la Administración del Estado.,El Tribunal de Cuentas.,"El Ministerio de Hacienda. 30 __________________________________________________________________________________________ Tribunal Calificador de las Pruebas Selectivas para el ingreso en el Cuerpo Superior de Meteorólogos del Estado (Resolución de 21 de marzo de 2019; BOE 76, de 29 de marzo) ______________________________________________________________________ PRIMER EJERCICIO (las respuestas ha de marcarlas en la Hoja de Examen) ___________________________________________________________________________________________",B,official,https://www.miteco.gob.es/content/dam/miteco/es/ministerio/empleo-publico/personal-funcionario/cuestionario_primerejercicio_libre_cs_meteorologos_tcm30-498497.pdf,https://www.miteco.gob.es/content/dam/miteco/es/ministerio/empleo-publico/personal-funcionario/plantilla_definitiva_notas_1ejercicio_libre_cs_meteorologos_tcm30-498798.pdf,text_extracted
2018,AEMET A1 Acceso Libre — Primer ejercicio,95,"De acuerdo con el Estatuto de la Agencia Estatal de Meteorología, ¿cómo se define su estructura?",Existirá una sede institucional territorial en cada una de las Comunidades Autónomas y una sede central en Madrid.,"Existirá una Delegación de la Agencia en cada una de las provincias, a la que se adscribirán las oficinas, observatorios y demás dependencias en dicho ámbito, y una sede institucional en Madrid.","Existirá una Delegación de la Agencia en cada una de las Comunidades Autónomas, a la que se adscribirán las oficinas, observatorios y demás dependencias en dicho ámbito, y una sede institucional en Madrid.","Existirá una Delegación de la Agencia en cada una de las Comunidades Autónomas y una sede institucional en Madrid, a la que se adscribirán las oficinas, observatorios y demás dependencias territoriales.",C,official,https://www.miteco.gob.es/content/dam/miteco/es/ministerio/empleo-publico/personal-funcionario/cuestionario_primerejercicio_libre_cs_meteorologos_tcm30-498497.pdf,https://www.miteco.gob.es/content/dam/miteco/es/ministerio/empleo-publico/personal-funcionario/plantilla_definitiva_notas_1ejercicio_libre_cs_meteorologos_tcm30-498798.pdf,text_extracted
2018,AEMET A1 Acceso Libre — Primer ejercicio,96,¿Cuál de las siguientes actividades no se encomienda de manera directa a la Agencia Estatal de Meteorología en su Estatuto?,La emisión de avisos y predicciones de fenómenos meteorológicos que puedan afectar a la seguridad de las personas y a los bienes materiales.,El mantenimiento y permanente actualización del registro histórico de datos meteorológicos y climatológicos.,La elaboración y actualización de los escenarios de contaminación ambiental.,"La provisión de servicios meteorológicos de apoyo a la navegación aérea y marítima. 31 __________________________________________________________________________________________ Tribunal Calificador de las Pruebas Selectivas para el ingreso en el Cuerpo Superior de Meteorólogos del Estado (Resolución de 21 de marzo de 2019; BOE 76, de 29 de marzo) ______________________________________________________________________ PRIMER EJERCICIO (las respuestas ha de marcarlas en la Hoja de Examen) ___________________________________________________________________________________________",C,official,https://www.miteco.gob.es/content/dam/miteco/es/ministerio/empleo-publico/personal-funcionario/cuestionario_primerejercicio_libre_cs_meteorologos_tcm30-498497.pdf,https://www.miteco.gob.es/content/dam/miteco/es/ministerio/empleo-publico/personal-funcionario/plantilla_definitiva_notas_1ejercicio_libre_cs_meteorologos_tcm30-498798.pdf,text_extracted
2018,AEMET A1 Acceso Libre — Primer ejercicio,97,Señale la afirmación correcta en relación con el ejercicio de acceso a la información pública:,"El solicitante no está obligado a motivar su solicitud de acceso a la información, si bien podrá exponer los motivos por los que solicita la información.",La ausencia de motivación será por si sola causa de rechazo de la solicitud.,La ausencia de motivación será causa de rechazo de la solicitud si se dirige al titular del órgano administrativo o entidad que posea la información.,No cabe la posibilidad de motivar la solicitud de acceso a la información.,A,official,https://www.miteco.gob.es/content/dam/miteco/es/ministerio/empleo-publico/personal-funcionario/cuestionario_primerejercicio_libre_cs_meteorologos_tcm30-498497.pdf,https://www.miteco.gob.es/content/dam/miteco/es/ministerio/empleo-publico/personal-funcionario/plantilla_definitiva_notas_1ejercicio_libre_cs_meteorologos_tcm30-498798.pdf,text_extracted
2018,AEMET A1 Acceso Libre — Primer ejercicio,98,"Señale cuál de los siguientes principios técnicos que rigen la actuación del Portal de Transparencia no se contempla en el artículo 11 de la Ley 19/2013, de 9 de diciembre, de transparencia, acceso a la información y buen gobierno:",Accesibilidad,Interoperabilidad,Reutilización,Integridad,D,official,https://www.miteco.gob.es/content/dam/miteco/es/ministerio/empleo-publico/personal-funcionario/cuestionario_primerejercicio_libre_cs_meteorologos_tcm30-498497.pdf,https://www.miteco.gob.es/content/dam/miteco/es/ministerio/empleo-publico/personal-funcionario/plantilla_definitiva_notas_1ejercicio_libre_cs_meteorologos_tcm30-498798.pdf,text_extracted
2018,AEMET A1 Acceso Libre — Primer ejercicio,99,"A efectos de la Ley Orgánica 3/2007, de 22 de marzo, para la igualdad efectiva de mujeres y hombres, ¿qué se entiende por composición equilibrada?","La presencia de mujeres y hombres de forma que, en el conjunto a que se refiera, las personas de cada sexo representen el 50%","La presencia de mujeres y hombres de forma que, en el conjunto a que se refiera, las personas de cada sexo no superen el 60% ni sean menos del 40%","La presencia de mujeres, en el conjunto a que se refiera, no podrá ser inferior al 50%","La presencia de mujeres y hombres de forma que, en el conjunto a que se refiera, las personas de cada sexo no superen el 55% ni sean menos del 45% 32 __________________________________________________________________________________________ Tribunal Calificador de las Pruebas Selectivas para el ingreso en el Cuerpo Superior de Meteorólogos del Estado (Resolución de 21 de marzo de 2019; BOE 76, de 29 de marzo) ______________________________________________________________________ PRIMER EJERCICIO (las respuestas ha de marcarlas en la Hoja de Examen) ___________________________________________________________________________________________",B,official,https://www.miteco.gob.es/content/dam/miteco/es/ministerio/empleo-publico/personal-funcionario/cuestionario_primerejercicio_libre_cs_meteorologos_tcm30-498497.pdf,https://www.miteco.gob.es/content/dam/miteco/es/ministerio/empleo-publico/personal-funcionario/plantilla_definitiva_notas_1ejercicio_libre_cs_meteorologos_tcm30-498798.pdf,text_extracted
2018,AEMET A1 Acceso Libre — Primer ejercicio,100,"Según la Ley Orgánica 3/2007, de 22 de marzo, para la igualdad efectiva de mujeres y hombres, la elaboración e implantación de Planes de Igualdad en las empresas:","Es voluntario para todas las empresas, con independencia del número de trabajadores, salvo que lo establezca el convenio colectivo.","Es voluntario para las empresas de menos de 100 trabajadores en plantilla, salvo que lo establezca el convenio colectivo.","Es obligatorio para las empresas de 50 o más trabajadores, en todo caso.","Es obligatorio para todas las empresas, con independencia del número de trabajadores, salvo que el convenio colectivo exonere a las empresas de esa obligación. 33 __________________________________________________________________________________________",C,official,https://www.miteco.gob.es/content/dam/miteco/es/ministerio/empleo-publico/personal-funcionario/cuestionario_primerejercicio_libre_cs_meteorologos_tcm30-498497.pdf,https://www.miteco.gob.es/content/dam/miteco/es/ministerio/empleo-publico/personal-funcionario/plantilla_definitiva_notas_1ejercicio_libre_cs_meteorologos_tcm30-498798.pdf,text_extracted
